,CustomerID,Count,Country,State,City,Zip Code,Lat Long,Latitude,Longitude,Gender,Senior Citizen,Partner,Dependents,Tenure Months,Phone Service,Multiple Lines,Internet Service,Online Security,Online Backup,Device Protection,Tech Support,Streaming TV,Streaming Movies,Contract,Paperless Billing,Payment Method,Monthly Charges,Total Charges,Churn Label,Churn Value,Churn Score,CLTV,Churn Reason,churn_probability,cluster_id,cluster_name,top_churn_reason
1514,9840-DVNDC,1,United States,California,Lancaster,93536,"34.741406, -118.38111",34.741406,-118.38111,Male,No,No,No,6,Yes,No,Fiber optic,No,No,No,No,Yes,No,Month-to-month,Yes,Credit card (automatic),80.5,463.05,Yes,1,96,2181,Attitude of support person,0.9998317,0,Churn Value,
236,4750-ZRXIU,1,United States,California,Palo Alto,94304,"37.386978, -122.177746",37.386978,-122.177746,Female,Yes,No,No,4,Yes,Yes,Fiber optic,No,No,No,No,No,Yes,Month-to-month,Yes,Electronic check,84.6,360.1,Yes,1,83,2467,Lack of self-service on Website,0.9998317,0,Churn Value,
713,1143-NMNQJ,1,United States,California,Boulder Creek,95006,"37.171727, -122.142961",37.171727,-122.142961,Female,No,No,No,2,Yes,Yes,Fiber optic,No,No,No,No,No,Yes,Month-to-month,Yes,Electronic check,85.7,169.8,Yes,1,95,2187,Attitude of service provider,0.9998317,0,Churn Value,
964,3716-BDVDB,1,United States,California,San Diego,92130,"32.957195, -117.202542",32.957195,-117.202542,Male,No,No,No,1,Yes,No,Fiber optic,No,No,No,No,No,No,Month-to-month,Yes,Electronic check,69.1,69.1,Yes,1,82,5795,Competitor had better devices,0.9998317,0,Churn Value,
370,5419-CONWX,1,United States,California,Pleasant Grove,95668,"38.833554, -121.498102",38.833554,-121.498102,Female,Yes,No,No,4,Yes,No,Fiber optic,No,Yes,Yes,No,Yes,Yes,Month-to-month,Yes,Credit card (automatic),99.8,442.85,Yes,1,89,2268,Competitor offered more data,0.9998317,1,Churn Value,
731,6023-YEBUP,1,United States,California,Stockton,95210,"38.033219, -121.297433",38.033219,-121.297433,Male,No,No,No,3,Yes,Yes,Fiber optic,No,No,Yes,No,Yes,Yes,Month-to-month,Yes,Electronic check,100.95,329.95,Yes,1,81,5351,Competitor offered higher download speeds,0.9998317,0,Churn Value,
1044,4587-VVTOX,1,United States,California,Frazier Park,93222,"34.907911, -119.234281",34.907911,-119.234281,Female,No,Yes,No,6,Yes,Yes,Fiber optic,No,Yes,Yes,No,Yes,Yes,Month-to-month,Yes,Electronic check,105.3,545.2,Yes,1,90,4163,Competitor offered more data,0.9998317,1,Churn Value,
1756,9248-OJYKK,1,United States,California,Los Angeles,90017,"34.052842, -118.264495",34.052842,-118.264495,Male,Yes,No,No,1,Yes,Yes,Fiber optic,No,No,No,No,No,No,Month-to-month,Yes,Electronic check,76.45,76.45,Yes,1,95,3763,Competitor offered higher download speeds,0.9998317,0,Churn Value,
464,8380-PEFPE,1,United States,California,Avalon,90704,"33.391181, -118.421305",33.391181,-118.421305,Male,No,No,No,1,Yes,No,Fiber optic,No,No,No,No,No,No,Month-to-month,Yes,Electronic check,71.65,71.65,Yes,1,93,2377,Attitude of support person,0.9998317,0,Churn Value,
799,0876-WDUUZ,1,United States,California,Pine Grove,95665,"38.400264, -120.641274",38.400264,-120.641274,Female,No,No,No,5,Yes,No,Fiber optic,No,No,No,Yes,No,Yes,Month-to-month,Yes,Credit card (automatic),85.4,425.9,Yes,1,90,3716,Long distance charges,0.9998317,0,Churn Value,
1323,4713-LZDRV,1,United States,California,Malibu,90263,"34.037037, -118.705803",34.037037,-118.705803,Female,Yes,No,No,2,Yes,No,Fiber optic,No,No,No,No,No,Yes,Month-to-month,Yes,Electronic check,79.6,195.05,Yes,1,94,4322,Long distance charges,0.9998317,0,Churn Value,
1337,8258-GSTJK,1,United States,California,San Pedro,90732,"33.744119, -118.31448",33.744119,-118.31448,Male,Yes,No,No,3,Yes,Yes,Fiber optic,No,No,No,No,No,No,Month-to-month,Yes,Electronic check,77.0,237.75,Yes,1,96,3128,Attitude of service provider,0.9998317,0,Churn Value,
1354,6000-APYLU,1,United States,California,Valencia,91355,"34.43987, -118.644609",34.43987,-118.644609,Male,No,No,No,9,Yes,No,Fiber optic,No,No,No,No,No,Yes,Month-to-month,Yes,Electronic check,80.8,713.1,Yes,1,90,3890,Competitor offered more data,0.9998317,0,Churn Value,
1580,1522-VVDMG,1,United States,California,Oakland,94611,"37.828416, -122.216005",37.828416,-122.216005,Male,No,Yes,No,7,Yes,No,Fiber optic,No,Yes,No,Yes,Yes,No,Month-to-month,Yes,Electronic check,89.75,608.8,Yes,1,90,3807,Poor expertise of online support,0.9998317,1,Churn Value,
732,7209-JCUDS,1,United States,California,Stockton,95212,"38.049457, -121.21653",38.049457,-121.21653,Male,No,No,No,10,Yes,No,Fiber optic,No,No,Yes,No,Yes,Yes,Month-to-month,Yes,Electronic check,94.9,1048.85,Yes,1,83,2832,Competitor offered higher download speeds,0.9998317,0,Churn Value,
1782,6230-BSUXY,1,United States,California,Paramount,90723,"33.897122, -118.164432",33.897122,-118.164432,Female,Yes,No,No,1,Yes,No,Fiber optic,No,No,Yes,No,No,Yes,Month-to-month,Yes,Electronic check,85.0,85.0,Yes,1,93,2650,Network reliability,0.9998317,0,Churn Value,
826,2919-HBCJO,1,United States,California,Downieville,95936,"39.578792, -120.780786",39.578792,-120.780786,Female,No,No,No,4,Yes,No,Fiber optic,No,Yes,No,No,No,No,Month-to-month,Yes,Bank transfer (automatic),76.65,333.6,Yes,1,97,4580,Moved,0.9998317,0,Churn Value,
619,0235-KGSLC,1,United States,California,Buellton,93427,"34.631362, -120.238218",34.631362,-120.238218,Female,No,No,No,1,Yes,No,Fiber optic,No,No,Yes,No,Yes,No,Month-to-month,Yes,Credit card (automatic),85.55,85.55,Yes,1,86,3967,Moved,0.9998317,0,Churn Value,
1404,4919-IKATY,1,United States,California,Joshua Tree,92252,"34.167236, -116.281511",34.167236,-116.281511,Male,No,Yes,No,5,Yes,Yes,Fiber optic,Yes,No,Yes,No,No,No,Month-to-month,Yes,Electronic check,84.5,453.75,Yes,1,98,5141,Don't know,0.9998317,0,Churn Value,
1092,4229-CZMLL,1,United States,California,Salinas,93901,"36.64152, -121.622188",36.64152,-121.622188,Male,No,No,No,6,Yes,Yes,Fiber optic,No,No,No,No,No,No,Month-to-month,Yes,Electronic check,74.9,469.8,Yes,1,87,4160,Service dissatisfaction,0.9998317,0,Churn Value,
1510,5196-SGOAK,1,United States,California,Caliente,93518,"35.358953, -118.527064",35.358953,-118.527064,Female,No,No,No,1,Yes,No,Fiber optic,No,Yes,No,No,No,No,Month-to-month,Yes,Electronic check,75.7,75.7,Yes,1,93,4884,Attitude of support person,0.9998317,0,Churn Value,
574,8699-ASUFO,1,United States,California,Nuevo,92567,"33.82769, -117.102244",33.82769,-117.102244,Male,Yes,Yes,No,7,Yes,Yes,Fiber optic,No,No,No,No,No,No,Month-to-month,Yes,Mailed check,74.4,527.9,Yes,1,96,4969,Attitude of service provider,0.9998317,0,Churn Value,
98,5167-ZFFMM,1,United States,California,Indio,92201,"33.713891, -116.237257",33.713891,-116.237257,Male,No,No,No,1,Yes,Yes,Fiber optic,No,Yes,No,No,No,Yes,Month-to-month,Yes,Credit card (automatic),90.85,90.85,Yes,1,81,3424,Network reliability,0.9998317,0,Churn Value,
1272,3721-CNEYS,1,United States,California,Douglas City,96024,"40.586588, -122.903677",40.586588,-122.903677,Female,No,No,No,2,Yes,No,Fiber optic,No,No,No,No,No,No,Month-to-month,Yes,Electronic check,70.95,137.95,Yes,1,94,5390,Poor expertise of phone support,0.9998317,0,Churn Value,
758,0679-IDSTG,1,United States,California,Branscomb,95417,"39.710591, -123.682799",39.710591,-123.682799,Female,Yes,Yes,No,1,Yes,No,Fiber optic,No,No,No,No,No,No,Month-to-month,Yes,Electronic check,69.25,69.25,Yes,1,87,4568,Price too high,0.9998317,0,Churn Value,
1497,3244-DCJWY,1,United States,California,Bakersfield,93312,"35.392599, -119.245341",35.392599,-119.245341,Female,No,No,No,1,Yes,No,Fiber optic,No,No,No,No,No,No,Month-to-month,Yes,Electronic check,70.25,70.25,Yes,1,89,4133,Attitude of support person,0.9998317,0,Churn Value,
1311,7912-SYRQT,1,United States,California,Los Angeles,90042,"34.11572, -118.192754",34.11572,-118.192754,Female,No,No,No,7,Yes,Yes,Fiber optic,No,No,No,No,No,No,Month-to-month,Yes,Bank transfer (automatic),75.1,552.95,Yes,1,96,5514,Competitor offered more data,0.9998317,0,Churn Value,
453,8375-DKEBR,1,United States,California,Hermosa Beach,90254,"33.86532, -118.396336",33.86532,-118.396336,Female,Yes,No,No,1,Yes,No,Fiber optic,No,No,No,No,No,No,Month-to-month,Yes,Electronic check,69.6,69.6,Yes,1,96,3438,Attitude of support person,0.9998317,0,Churn Value,
380,0506-LVNGN,1,United States,California,Rancho Cordova,95742,"38.591134, -121.161585",38.591134,-121.161585,Female,Yes,No,No,5,Yes,No,Fiber optic,No,No,Yes,No,No,No,Month-to-month,Yes,Credit card (automatic),75.55,349.65,Yes,1,97,4028,Competitor offered higher download speeds,0.9998317,0,Churn Value,
456,9804-ICWBG,1,United States,California,Pacific Palisades,90272,"34.079449, -118.548306",34.079449,-118.548306,Male,No,No,No,1,Yes,No,Fiber optic,No,No,No,No,No,No,Month-to-month,Yes,Electronic check,69.9,69.9,Yes,1,88,3349,Attitude of support person,0.9998317,0,Churn Value,
282,0655-RBDUG,1,United States,California,Alviso,95002,"37.449537, -121.994813",37.449537,-121.994813,Male,No,No,No,7,Yes,Yes,Fiber optic,No,No,Yes,No,Yes,Yes,Month-to-month,Yes,Bank transfer (automatic),98.05,713.0,Yes,1,86,2561,Competitor offered more data,0.9998317,1,Churn Value,
684,6861-XWTWQ,1,United States,California,Napa,94559,"38.232389, -122.324944",38.232389,-122.324944,Male,Yes,Yes,No,7,Yes,Yes,Fiber optic,No,No,Yes,No,Yes,Yes,Month-to-month,Yes,Electronic check,99.25,665.45,Yes,1,90,2487,Lack of self-service on Website,0.9998317,0,Churn Value,
162,9576-ANLXO,1,United States,California,Earlimart,93219,"35.858054, -119.305858",35.858054,-119.305858,Female,No,No,No,3,Yes,No,Fiber optic,No,No,No,No,No,No,Month-to-month,Yes,Bank transfer (automatic),69.55,222.3,Yes,1,87,2876,Competitor offered higher download speeds,0.9998317,0,Churn Value,
571,5159-YFPKQ,1,United States,California,Moreno Valley,92551,"33.88274, -117.224878",33.88274,-117.224878,Female,No,No,No,2,Yes,No,Fiber optic,No,No,Yes,No,No,No,Month-to-month,Yes,Electronic check,75.8,160.75,Yes,1,98,5270,Attitude of support person,0.9998317,0,Churn Value,
652,3707-GNWHM,1,United States,California,Carmel Valley,93924,"36.414611, -121.6386",36.414611,-121.6386,Male,No,No,No,1,Yes,Yes,Fiber optic,No,No,No,No,No,No,Month-to-month,Yes,Mailed check,74.25,74.25,Yes,1,93,4750,Don't know,0.9998317,0,Churn Value,
1203,1069-XAIEM,1,United States,California,Mendocino,95460,"39.305545, -123.743697",39.305545,-123.743697,Female,Yes,No,No,1,Yes,Yes,Fiber optic,No,No,No,No,No,Yes,Month-to-month,Yes,Electronic check,85.05,85.05,Yes,1,96,2975,Competitor had better devices,0.9998317,0,Churn Value,
1534,3422-LYEPQ,1,United States,California,Carmel By The Sea,93921,"36.554618, -121.922239",36.554618,-121.922239,Male,No,Yes,No,1,Yes,No,Fiber optic,No,No,No,No,No,No,Month-to-month,Yes,Electronic check,71.0,71.0,Yes,1,89,4207,Attitude of support person,0.9998317,0,Churn Value,
418,2761-OCIAX,1,United States,California,Palo Cedro,96073,"40.582399, -122.195512",40.582399,-122.195512,Male,Yes,No,No,2,Yes,No,Fiber optic,No,Yes,No,No,No,No,Month-to-month,Yes,Electronic check,74.7,165.4,Yes,1,81,2803,Competitor made better offer,0.9998317,0,Churn Value,
1139,7130-VTEWQ,1,United States,California,San Rafael,94903,"38.018065, -122.546024",38.018065,-122.546024,Female,Yes,No,No,8,Yes,Yes,Fiber optic,No,No,No,No,No,No,Month-to-month,Yes,Electronic check,75.75,606.25,Yes,1,92,4174,Competitor offered more data,0.9998317,0,Churn Value,
1859,1980-KXVPM,1,United States,California,El Centro,92243,"32.770393, -115.60915",32.770393,-115.60915,Female,Yes,No,No,3,Yes,Yes,Fiber optic,No,No,No,No,No,No,Month-to-month,Yes,Credit card (automatic),75.05,256.25,Yes,1,83,3553,Competitor offered higher download speeds,0.9998317,0,Churn Value,
1213,1853-UDXBW,1,United States,California,Samoa,95564,"40.809636, -124.189977",40.809636,-124.189977,Male,No,Yes,No,1,Yes,No,Fiber optic,No,No,No,No,No,No,Month-to-month,Yes,Electronic check,70.0,70.0,Yes,1,85,2485,Price too high,0.9998317,0,Churn Value,
579,2514-GINMM,1,United States,California,Dana Point,92629,"33.477923, -117.705314",33.477923,-117.705314,Male,No,No,No,1,Yes,No,Fiber optic,No,No,No,No,Yes,No,Month-to-month,Yes,Electronic check,79.5,79.5,Yes,1,92,4490,Attitude of service provider,0.9998317,0,Churn Value,
375,5357-TZHPP,1,United States,California,Wheatland,95692,"39.043387, -121.409837",39.043387,-121.409837,Male,Yes,No,No,9,Yes,Yes,Fiber optic,No,No,No,No,No,Yes,Month-to-month,Yes,Credit card (automatic),84.4,732.5,Yes,1,83,5745,Competitor offered higher download speeds,0.9998317,0,Churn Value,
590,7181-BQYBV,1,United States,California,Garden Grove,92845,"33.782955, -118.026456",33.782955,-118.026456,Female,No,Yes,No,1,Yes,Yes,Fiber optic,Yes,No,Yes,No,Yes,Yes,Month-to-month,Yes,Electronic check,102.45,102.45,Yes,1,85,4811,Attitude of service provider,0.9998317,0,Churn Value,
158,0970-ETWGE,1,United States,California,Bodfish,93205,"35.523991, -118.400432",35.523991,-118.400432,Male,No,No,No,1,Yes,No,Fiber optic,No,No,No,No,Yes,Yes,Month-to-month,Yes,Electronic check,89.55,89.55,Yes,1,99,4996,Competitor had better devices,0.9998317,0,Churn Value,
1387,8821-XNHVZ,1,United States,California,Solana Beach,92075,"33.001813, -117.263628",33.001813,-117.263628,Female,No,Yes,No,1,Yes,No,Fiber optic,No,No,No,No,Yes,No,Month-to-month,Yes,Mailed check,80.05,80.05,Yes,1,82,2943,Competitor offered more data,0.9998317,0,Churn Value,
1459,9611-CTWIH,1,United States,California,Garden Grove,92841,"33.786738, -117.982564",33.786738,-117.982564,Female,No,No,No,3,Yes,No,Fiber optic,No,No,No,No,Yes,Yes,Month-to-month,Yes,Electronic check,89.45,240.45,Yes,1,84,3591,Competitor made better offer,0.9998317,0,Churn Value,
1416,5376-DEQCP,1,United States,California,Barstow,92311,"34.965648, -117.001509",34.965648,-117.001509,Female,No,No,No,1,Yes,No,Fiber optic,No,No,No,No,No,No,Month-to-month,Yes,Electronic check,70.6,70.6,Yes,1,85,4063,Competitor offered more data,0.9998317,0,Churn Value,
1727,7235-NXZCP,1,United States,California,Hornbrook,96044,"41.962127, -122.527696",41.962127,-122.527696,Male,Yes,No,No,2,Yes,Yes,Fiber optic,No,No,No,No,No,No,Month-to-month,Yes,Mailed check,74.85,156.4,Yes,1,84,5378,Competitor made better offer,0.9998317,0,Churn Value,
1665,2754-XBHTB,1,United States,California,Amador City,95601,"38.431407, -120.8421",38.431407,-120.8421,Female,No,No,No,9,Yes,No,Fiber optic,No,No,No,No,Yes,No,Month-to-month,Yes,Bank transfer (automatic),77.65,714.15,Yes,1,96,3847,Competitor made better offer,0.9998317,0,Churn Value,
1028,6372-RFVNS,1,United States,California,Placentia,92870,"33.881158, -117.854783",33.881158,-117.854783,Female,No,Yes,No,1,Yes,No,Fiber optic,No,No,No,No,Yes,No,Month-to-month,No,Electronic check,78.8,78.8,Yes,1,87,5075,Attitude of service provider,0.9998292,0,Churn Value,
1853,3585-ISXZP,1,United States,California,Indio,92201,"33.713891, -116.237257",33.713891,-116.237257,Female,No,No,No,8,Yes,Yes,Fiber optic,No,No,No,No,Yes,Yes,Month-to-month,No,Bank transfer (automatic),95.65,778.1,Yes,1,95,5335,Attitude of support person,0.9998292,0,Churn Value,
719,6857-VWJDT,1,United States,California,Santa Cruz,95060,"36.993451, -122.098858",36.993451,-122.098858,Female,No,No,No,1,Yes,Yes,Fiber optic,No,No,No,No,Yes,Yes,Month-to-month,No,Mailed check,95.65,95.65,Yes,1,87,3473,Attitude of service provider,0.9998292,0,Churn Value,
144,3627-FHKBK,1,United States,California,Anaheim,92806,"33.83796, -117.870494",33.83796,-117.870494,Female,No,No,No,1,Yes,No,Fiber optic,Yes,No,No,No,No,No,Month-to-month,No,Mailed check,75.3,75.3,Yes,1,87,3244,Competitor had better devices,0.9998292,0,Churn Value,
1774,8676-TRMJS,1,United States,California,Torrance,90504,"33.867257, -118.330794",33.867257,-118.330794,Male,No,No,No,3,Yes,Yes,Fiber optic,No,No,No,No,No,No,Month-to-month,No,Mailed check,75.0,209.1,Yes,1,88,3190,Limited range of services,0.9998292,0,Churn Value,
404,0330-IVZHA,1,United States,California,Anderson,96007,"40.448632, -122.306657",40.448632,-122.306657,Female,No,Yes,No,5,Yes,No,Fiber optic,No,No,No,No,No,No,Month-to-month,No,Electronic check,69.95,330.15,Yes,1,81,2969,Attitude of service provider,0.9998292,0,Churn Value,
1220,7571-YXDAD,1,United States,California,Davis,95618,"38.544002, -121.685559",38.544002,-121.685559,Female,No,No,No,2,Yes,Yes,Fiber optic,No,No,No,No,No,No,Month-to-month,No,Credit card (automatic),74.9,147.15,Yes,1,93,2078,Long distance charges,0.9998292,0,Churn Value,
238,6680-WKXRZ,1,United States,California,Antioch,94509,"37.980057, -121.801599",37.980057,-121.801599,Female,No,No,No,3,Yes,Yes,Fiber optic,No,No,No,No,No,No,Month-to-month,No,Bank transfer (automatic),74.4,215.8,Yes,1,97,2054,Don't know,0.9998292,0,Churn Value,
224,3908-BLSYF,1,United States,California,Los Altos,94024,"37.352911, -122.093002",37.352911,-122.093002,Female,No,No,No,6,Yes,No,Fiber optic,No,No,Yes,No,No,Yes,Month-to-month,No,Electronic check,83.9,497.55,Yes,1,97,3962,Price too high,0.9998292,0,Churn Value,
462,7198-GLXTC,1,United States,California,La Palma,90623,"33.850504, -118.039892",33.850504,-118.039892,Male,No,No,No,2,Yes,No,Fiber optic,No,No,No,No,Yes,No,Month-to-month,No,Electronic check,79.0,143.65,Yes,1,92,5239,Attitude of support person,0.9998292,0,Churn Value,
1635,2867-UIMSS,1,United States,California,Vernalis,95385,"37.609095, -121.263381",37.609095,-121.263381,Male,No,No,No,1,Yes,No,Fiber optic,No,No,No,No,No,Yes,Month-to-month,No,Electronic check,80.5,80.5,Yes,1,85,2734,Product dissatisfaction,0.9998292,0,Churn Value,
172,1448-PWKYE,1,United States,California,Shafter,93263,"35.490705, -119.286833",35.490705,-119.286833,Male,No,Yes,No,1,Yes,No,Fiber optic,No,No,No,No,No,Yes,Month-to-month,No,Electronic check,80.0,80.0,Yes,1,88,2046,Competitor had better devices,0.9998292,0,Churn Value,
1776,0685-MLYYM,1,United States,California,Buena Park,90620,"33.845706, -118.012204",33.845706,-118.012204,Female,Yes,No,No,2,Yes,No,Fiber optic,No,No,No,No,No,No,Month-to-month,No,Electronic check,70.75,154.85,Yes,1,96,4407,Long distance charges,0.9998292,0,Churn Value,
1546,4512-ZUIYL,1,United States,California,Sunnyvale,94089,"37.421633, -122.009613",37.421633,-122.009613,Female,No,No,No,2,Yes,No,Fiber optic,No,No,No,No,No,No,Month-to-month,No,Bank transfer (automatic),70.0,153.05,Yes,1,81,2928,Moved,0.9998292,0,Churn Value,
1422,5228-EXCET,1,United States,California,Newberry Springs,92365,"34.89326, -116.505958",34.89326,-116.505958,Male,No,No,No,13,Yes,No,Fiber optic,No,No,No,No,No,Yes,Month-to-month,Yes,Electronic check,80.85,1008.7,Yes,1,85,5964,Lack of self-service on Website,0.99982846,0,Churn Value,
387,9283-LZQOH,1,United States,California,Antelope,95843,"38.715498, -121.363411",38.715498,-121.363411,Male,No,Yes,No,13,Yes,Yes,Fiber optic,No,No,No,No,No,No,Month-to-month,Yes,Credit card (automatic),74.4,896.75,Yes,1,89,3687,Competitor made better offer,0.99982846,0,Churn Value,
422,4154-AQUGT,1,United States,California,Vina,96092,"39.955164, -122.018567",39.955164,-122.018567,Male,Yes,Yes,No,13,Yes,No,Fiber optic,No,Yes,No,Yes,No,Yes,Month-to-month,Yes,Bank transfer (automatic),89.05,1169.35,Yes,1,82,3861,Competitor made better offer,0.99982846,1,Churn Value,
1808,2025-JKFWI,1,United States,California,Burbank,91501,"34.188339, -118.300942",34.188339,-118.300942,Male,No,No,No,13,Yes,Yes,Fiber optic,No,No,No,Yes,Yes,Yes,Month-to-month,Yes,Mailed check,99.0,1301.7,Yes,1,81,3493,Lack of affordable download/upload speed,0.9998274,1,Churn Value,
607,2027-FECZV,1,United States,California,Bodfish,93205,"35.523991, -118.400432",35.523991,-118.400432,Male,No,No,No,12,Yes,Yes,Fiber optic,No,Yes,Yes,No,Yes,Yes,Month-to-month,Yes,Electronic check,106.7,1253.9,Yes,1,92,2406,Attitude of support person,0.9998274,1,Churn Value,
662,0952-KMEEH,1,United States,California,Mountain View,94043,"37.419725, -122.062947",37.419725,-122.062947,Male,No,No,No,13,Yes,Yes,Fiber optic,Yes,No,No,No,Yes,Yes,Month-to-month,No,Mailed check,98.15,1230.25,Yes,1,98,5525,Long distance charges,0.9998241,1,Churn Value,
637,9221-OTIVJ,1,United States,California,Dunlap,93621,"36.789213, -119.140338",36.789213,-119.140338,Female,Yes,No,No,14,Yes,Yes,Fiber optic,No,Yes,Yes,No,Yes,Yes,Month-to-month,Yes,Electronic check,104.85,1531.4,Yes,1,86,2292,Product dissatisfaction,0.9998233,1,Churn Value,
268,1236-WFCDV,1,United States,California,Greenbrae,94904,"37.946617, -122.563571",37.946617,-122.563571,Male,Yes,No,No,14,Yes,No,Fiber optic,No,No,No,No,Yes,Yes,Month-to-month,No,Credit card (automatic),90.45,1266.1,Yes,1,96,4777,Competitor offered more data,0.9998198,1,Churn Value,
495,6770-XUAGN,1,United States,California,North Hollywood,91605,"34.207295, -118.400022",34.207295,-118.400022,Female,No,Yes,No,1,Yes,No,No,No internet service,No internet service,No internet service,No internet service,No internet service,No internet service,Month-to-month,Yes,Electronic check,21.0,21.0,Yes,1,90,3753,Attitude of support person,0.99981683,0,Churn Value,
881,3658-KIBGF,1,United States,California,Los Angeles,90068,"34.137411, -118.328915",34.137411,-118.328915,Female,No,No,No,1,Yes,No,DSL,Yes,Yes,No,No,No,No,Month-to-month,Yes,Electronic check,54.9,54.9,Yes,1,89,2833,Network reliability,0.9998167,0,Churn Value,
63,7273-TEFQD,1,United States,California,La Puente,91746,"34.038983, -117.991372",34.038983,-117.991372,Male,Yes,No,No,3,No,No phone service,DSL,No,No,Yes,No,No,Yes,Month-to-month,Yes,Electronic check,41.15,132.2,Yes,1,96,2314,Long distance charges,0.9998167,0,Churn Value,
406,4237-RLAQD,1,United States,California,Callahan,96014,"41.388397, -122.794636",41.388397,-122.794636,Male,No,No,No,1,Yes,No,DSL,No,No,No,No,No,No,Month-to-month,Yes,Mailed check,45.85,45.85,Yes,1,94,5930,Attitude of support person,0.9998167,0,Churn Value,
47,1024-GUALD,1,United States,California,Glendale,91207,"34.182378, -118.262922",34.182378,-118.262922,Female,No,Yes,No,1,No,No phone service,DSL,No,No,No,No,No,No,Month-to-month,Yes,Electronic check,24.8,24.8,Yes,1,94,4851,Product dissatisfaction,0.9998167,0,Churn Value,
915,7587-RZNME,1,United States,California,Valencia,91355,"34.43987, -118.644609",34.43987,-118.644609,Male,No,No,No,3,Yes,No,DSL,No,No,No,No,No,No,Month-to-month,Yes,Electronic check,43.3,123.65,Yes,1,91,4849,Lack of affordable download/upload speed,0.9998167,0,Churn Value,
1262,9732-KPKBW,1,United States,California,Oroville,95966,"39.473896, -121.415927",39.473896,-121.415927,Male,No,No,No,1,Yes,No,DSL,Yes,No,No,Yes,No,No,Month-to-month,Yes,Electronic check,53.95,53.95,Yes,1,90,2771,Extra data charges,0.9998167,0,Churn Value,
795,3677-IYRBF,1,United States,California,Newcastle,95658,"38.883224, -121.15918",38.883224,-121.15918,Female,Yes,No,No,2,No,No phone service,DSL,No,No,Yes,No,No,No,Month-to-month,Yes,Electronic check,30.4,78.65,Yes,1,90,4002,Lack of self-service on Website,0.9998167,0,Churn Value,
931,4317-VTEOA,1,United States,California,Rowland Heights,91748,"33.976753, -117.897367",33.976753,-117.897367,Male,No,No,No,1,Yes,No,DSL,No,Yes,No,No,No,No,Month-to-month,Yes,Electronic check,50.75,50.75,Yes,1,93,5355,Competitor had better devices,0.9998167,0,Churn Value,
1698,6608-QQLVK,1,United States,California,Bangor,95914,"39.396585, -121.38029",39.396585,-121.38029,Male,No,No,No,1,Yes,No,DSL,No,No,Yes,No,No,No,Month-to-month,Yes,Electronic check,50.5,50.5,Yes,1,83,2077,Competitor made better offer,0.9998167,0,Churn Value,
875,7663-RGWBC,1,United States,California,Los Angeles,90049,"34.091829, -118.491244",34.091829,-118.491244,Male,No,No,No,1,Yes,No,DSL,No,No,No,No,No,No,Month-to-month,Yes,Mailed check,44.15,44.15,Yes,1,97,4773,Don't know,0.9998167,0,Churn Value,
725,7503-QQRVF,1,United States,California,San Jose,95127,"37.375156, -121.795867",37.375156,-121.795867,Male,Yes,Yes,No,16,Yes,No,Fiber optic,No,Yes,No,No,No,No,Month-to-month,Yes,Credit card (automatic),74.3,1178.25,Yes,1,81,2076,Competitor had better devices,0.999816,1,Churn Value,
1677,9661-MHUMO,1,United States,California,Mather,95655,"38.549822, -121.266725",38.549822,-121.266725,Male,Yes,Yes,Yes,1,Yes,No,DSL,No,No,No,Yes,No,No,Month-to-month,Yes,Credit card (automatic),49.25,49.25,Yes,1,84,4478,Service dissatisfaction,0.99981576,0,Churn Value,
287,7029-RPUAV,1,United States,California,Los Gatos,95030,"37.222842, -121.988727",37.222842,-121.988727,Male,Yes,Yes,No,17,Yes,Yes,Fiber optic,No,No,Yes,No,Yes,Yes,Month-to-month,Yes,Credit card (automatic),100.45,1622.45,Yes,1,87,5508,Competitor offered more data,0.9998148,1,Churn Value,
397,1092-GANHU,1,United States,California,Magalia,95954,"39.933852, -121.584371",39.933852,-121.584371,Male,No,No,No,17,Yes,No,Fiber optic,No,No,Yes,No,No,No,Month-to-month,Yes,Electronic check,76.65,1313.55,Yes,1,87,3182,Competitor offered more data,0.9998148,1,Churn Value,
977,1965-DDBWU,1,United States,California,Twentynine Palms,92277,"34.17211, -115.769773",34.17211,-115.769773,Male,No,No,No,16,Yes,Yes,Fiber optic,No,No,No,Yes,No,Yes,Month-to-month,Yes,Credit card (automatic),89.05,1448.6,Yes,1,87,5953,Competitor made better offer,0.9998148,1,Churn Value,
374,7861-UVUFT,1,United States,California,Sloughhouse,95683,"38.470423, -121.114897",38.470423,-121.114897,Female,No,Yes,No,15,Yes,No,Fiber optic,No,No,Yes,No,Yes,No,Month-to-month,Yes,Electronic check,84.3,1308.4,Yes,1,86,4003,Competitor had better devices,0.9998148,1,Churn Value,
1357,9048-JVYVF,1,United States,California,Panorama City,91402,"34.223768, -118.445461",34.223768,-118.445461,Male,No,No,No,3,Yes,No,DSL,No,No,No,Yes,Yes,Yes,Month-to-month,Yes,Electronic check,69.35,191.35,Yes,1,98,3520,Price too high,0.9998124,0,Churn Value,
1271,8714-EUHJO,1,United States,California,Castella,96017,"41.121108, -122.336613",41.121108,-122.336613,Female,No,Yes,No,31,Yes,Yes,Fiber optic,No,Yes,No,No,No,Yes,Month-to-month,Yes,Electronic check,91.15,2995.45,Yes,1,83,5219,Poor expertise of online support,0.9998122,1,Churn Value,
383,7893-IXHRQ,1,United States,California,Sacramento,95826,"38.542532, -121.378826",38.542532,-121.378826,Male,No,No,No,1,Yes,No,No,No internet service,No internet service,No internet service,No internet service,No internet service,No internet service,Month-to-month,No,Electronic check,20.55,20.55,Yes,1,87,5636,Competitor offered more data,0.9998122,0,Churn Value,
460,7279-BUYWN,1,United States,California,Buena Park,90620,"33.845706, -118.012204",33.845706,-118.012204,Female,Yes,No,No,41,Yes,Yes,Fiber optic,Yes,Yes,Yes,No,Yes,Yes,Month-to-month,Yes,Electronic check,113.2,4689.5,Yes,1,89,3380,Attitude of support person,0.9998122,1,Churn Value,
848,9710-ZUSHQ,1,United States,California,Red Bluff,96080,"40.186772, -122.388361",40.186772,-122.388361,Female,Yes,No,No,37,Yes,Yes,Fiber optic,Yes,Yes,No,No,Yes,Yes,Month-to-month,Yes,Bank transfer (automatic),106.75,4056.75,Yes,1,92,5849,Lack of affordable download/upload speed,0.9998122,1,Churn Value,
367,8621-MNIHH,1,United States,California,Madison,95653,"38.674276, -121.961866",38.674276,-121.961866,Female,Yes,Yes,No,34,Yes,Yes,Fiber optic,No,Yes,Yes,No,No,Yes,Month-to-month,Yes,Electronic check,94.25,3217.55,Yes,1,88,3369,Competitor offered higher download speeds,0.9998122,1,Churn Value,
656,5373-SFODM,1,United States,California,San Lucas,93954,"36.125529, -120.864443",36.125529,-120.864443,Male,Yes,Yes,No,36,Yes,Yes,Fiber optic,No,No,No,No,No,Yes,Month-to-month,Yes,Credit card (automatic),85.25,3132.75,Yes,1,82,3041,Product dissatisfaction,0.9998122,1,Churn Value,
1310,9692-TUSXH,1,United States,California,Los Angeles,90041,"34.137412, -118.207607",34.137412,-118.207607,Female,No,No,No,18,Yes,No,Fiber optic,Yes,No,No,No,Yes,Yes,Month-to-month,Yes,Electronic check,96.05,1740.7,Yes,1,97,5581,Competitor offered higher download speeds,0.9998122,1,Churn Value,
1405,9050-QLROH,1,United States,California,Niland,92257,"33.345825, -115.596574",33.345825,-115.596574,Male,No,No,No,18,Yes,Yes,Fiber optic,No,No,Yes,No,No,Yes,Month-to-month,Yes,Credit card (automatic),90.7,1597.25,Yes,1,89,2931,Competitor had better devices,0.9998122,1,Churn Value,
1360,1902-XBTFB,1,United States,California,North Hollywood,91605,"34.207295, -118.400022",34.207295,-118.400022,Male,No,No,No,22,Yes,No,Fiber optic,No,Yes,Yes,No,Yes,No,Month-to-month,Yes,Electronic check,89.4,2001.5,Yes,1,99,5438,Lack of self-service on Website,0.9998122,1,Churn Value,
1293,4735-ASGMA,1,United States,California,Carnelian Bay,96140,"39.227434, -120.091806",39.227434,-120.091806,Male,No,No,No,26,Yes,Yes,Fiber optic,No,No,Yes,No,Yes,Yes,Month-to-month,Yes,Electronic check,98.35,2515.3,Yes,1,99,4997,Lack of affordable download/upload speed,0.9998122,1,Churn Value,
277,0376-YMCJC,1,United States,California,Novato,94949,"38.067204, -122.524004",38.067204,-122.524004,Male,No,No,No,23,Yes,Yes,Fiber optic,No,No,No,Yes,Yes,No,Month-to-month,Yes,Electronic check,90.6,1943.2,Yes,1,82,4359,Competitor offered higher download speeds,0.9998122,1,Churn Value,
493,8840-DQLGN,1,United States,California,Burbank,91502,"34.177267, -118.31003",34.177267,-118.31003,Female,Yes,Yes,No,35,Yes,Yes,Fiber optic,Yes,Yes,No,Yes,Yes,No,Month-to-month,Yes,Bank transfer (automatic),100.5,3653.35,Yes,1,81,4745,Attitude of support person,0.9998122,1,Churn Value,
784,6022-UGGSO,1,United States,California,Citrus Heights,95610,"38.69508, -121.271616",38.69508,-121.271616,Female,Yes,No,No,32,Yes,No,Fiber optic,No,Yes,No,No,No,No,Month-to-month,Yes,Electronic check,74.4,2276.95,Yes,1,90,2091,Price too high,0.9998122,1,Churn Value,
1268,8696-JKZNU,1,United States,California,Anderson,96007,"40.448632, -122.306657",40.448632,-122.306657,Female,Yes,No,No,37,Yes,Yes,Fiber optic,No,No,No,No,No,No,Month-to-month,Yes,Electronic check,76.25,2841.55,Yes,1,100,5859,Don't know,0.9998122,1,Churn Value,
525,3858-VOBET,1,United States,California,Vista,92083,"33.17494, -117.242761",33.17494,-117.242761,Male,No,No,No,23,Yes,Yes,Fiber optic,No,No,No,No,No,No,Month-to-month,Yes,Electronic check,74.95,1710.45,Yes,1,89,5897,Competitor offered higher download speeds,0.9998122,1,Churn Value,
315,9866-QEVEE,1,United States,California,Modesto,95356,"37.716186, -121.025836",37.716186,-121.025836,Male,No,No,No,19,Yes,Yes,Fiber optic,No,No,No,No,No,Yes,Month-to-month,Yes,Bank transfer (automatic),86.0,1532.45,Yes,1,98,4857,Competitor offered higher download speeds,0.9998122,1,Churn Value,
1130,6899-PPEEA,1,United States,California,Vallejo,94590,"38.104705, -122.247387",38.104705,-122.247387,Female,Yes,No,No,37,Yes,Yes,Fiber optic,No,No,No,No,Yes,Yes,Month-to-month,Yes,Electronic check,96.55,3580.3,Yes,1,81,4448,Attitude of service provider,0.9998122,1,Churn Value,
519,5419-KLXBN,1,United States,California,Palomar Mountain,92060,"33.309852, -116.823091",33.309852,-116.823091,Female,No,Yes,No,25,Yes,No,Fiber optic,No,Yes,Yes,No,Yes,No,Month-to-month,Yes,Bank transfer (automatic),89.15,2257.75,Yes,1,97,5853,Competitor offered higher download speeds,0.9998122,1,Churn Value,
1845,8739-WWKDU,1,United States,California,San Diego,92109,"32.787836, -117.232376",32.787836,-117.232376,Male,Yes,No,No,25,Yes,Yes,Fiber optic,No,Yes,No,No,Yes,No,Month-to-month,Yes,Electronic check,89.5,2196.15,Yes,1,90,4849,Attitude of service provider,0.9998122,1,Churn Value,
569,0524-IAVZO,1,United States,California,Anza,92539,"33.527605, -116.666551",33.527605,-116.666551,Female,No,Yes,No,30,Yes,Yes,Fiber optic,No,No,No,No,No,Yes,Month-to-month,Yes,Electronic check,85.0,2624.25,Yes,1,97,3698,Don't know,0.9998122,1,Churn Value,
972,4818-QIUFN,1,United States,California,Desert Hot Springs,92241,"33.832799, -116.250973",33.832799,-116.250973,Female,Yes,No,No,20,Yes,Yes,Fiber optic,Yes,No,No,No,No,No,Month-to-month,Yes,Electronic check,79.15,1520.9,Yes,1,95,4997,Competitor offered higher download speeds,0.9998122,1,Churn Value,
75,7534-BFESC,1,United States,California,Boulevard,91905,"32.677097, -116.304991",32.677097,-116.304991,Male,Yes,No,No,24,Yes,Yes,Fiber optic,No,No,No,No,No,No,Month-to-month,Yes,Electronic check,76.1,1712.7,Yes,1,98,2018,Price too high,0.9998122,1,Churn Value,
1286,5281-BUZGT,1,United States,California,Weaverville,96093,"40.759401, -122.939337",40.759401,-122.939337,Male,Yes,No,No,36,Yes,Yes,Fiber optic,Yes,No,No,No,Yes,No,Month-to-month,Yes,Electronic check,90.85,3186.7,Yes,1,92,5692,Competitor made better offer,0.9998122,1,Churn Value,
926,0963-ZBDRN,1,United States,California,Claremont,91711,"34.127621, -117.717863",34.127621,-117.717863,Male,No,No,No,32,Yes,No,Fiber optic,No,No,No,Yes,Yes,Yes,Month-to-month,Yes,Electronic check,96.2,3183.4,Yes,1,93,3606,Attitude of support person,0.9998122,1,Churn Value,
1032,6319-IEJWJ,1,United States,California,Camarillo,93012,"34.205504, -118.993111",34.205504,-118.993111,Male,No,Yes,No,20,Yes,No,Fiber optic,No,No,No,No,Yes,Yes,Month-to-month,Yes,Electronic check,90.2,1776.55,Yes,1,85,2058,Moved,0.9998122,1,Churn Value,
1778,7957-RYHQD,1,United States,California,Bellflower,90706,"33.887676, -118.127289",33.887676,-118.127289,Female,Yes,No,No,40,Yes,No,Fiber optic,Yes,Yes,No,No,No,No,Month-to-month,Yes,Credit card (automatic),79.2,3233.85,Yes,1,94,3207,Price too high,0.9998122,1,Churn Value,
1676,9286-DOJGF,1,United States,California,Lotus,95651,"38.815515, -120.916997",38.815515,-120.916997,Female,Yes,Yes,No,38,Yes,Yes,Fiber optic,No,No,No,No,No,No,Month-to-month,Yes,Bank transfer (automatic),74.95,2869.85,Yes,1,82,5165,Product dissatisfaction,0.9998122,1,Churn Value,
1411,9465-RWMXL,1,United States,California,Westmorland,92281,"33.03679, -115.60503",33.03679,-115.60503,Male,No,Yes,No,32,Yes,Yes,Fiber optic,No,No,Yes,No,No,No,Month-to-month,Yes,Electronic check,78.9,2447.95,Yes,1,90,5949,Competitor offered higher download speeds,0.9998122,1,Churn Value,
1527,6711-VTNRE,1,United States,California,Tranquillity,93668,"36.635661, -120.288644",36.635661,-120.288644,Female,No,No,No,36,Yes,No,Fiber optic,No,No,Yes,Yes,No,Yes,Month-to-month,Yes,Electronic check,87.55,3078.1,Yes,1,92,2558,Attitude of support person,0.9998122,1,Churn Value,
140,5301-GAUUY,1,United States,California,Newport Beach,92661,"33.601309, -117.902304",33.601309,-117.902304,Male,No,No,No,32,Yes,Yes,Fiber optic,No,Yes,No,No,No,No,Month-to-month,Yes,Bank transfer (automatic),80.35,2596.15,Yes,1,92,5974,Competitor had better devices,0.9998122,1,Churn Value,
1018,4817-VYYWS,1,United States,California,Silverado,92676,"33.782346, -117.635263",33.782346,-117.635263,Female,No,No,No,30,Yes,Yes,Fiber optic,No,Yes,No,No,Yes,Yes,Month-to-month,Yes,Electronic check,100.2,2983.8,Yes,1,90,3598,Service dissatisfaction,0.9998122,1,Churn Value,
1204,4658-HCOHW,1,United States,California,Redwood Valley,95470,"39.298065, -123.25211",39.298065,-123.25211,Female,No,Yes,No,21,Yes,No,Fiber optic,No,Yes,Yes,Yes,Yes,Yes,Month-to-month,Yes,Electronic check,102.8,2110.15,Yes,1,100,3123,Competitor had better devices,0.9998122,1,Churn Value,
112,0256-LTHVJ,1,United States,California,Ludlow,92338,"34.702766, -116.093376",34.702766,-116.093376,Female,No,Yes,No,28,Yes,No,Fiber optic,No,No,No,No,No,Yes,Month-to-month,Yes,Electronic check,81.05,2227.1,Yes,1,98,5201,Competitor had better devices,0.9998122,1,Churn Value,
193,0322-CHQRU,1,United States,California,Palmdale,93591,"34.598221, -117.79593",34.598221,-117.79593,Male,No,No,No,2,Yes,No,DSL,No,No,No,No,No,No,Month-to-month,No,Electronic check,45.35,89.5,Yes,1,81,3478,Competitor offered more data,0.99981207,0,Churn Value,
1027,5759-RCVCB,1,United States,California,Orange,92869,"33.792791, -117.789749",33.792791,-117.789749,Female,No,No,No,3,No,No phone service,DSL,No,No,No,No,Yes,No,Month-to-month,No,Credit card (automatic),35.2,108.95,Yes,1,100,5450,Attitude of service provider,0.99981207,0,Churn Value,
1719,0616-ATFGB,1,United States,California,Shasta Lake,96019,"40.692523, -122.369876",40.692523,-122.369876,Male,Yes,Yes,No,1,No,No phone service,DSL,No,No,No,No,No,No,Month-to-month,No,Electronic check,25.05,25.05,Yes,1,95,2119,Competitor had better devices,0.99981207,0,Churn Value,
240,4208-UFFGW,1,United States,California,Byron,94514,"37.83323, -121.601461",37.83323,-121.601461,Male,Yes,No,No,2,Yes,No,DSL,No,No,No,No,No,No,Month-to-month,No,Mailed check,44.95,85.15,Yes,1,84,5900,Don't know,0.99981207,0,Churn Value,
44,6317-YPKDH,1,United States,California,Glendale,91202,"34.167926, -118.267539",34.167926,-118.267539,Female,No,No,No,1,No,No phone service,DSL,No,Yes,No,No,No,No,Month-to-month,No,Bank transfer (automatic),29.95,29.95,Yes,1,95,4534,Long distance charges,0.99981207,0,Churn Value,
1216,3540-RZJYU,1,United States,California,Zenia,95595,"40.170357, -123.417298",40.170357,-123.417298,Female,No,No,No,15,Yes,No,Fiber optic,Yes,No,No,No,Yes,No,Month-to-month,No,Electronic check,86.2,1270.2,Yes,1,90,5829,Lack of self-service on Website,0.99981123,1,Churn Value,
1256,1112-CUNAO,1,United States,California,Grimes,95950,"39.033058, -121.895718",39.033058,-121.895718,Female,Yes,No,No,15,Yes,Yes,Fiber optic,No,Yes,No,No,No,Yes,Month-to-month,No,Electronic check,89.85,1424.95,Yes,1,99,2668,Service dissatisfaction,0.99981123,1,Churn Value,
18,5698-BQJOH,1,United States,California,Beverly Hills,90211,"34.063947, -118.383001",34.063947,-118.383001,Female,No,No,Yes,9,Yes,Yes,Fiber optic,No,No,No,No,Yes,Yes,Month-to-month,No,Electronic check,94.4,857.25,Yes,1,96,5571,Price too high,0.99981016,3,Churn Value,
43,2070-FNEXE,1,United States,California,Pasadena,91107,"34.159007, -118.087353",34.159007,-118.087353,Female,Yes,No,Yes,7,Yes,No,Fiber optic,Yes,No,No,No,No,No,Month-to-month,No,Bank transfer (automatic),76.45,503.6,Yes,1,81,4419,Lack of affordable download/upload speed,0.99981016,3,Churn Value,
961,1240-KNSEZ,1,United States,California,San Diego,92127,"33.017518, -117.118456",33.017518,-117.118456,Male,No,No,No,1,Yes,No,No,No internet service,No internet service,No internet service,No internet service,No internet service,No internet service,Month-to-month,Yes,Mailed check,20.1,20.1,Yes,1,95,4933,Don't know,0.9998099,0,Churn Value,
1482,1493-AMTIE,1,United States,California,Ivanhoe,93235,"36.385818, -119.224243",36.385818,-119.224243,Male,No,No,No,1,Yes,No,No,No internet service,No internet service,No internet service,No internet service,No internet service,No internet service,Month-to-month,Yes,Bank transfer (automatic),20.2,20.2,Yes,1,87,5394,Attitude of service provider,0.9998099,0,Churn Value,
1471,4667-OHGKG,1,United States,California,Summerland,93067,"34.420998, -119.60137",34.420998,-119.60137,Male,No,No,No,1,Yes,No,No,No internet service,No internet service,No internet service,No internet service,No internet service,No internet service,Month-to-month,Yes,Mailed check,19.3,19.3,Yes,1,99,4266,Service dissatisfaction,0.9998099,0,Churn Value,
918,5889-JTMUL,1,United States,California,Castaic,91384,"34.506627, -118.699048",34.506627,-118.699048,Female,Yes,Yes,No,50,Yes,Yes,Fiber optic,No,Yes,Yes,No,Yes,No,Month-to-month,Yes,Electronic check,95.05,4888.7,Yes,1,92,5863,Price too high,0.99980897,1,Churn Value,
893,7056-IMHCC,1,United States,California,Torrance,90501,"33.833699, -118.314387",33.833699,-118.314387,Male,Yes,Yes,No,53,Yes,Yes,Fiber optic,No,Yes,No,No,Yes,Yes,Month-to-month,Yes,Electronic check,101.9,5549.4,Yes,1,94,5884,Price too high,0.99980897,1,Churn Value,
502,6651-AZVTJ,1,United States,California,Pomona,91768,"34.067932, -117.785168",34.067932,-117.785168,Male,No,Yes,No,49,Yes,Yes,Fiber optic,No,No,Yes,No,Yes,Yes,Month-to-month,Yes,Electronic check,99.8,4872.45,Yes,1,83,6088,Attitude of support person,0.99980897,1,Churn Value,
1029,8938-UMKPI,1,United States,California,Corona,92882,"33.819385, -117.600213",33.819385,-117.600213,Female,No,No,No,47,Yes,Yes,Fiber optic,No,Yes,Yes,No,Yes,Yes,Month-to-month,Yes,Electronic check,106.4,5127.95,Yes,1,99,4804,Attitude of support person,0.99980897,1,Churn Value,
1812,9079-YEXQJ,1,United States,California,Chino,91710,"33.990646, -117.663025",33.990646,-117.663025,Female,No,No,No,54,Yes,Yes,Fiber optic,No,Yes,Yes,Yes,Yes,Yes,Month-to-month,No,Electronic check,111.1,6014.85,Yes,1,93,5527,Product dissatisfaction,0.99980897,1,Churn Value,
601,1587-FKLZB,1,United States,California,Santa Barbara,93101,"34.419203, -119.710008",34.419203,-119.710008,Male,Yes,Yes,No,66,Yes,Yes,Fiber optic,No,No,Yes,No,Yes,Yes,Month-to-month,Yes,Credit card (automatic),99.5,6822.15,Yes,1,96,4479,Attitude of support person,0.99980897,1,Churn Value,
186,1894-IGFSG,1,United States,California,Lancaster,93535,"34.712708, -117.889656",34.712708,-117.889656,Female,No,No,No,22,Yes,No,Fiber optic,No,No,No,No,Yes,Yes,Month-to-month,No,Electronic check,89.25,1907.85,Yes,1,82,3161,Competitor had better devices,0.9998086,1,Churn Value,
134,6825-UYPFK,1,United States,California,Sun City,92586,"33.707483, -117.200006",33.707483,-117.200006,Female,No,No,No,23,Yes,Yes,Fiber optic,No,No,No,No,No,No,Month-to-month,No,Bank transfer (automatic),75.6,1758.6,Yes,1,81,2115,Network reliability,0.9998086,1,Churn Value,
15,9420-LOJKX,1,United States,California,Los Angeles,90061,"33.92128, -118.274186",33.92128,-118.274186,Female,No,No,Yes,15,Yes,No,Fiber optic,Yes,Yes,No,No,Yes,Yes,Month-to-month,Yes,Credit card (automatic),99.1,1426.4,Yes,1,82,2966,Competitor offered more data,0.99980825,3,Churn Value,
1237,1541-ETJZO,1,United States,California,Wheatland,95692,"39.043387, -121.409837",39.043387,-121.409837,Male,No,No,No,1,Yes,Yes,DSL,No,No,Yes,Yes,No,No,Month-to-month,No,Mailed check,62.05,62.05,Yes,1,86,2937,Moved,0.9998078,0,Churn Value,
617,5103-MHMHY,1,United States,California,Los Osos,93402,"35.279984, -120.824288",35.279984,-120.824288,Female,No,No,Yes,1,Yes,No,DSL,No,No,No,No,No,No,Month-to-month,No,Mailed check,45.95,45.95,Yes,1,82,4563,Attitude of support person,0.9998066,0,Churn Value,
791,3923-CSIHK,1,United States,California,Herald,95638,"38.313447, -121.123886",38.313447,-121.123886,Female,Yes,Yes,No,50,Yes,No,Fiber optic,No,No,No,No,No,No,Month-to-month,Yes,Electronic check,71.05,3444.85,Yes,1,94,5746,Don't know,0.999806,1,Churn Value,
582,3207-OYBWH,1,United States,California,Newport Beach,92661,"33.601309, -117.902304",33.601309,-117.902304,Male,Yes,Yes,No,57,Yes,Yes,Fiber optic,No,Yes,Yes,No,No,Yes,Month-to-month,Yes,Bank transfer (automatic),95.25,5427.05,Yes,1,86,6259,Attitude of support person,0.999806,1,Churn Value,
29,4412-YLTKF,1,United States,California,Pico Rivera,90660,"33.989524, -118.089299",33.989524,-118.089299,Female,Yes,No,Yes,27,Yes,Yes,Fiber optic,No,No,Yes,No,No,No,Month-to-month,Yes,Electronic check,78.05,2135.5,Yes,1,95,4638,Service dissatisfaction,0.9998055,3,Churn Value,
825,4892-VLANZ,1,United States,California,Colusa,95932,"39.273096, -122.050763",39.273096,-122.050763,Male,No,No,No,1,Yes,No,No,No internet service,No internet service,No internet service,No internet service,No internet service,No internet service,Month-to-month,No,Mailed check,19.8,19.8,Yes,1,96,5600,Don't know,0.99980515,0,Churn Value,
1070,7239-HZZCX,1,United States,California,Lancaster,93535,"34.712708, -117.889656",34.712708,-117.889656,Male,No,No,No,1,Yes,No,No,No internet service,No internet service,No internet service,No internet service,No internet service,No internet service,Month-to-month,No,Mailed check,19.75,19.75,Yes,1,100,4851,Competitor made better offer,0.99980515,0,Churn Value,
1689,1963-VAUKV,1,United States,California,Kyburz,95720,"38.766036, -120.209673",38.766036,-120.209673,Female,No,No,No,1,Yes,No,No,No internet service,No internet service,No internet service,No internet service,No internet service,No internet service,Month-to-month,No,Mailed check,20.4,20.4,Yes,1,92,3663,Don't know,0.99980515,0,Churn Value,
981,2391-SOORI,1,United States,California,Big Bear City,92314,"34.278967, -116.773825",34.278967,-116.773825,Male,No,No,Yes,4,Yes,No,DSL,Yes,No,No,No,No,No,Month-to-month,No,Electronic check,49.35,219.65,Yes,1,83,5858,Lack of self-service on Website,0.9998049,0,Churn Value,
1325,2955-PSXOE,1,United States,California,Topanga,90290,"34.115192, -118.61017",34.115192,-118.61017,Female,No,No,No,1,Yes,No,No,No internet service,No internet service,No internet service,No internet service,No internet service,No internet service,Month-to-month,Yes,Bank transfer (automatic),20.2,20.2,Yes,1,98,3061,Price too high,0.9998035,0,Churn Value,
975,2839-RFSQE,1,United States,California,Rancho Mirage,92270,"33.763678, -116.429928",33.763678,-116.429928,Female,No,No,No,2,Yes,No,No,No internet service,No internet service,No internet service,No internet service,No internet service,No internet service,Month-to-month,No,Mailed check,20.65,38.7,Yes,1,83,3845,Competitor offered more data,0.99980265,0,Churn Value,
53,0742-MOABM,1,United States,California,Panorama City,91402,"34.223768, -118.445461",34.223768,-118.445461,Male,No,Yes,No,4,Yes,No,DSL,No,No,No,Yes,No,No,Month-to-month,No,Mailed check,50.05,179.35,Yes,1,82,3394,Don't know,0.9998005,0,Churn Value,
891,2108-YKQTY,1,United States,California,Santa Monica,90403,"34.031529, -118.491156",34.031529,-118.491156,Female,No,No,No,4,Yes,No,DSL,No,Yes,No,No,No,No,Month-to-month,No,Credit card (automatic),50.7,151.3,Yes,1,90,4930,Don't know,0.9998005,0,Churn Value,
980,8601-QACRS,1,United States,California,Apple Valley,92307,"34.55082, -117.122396",34.55082,-117.122396,Female,No,No,No,5,Yes,Yes,DSL,No,No,No,No,No,No,Month-to-month,Yes,Mailed check,50.6,249.95,Yes,1,94,2353,Service dissatisfaction,0.9998005,0,Churn Value,
902,5949-EBSQK,1,United States,California,Sunset Beach,90742,"33.719221, -118.073596",33.719221,-118.073596,Male,No,Yes,Yes,4,Yes,No,DSL,No,No,No,Yes,No,Yes,Month-to-month,No,Credit card (automatic),61.45,229.55,Yes,1,83,2131,Price too high,0.9998004,0,Churn Value,
1116,1087-UDSIH,1,United States,California,Concord,94520,"38.013825, -122.039144",38.013825,-122.039144,Female,No,No,No,3,Yes,No,No,No internet service,No internet service,No internet service,No internet service,No internet service,No internet service,Month-to-month,Yes,Mailed check,19.6,59.75,Yes,1,81,5000,Lack of affordable download/upload speed,0.99980026,0,Churn Value,
1450,1809-DMJHQ,1,United States,California,Newport Beach,92660,"33.634626, -117.874882",33.634626,-117.874882,Female,No,No,Yes,5,Yes,No,DSL,No,No,No,No,No,No,Month-to-month,No,Mailed check,46.0,221.7,Yes,1,85,4846,Competitor had better devices,0.99980026,0,Churn Value,
1235,4211-MMAZN,1,United States,California,Vacaville,95688,"38.419088, -122.024568",38.419088,-122.024568,Male,No,No,No,1,Yes,No,No,No internet service,No internet service,No internet service,No internet service,No internet service,No internet service,Month-to-month,No,Mailed check,20.25,20.25,Yes,1,89,2959,Attitude of support person,0.9997986,0,Churn Value,
778,2309-OSFEU,1,United States,California,Smith River,95567,"41.950683, -124.097094",41.950683,-124.097094,Male,No,No,No,10,No,No phone service,DSL,No,No,No,No,No,Yes,Month-to-month,Yes,Mailed check,33.9,298.45,Yes,1,84,2529,Lack of self-service on Website,0.9997973,0,Churn Value,
1336,2606-RMDHZ,1,United States,California,Lakewood,90713,"33.847755, -118.112532",33.847755,-118.112532,Male,No,No,No,6,No,No phone service,DSL,No,Yes,No,No,No,No,Month-to-month,Yes,Credit card (automatic),30.5,208.7,Yes,1,93,4667,Attitude of service provider,0.9997973,0,Churn Value,
1454,0778-NELLA,1,United States,California,Anaheim,92805,"33.830209, -117.906099",33.830209,-117.906099,Male,No,No,No,9,No,No phone service,DSL,No,No,No,No,Yes,No,Month-to-month,Yes,Credit card (automatic),34.7,296.1,Yes,1,95,5352,Competitor offered higher download speeds,0.9997973,0,Churn Value,
149,6543-CPZMK,1,United States,California,Ventura,93001,"34.360261, -119.306383",34.360261,-119.306383,Male,No,Yes,No,9,No,No phone service,DSL,No,Yes,No,No,No,No,Month-to-month,Yes,Electronic check,29.95,248.95,Yes,1,83,2573,Competitor offered more data,0.9997973,0,Churn Value,
528,9139-WQQDY,1,United States,California,San Diego,92103,"32.747484, -117.166877",32.747484,-117.166877,Female,No,Yes,No,49,Yes,Yes,Fiber optic,No,Yes,No,No,Yes,Yes,One year,No,Mailed check,100.45,4941.8,Yes,1,90,4235,Competitor offered higher download speeds,0.99979645,2,Churn Value,
1850,6664-FPDAC,1,United States,California,San Diego,92115,"32.762506, -117.07245",32.762506,-117.07245,Female,Yes,No,No,56,Yes,Yes,Fiber optic,No,Yes,Yes,Yes,Yes,Yes,One year,Yes,Electronic check,111.95,6418.9,Yes,1,91,4060,Attitude of service provider,0.99979645,2,Churn Value,
303,6270-OMFIW,1,United States,California,Valley Springs,95252,"38.156971, -120.849231",38.156971,-120.849231,Male,No,Yes,No,60,Yes,No,Fiber optic,No,Yes,No,No,Yes,Yes,One year,Yes,Electronic check,94.4,5610.25,Yes,1,99,4990,Attitude of support person,0.99979645,2,Churn Value,
389,5469-CTCWN,1,United States,California,Arbuckle,95912,"38.982373, -122.047751",38.982373,-122.047751,Male,No,Yes,No,61,Yes,Yes,Fiber optic,Yes,Yes,No,No,Yes,Yes,One year,Yes,Electronic check,106.0,6547.7,Yes,1,92,4334,Competitor offered higher download speeds,0.99979645,2,Churn Value,
1553,6777-TGHTM,1,United States,California,San Francisco,94122,"37.760412, -122.484966",37.760412,-122.484966,Female,No,No,No,53,Yes,Yes,Fiber optic,Yes,No,Yes,No,Yes,Yes,One year,Yes,Credit card (automatic),106.95,5785.5,Yes,1,90,5550,Competitor had better devices,0.99979645,2,Churn Value,
581,2659-VXMWZ,1,United States,California,Newport Coast,92657,"33.603282, -117.821841",33.603282,-117.821841,Male,No,Yes,No,67,Yes,Yes,Fiber optic,Yes,Yes,Yes,No,Yes,Yes,One year,Yes,Electronic check,111.3,7482.1,Yes,1,85,4146,Attitude of support person,0.99979645,2,Churn Value,
250,6646-QVXLR,1,United States,California,Napa,94558,"38.489789, -122.27011",38.489789,-122.27011,Male,Yes,Yes,No,62,Yes,Yes,Fiber optic,No,Yes,Yes,No,Yes,Yes,One year,Yes,Electronic check,103.75,6383.35,Yes,1,91,5052,Competitor offered higher download speeds,0.99979645,2,Churn Value,
843,8849-GYOKR,1,United States,California,Mineral,96063,"40.408796, -121.579609",40.408796,-121.579609,Female,No,Yes,No,54,Yes,Yes,Fiber optic,Yes,Yes,No,No,Yes,Yes,One year,No,Bank transfer (automatic),106.55,5763.3,Yes,1,90,4893,Product dissatisfaction,0.99979645,2,Churn Value,
1729,1444-VVSGW,1,United States,California,Los Molinos,96055,"40.059385, -122.091481",40.059385,-122.091481,Male,No,Yes,No,70,Yes,Yes,Fiber optic,Yes,Yes,Yes,Yes,Yes,Yes,One year,No,Credit card (automatic),115.65,7968.85,Yes,1,99,5563,Product dissatisfaction,0.99979645,2,Churn Value,
709,0431-APWVY,1,United States,California,Novato,94949,"38.067204, -122.524004",38.067204,-122.524004,Female,No,Yes,No,28,Yes,No,Fiber optic,No,No,No,No,Yes,Yes,One year,Yes,Bank transfer (automatic),90.1,2598.95,Yes,1,99,5958,Don't know,0.99979585,2,Churn Value,
1862,5482-NUPNA,1,United States,California,Imperial,92251,"32.858595, -115.662709",32.858595,-115.662709,Female,No,No,No,4,Yes,No,DSL,Yes,Yes,No,Yes,No,No,Month-to-month,Yes,Mailed check,60.4,272.15,Yes,1,90,5730,Competitor had better devices,0.99979585,0,Churn Value,
1625,6776-TLWOI,1,United States,California,Livingston,95334,"37.361987, -120.748394",37.361987,-120.748394,Male,No,No,No,3,Yes,No,No,No internet service,No internet service,No internet service,No internet service,No internet service,No internet service,Month-to-month,No,Mailed check,19.85,64.55,Yes,1,93,2158,Price too high,0.99979526,0,Churn Value,
414,9254-RBFON,1,United States,California,Klamath River,96050,"41.816595, -122.948287",41.816595,-122.948287,Female,No,Yes,No,17,Yes,No,Fiber optic,No,No,Yes,Yes,Yes,Yes,One year,No,Bank transfer (automatic),98.6,1704.95,Yes,1,91,5160,Moved,0.9997949,2,Churn Value,
1578,9033-EOXWV,1,United States,California,Oakland,94603,"37.739113, -122.175602",37.739113,-122.175602,Female,No,No,No,12,Yes,Yes,DSL,No,No,No,Yes,Yes,Yes,One year,No,Mailed check,74.05,872.65,Yes,1,94,4149,Don't know,0.99979407,2,Churn Value,
605,7470-MCQTK,1,United States,California,Alpaugh,93201,"35.869626, -119.498771",35.869626,-119.498771,Female,No,Yes,No,13,No,No phone service,DSL,No,No,Yes,No,Yes,Yes,Month-to-month,Yes,Bank transfer (automatic),48.75,633.4,Yes,1,86,2655,Attitude of support person,0.999793,0,Churn Value,
638,3325-FUYCG,1,United States,California,Five Points,93624,"36.397745, -120.119911",36.397745,-120.119911,Male,No,Yes,No,28,Yes,Yes,Fiber optic,Yes,Yes,No,No,Yes,Yes,One year,No,Electronic check,106.1,2847.4,Yes,1,85,3770,Service dissatisfaction,0.9997919,2,Churn Value,
1010,6946-LMSQS,1,United States,California,Temecula,92592,"33.507255, -117.029473",33.507255,-117.029473,Male,Yes,Yes,No,25,Yes,Yes,Fiber optic,Yes,No,No,No,No,Yes,One year,Yes,Electronic check,89.05,2177.45,Yes,1,97,2673,Lack of self-service on Website,0.99979097,1,Churn Value,
949,9986-BONCE,1,United States,California,Fallbrook,92028,"33.362575, -117.299644",33.362575,-117.299644,Female,No,No,No,4,Yes,No,No,No internet service,No internet service,No internet service,No internet service,No internet service,No internet service,Month-to-month,No,Bank transfer (automatic),20.95,85.5,Yes,1,85,5822,Network reliability,0.9997905,0,Churn Value,
1362,9381-NDKME,1,United States,California,El Monte,91731,"34.079934, -118.046695",34.079934,-118.046695,Female,Yes,Yes,No,24,No,No phone service,DSL,No,No,Yes,No,No,Yes,Month-to-month,Yes,Credit card (automatic),40.65,933.3,Yes,1,85,3843,Limited range of services,0.99979,0,Churn Value,
1240,2778-OCLGR,1,United States,California,Soda Springs,95728,"39.279068, -120.414275",39.279068,-120.414275,Male,Yes,Yes,No,24,No,No phone service,DSL,Yes,No,No,No,No,Yes,Month-to-month,No,Bank transfer (automatic),39.1,971.3,Yes,1,89,4591,Competitor had better devices,0.99979,0,Churn Value,
1307,7124-UGSUR,1,United States,California,Los Angeles,90028,"34.099869, -118.326843",34.099869,-118.326843,Female,Yes,Yes,No,61,Yes,Yes,Fiber optic,No,Yes,Yes,No,Yes,Yes,One year,Yes,Credit card (automatic),104.4,6405.0,Yes,1,84,4412,Competitor had better devices,0.9997894,2,Churn Value,
1119,5445-PZWGX,1,United States,California,Travis Afb,94535,"38.265899, -121.939461",38.265899,-121.939461,Male,No,No,No,62,Yes,Yes,Fiber optic,Yes,Yes,No,Yes,No,Yes,One year,No,Electronic check,102.0,6529.25,Yes,1,87,5090,Price too high,0.99978834,1,Churn Value,
1791,9820-RMCQV,1,United States,California,San Marino,91108,"34.122671, -118.112911",34.122671,-118.112911,Female,No,No,No,11,Yes,No,DSL,Yes,No,No,No,No,No,Month-to-month,No,Credit card (automatic),48.55,501.0,Yes,1,92,4444,Competitor made better offer,0.9997875,0,Churn Value,
115,4640-UHDOS,1,United States,California,Phelan,92371,"34.441123, -117.537886",34.441123,-117.537886,Female,No,Yes,No,13,Yes,No,DSL,No,No,No,No,No,Yes,Month-to-month,No,Electronic check,55.95,734.35,Yes,1,91,4498,Competitor had better devices,0.9997875,0,Churn Value,
415,1205-WNWPJ,1,United States,California,Lakehead,96051,"40.883853, -122.418258",40.883853,-122.418258,Female,No,No,No,7,Yes,No,DSL,No,No,No,Yes,Yes,No,Month-to-month,Yes,Mailed check,59.5,415.95,Yes,1,91,4661,Moved,0.99978715,0,Churn Value,
1424,6331-LWDTQ,1,United States,California,Rialto,92377,"34.156758, -117.404686",34.156758,-117.404686,Male,No,No,No,10,Yes,Yes,DSL,No,No,No,No,Yes,Yes,Month-to-month,Yes,Credit card (automatic),72.15,794.25,Yes,1,98,2457,Limited range of services,0.99978715,0,Churn Value,
1011,2325-ZUSFD,1,United States,California,Irvine,92602,"33.720359, -117.733655",33.720359,-117.733655,Female,No,Yes,No,57,Yes,No,DSL,Yes,No,No,No,Yes,Yes,One year,Yes,Bank transfer (automatic),70.1,3913.3,Yes,1,81,4669,Network reliability,0.99978584,2,Churn Value,
1015,3594-UVONA,1,United States,California,Costa Mesa,92626,"33.678591, -117.905471",33.678591,-117.905471,Female,No,No,No,35,Yes,Yes,DSL,Yes,No,Yes,Yes,Yes,Yes,One year,Yes,Credit card (automatic),85.95,3110.1,Yes,1,99,3833,Extra data charges,0.99978584,2,Churn Value,
1086,6834-NXDCA,1,United States,California,South Dos Palos,93665,"36.959731, -120.653519",36.959731,-120.653519,Female,No,No,No,13,No,No phone service,DSL,No,No,No,No,No,No,Month-to-month,Yes,Electronic check,23.9,300.8,Yes,1,82,2967,Limited range of services,0.99978584,0,Churn Value,
958,9378-FXTIZ,1,United States,California,San Diego,92119,"32.802959, -117.027095",32.802959,-117.027095,Female,No,Yes,No,54,Yes,Yes,DSL,No,No,No,No,Yes,Yes,One year,Yes,Credit card (automatic),70.15,3715.65,Yes,1,95,4596,Network reliability,0.99978584,2,Churn Value,
837,3523-QRQLL,1,United States,California,Bieber,96009,"41.083464, -121.107929",41.083464,-121.107929,Female,No,Yes,No,22,Yes,No,DSL,No,Yes,No,No,Yes,Yes,One year,Yes,Bank transfer (automatic),69.5,1498.2,Yes,1,94,5922,Competitor offered more data,0.99978584,2,Churn Value,
923,2165-VOEGB,1,United States,California,Burbank,91501,"34.188339, -118.300942",34.188339,-118.300942,Female,No,No,No,46,Yes,No,Fiber optic,Yes,Yes,No,Yes,Yes,Yes,One year,Yes,Bank transfer (automatic),105.2,4822.85,Yes,1,99,3322,Don't know,0.9997851,2,Churn Value,
170,0823-HSCDJ,1,United States,California,Onyx,93255,"35.676978, -118.101378",35.676978,-118.101378,Male,Yes,No,No,52,No,No phone service,DSL,No,Yes,No,No,Yes,Yes,Month-to-month,Yes,Electronic check,49.15,2550.9,Yes,1,90,5597,Competitor offered more data,0.99978477,1,Churn Value,
261,4695-VADHF,1,United States,California,Oakland,94606,"37.792489, -122.244314",37.792489,-122.244314,Male,No,Yes,No,18,Yes,No,DSL,No,No,Yes,No,No,Yes,Month-to-month,No,Electronic check,57.45,990.85,Yes,1,84,2989,Competitor had better devices,0.9997845,0,Churn Value,
829,7410-KTVFV,1,United States,California,Grimes,95950,"39.033058, -121.895718",39.033058,-121.895718,Male,No,Yes,No,18,Yes,No,DSL,No,No,Yes,No,No,No,Month-to-month,Yes,Mailed check,49.55,878.35,Yes,1,97,2815,Competitor offered higher download speeds,0.9997845,0,Churn Value,
674,4323-SADQS,1,United States,California,Concord,94521,"37.971421, -121.971504",37.971421,-121.971504,Male,No,Yes,Yes,7,No,No phone service,DSL,Yes,No,No,Yes,No,No,Month-to-month,Yes,Electronic check,34.5,279.25,Yes,1,93,3520,Service dissatisfaction,0.9997842,1,Churn Value,
969,1150-WFARN,1,United States,California,Brawley,92227,"33.03933, -115.191857",33.03933,-115.191857,Female,No,Yes,No,67,Yes,Yes,Fiber optic,Yes,No,Yes,Yes,Yes,Yes,Two year,Yes,Credit card (automatic),108.75,7156.2,Yes,1,90,5516,Competitor had better devices,0.9997825,1,Churn Value,
164,4160-AMJTL,1,United States,California,Fellows,93224,"35.215731, -119.57013",35.215731,-119.57013,Female,Yes,No,No,8,Yes,No,No,No internet service,No internet service,No internet service,No internet service,No internet service,No internet service,Month-to-month,No,Electronic check,19.65,164.3,Yes,1,83,5432,Competitor offered more data,0.99978155,0,Churn Value,
244,4541-RMRLG,1,United States,California,Hayward,94541,"37.674002, -122.076796",37.674002,-122.076796,Male,No,No,No,7,Yes,No,No,No internet service,No internet service,No internet service,No internet service,No internet service,No internet service,Month-to-month,No,Electronic check,19.25,112.3,Yes,1,82,4489,Competitor offered higher download speeds,0.99978155,0,Churn Value,
1549,0733-VUNUW,1,United States,California,San Francisco,94114,"37.758085, -122.434801",37.758085,-122.434801,Male,No,No,No,24,Yes,Yes,DSL,Yes,No,No,No,No,No,Month-to-month,Yes,Bank transfer (automatic),55.65,1400.55,Yes,1,97,4126,Competitor had better devices,0.99977916,1,Churn Value,
1620,3982-XWFZQ,1,United States,California,Denair,95316,"37.524721, -120.757977",37.524721,-120.757977,Female,No,Yes,No,42,Yes,Yes,DSL,No,No,No,No,No,No,Month-to-month,Yes,Electronic check,50.25,2203.65,Yes,1,97,4873,Competitor offered more data,0.99977916,1,Churn Value,
629,5236-PERKL,1,United States,California,Pearblossom,93553,"34.445239, -117.894868",34.445239,-117.894868,Female,No,No,No,57,Yes,Yes,Fiber optic,Yes,Yes,Yes,No,Yes,Yes,Two year,Yes,Bank transfer (automatic),112.95,6465.0,Yes,1,89,4738,Competitor offered higher download speeds,0.9997769,1,Churn Value,
1468,5271-YNWVR,1,United States,California,Santa Paula,93060,"34.402343, -119.094824",34.402343,-119.094824,Male,No,Yes,No,68,Yes,Yes,Fiber optic,Yes,Yes,Yes,Yes,Yes,Yes,Two year,Yes,Electronic check,113.15,7856.0,Yes,1,90,4610,Extra data charges,0.99977416,1,Churn Value,
1557,4905-JEFDW,1,United States,California,Palo Alto,94306,"37.416159, -122.131337",37.416159,-122.131337,Male,No,No,No,11,No,No phone service,DSL,No,No,Yes,No,Yes,No,One year,Yes,Electronic check,41.6,470.6,Yes,1,81,3119,Competitor offered higher download speeds,0.99976784,0,Churn Value,
1129,4489-SNOJF,1,United States,California,Deer Park,94576,"38.554383, -122.474773",38.554383,-122.474773,Female,No,Yes,Yes,35,Yes,Yes,DSL,Yes,No,Yes,Yes,Yes,No,Month-to-month,No,Electronic check,72.25,2568.55,Yes,1,83,5898,Don't know,0.99976486,1,Churn Value,
1260,9565-JSNFM,1,United States,California,Meadow Valley,95956,"39.937017, -121.058043",39.937017,-121.058043,Male,No,No,No,38,Yes,No,Fiber optic,No,No,No,No,No,No,One year,Yes,Bank transfer (automatic),70.45,2597.6,Yes,1,82,5437,Lack of affordable download/upload speed,0.9997608,1,Churn Value,
1767,9412-ARGBX,1,United States,California,Downey,90241,"33.940884, -118.128628",33.940884,-118.128628,Female,No,No,No,48,Yes,No,Fiber optic,No,Yes,Yes,Yes,Yes,No,Two year,Yes,Mailed check,95.5,4627.85,Yes,1,97,2459,Competitor made better offer,0.9997571,1,Churn Value,
1840,6797-LNAQX,1,United States,California,Poway,92064,"32.984395, -117.013454",32.984395,-117.013454,Male,No,Yes,No,70,Yes,Yes,Fiber optic,No,Yes,No,No,Yes,Yes,Two year,No,Bank transfer (automatic),98.3,6859.5,Yes,1,98,4794,Attitude of service provider,0.9997571,1,Churn Value,
1334,3705-PSNGL,1,United States,California,Cerritos,90703,"33.8681, -118.067402",33.8681,-118.067402,Male,No,No,No,45,Yes,No,No,No internet service,No internet service,No internet service,No internet service,No internet service,No internet service,One year,Yes,Electronic check,20.4,930.45,Yes,1,87,5398,Attitude of support person,0.9997565,0,Churn Value,
998,6598-RFFVI,1,United States,California,San Bernardino,92405,"34.142747, -117.300864",34.142747,-117.300864,Male,No,No,No,2,Yes,No,No,No internet service,No internet service,No internet service,No internet service,No internet service,No internet service,One year,No,Credit card (automatic),19.3,28.3,Yes,1,94,2279,Competitor had better devices,0.9997552,0,Churn Value,
1187,7666-WKRON,1,United States,California,Riverbank,95367,"37.734971, -120.954271",37.734971,-120.954271,Female,No,No,No,39,Yes,No,Fiber optic,No,No,Yes,Yes,No,No,Two year,Yes,Electronic check,80.45,3201.55,Yes,1,85,2224,Lack of self-service on Website,0.9997471,1,Churn Value,
641,2609-IAICY,1,United States,California,North Fork,93643,"37.244307, -119.470256",37.244307,-119.470256,Female,No,No,No,1,Yes,Yes,Fiber optic,No,No,No,No,No,No,Month-to-month,Yes,Electronic check,77.15,77.15,Yes,1,79,2756,Limited range of services,0.9997285,0,Churn Value,
1106,3519-ZKXGG,1,United States,California,San Francisco,94123,"37.800254, -122.436975",37.800254,-122.436975,Female,No,Yes,No,3,Yes,Yes,Fiber optic,No,No,No,No,No,No,Month-to-month,Yes,Electronic check,75.85,256.6,Yes,1,79,4062,Competitor offered more data,0.9997285,0,Churn Value,
1481,1320-HTRDR,1,United States,California,Fellows,93224,"35.215731, -119.57013",35.215731,-119.57013,Female,No,No,No,3,Yes,Yes,Fiber optic,No,No,No,No,No,No,Month-to-month,Yes,Electronic check,75.5,220.6,Yes,1,79,5948,Attitude of service provider,0.9997285,0,Churn Value,
124,0388-EOPEX,1,United States,California,Riverside,92503,"33.890046, -117.455583",33.890046,-117.455583,Female,No,Yes,No,2,Yes,No,Fiber optic,Yes,No,No,No,No,No,Month-to-month,Yes,Electronic check,74.4,139.4,Yes,1,77,4263,Lack of self-service on Website,0.9997212,0,Churn Value,
1170,4806-KEXQR,1,United States,California,Lockeford,95237,"38.166791, -121.14207",38.166791,-121.14207,Male,No,No,No,4,Yes,No,Fiber optic,No,No,No,No,No,Yes,Month-to-month,Yes,Electronic check,79.9,324.3,Yes,1,77,4669,Competitor had better devices,0.9997212,0,Churn Value,
753,7409-KIUTL,1,United States,California,Westley,95387,"37.546007, -121.28257",37.546007,-121.28257,Female,Yes,No,No,1,Yes,No,Fiber optic,No,No,No,No,No,No,Month-to-month,Yes,Electronic check,71.0,71.0,Yes,1,72,5345,Don't know,0.9997212,0,Churn Value,
978,9057-SIHCH,1,United States,California,Twentynine Palms,92278,"34.457829, -116.139589",34.457829,-116.139589,Female,No,No,No,3,Yes,Yes,Fiber optic,No,No,No,No,Yes,Yes,Month-to-month,Yes,Electronic check,96.6,291.9,Yes,1,72,3260,Price too high,0.9997212,0,Churn Value,
1657,4342-HENTK,1,United States,California,Garberville,95542,"40.057784, -123.679461",40.057784,-123.679461,Female,Yes,No,No,2,Yes,No,Fiber optic,No,No,No,No,No,No,Month-to-month,Yes,Electronic check,70.65,142.35,Yes,1,74,2189,Competitor had better devices,0.9997212,0,Churn Value,
1570,2202-CUYXZ,1,United States,California,Dublin,94568,"37.713926, -121.928425",37.713926,-121.928425,Male,No,No,No,1,Yes,No,Fiber optic,No,No,Yes,No,Yes,No,Month-to-month,Yes,Electronic check,84.85,84.85,Yes,1,77,3086,Long distance charges,0.9997212,0,Churn Value,
985,8443-ZRDBZ,1,United States,California,Fontana,92336,"34.136367, -117.460803",34.136367,-117.460803,Male,No,No,No,4,Yes,Yes,Fiber optic,No,No,No,No,No,No,Month-to-month,Yes,Electronic check,76.05,318.9,Yes,1,75,3685,Long distance charges,0.9997212,0,Churn Value,
129,7218-HKQFK,1,United States,California,Homeland,92548,"33.761894, -117.120868",33.761894,-117.120868,Male,No,Yes,No,2,Yes,No,Fiber optic,No,No,No,Yes,Yes,Yes,Month-to-month,Yes,Electronic check,94.2,167.5,Yes,1,72,3715,Don't know,0.9997212,0,Churn Value,
598,7180-PISOG,1,United States,California,Piru,93040,"34.432843, -118.730106",34.432843,-118.730106,Male,No,Yes,No,1,Yes,Yes,Fiber optic,No,No,No,No,No,No,Month-to-month,Yes,Electronic check,74.5,74.5,Yes,1,75,5554,Attitude of service provider,0.9997212,0,Churn Value,
145,2865-TCHJW,1,United States,California,Anaheim,92807,"33.848733, -117.788357",33.848733,-117.788357,Female,Yes,No,No,4,Yes,Yes,Fiber optic,No,No,Yes,No,Yes,No,Month-to-month,Yes,Electronic check,89.2,346.2,Yes,1,74,5808,Competitor had better devices,0.9997212,0,Churn Value,
1848,8083-YTZES,1,United States,California,San Diego,92113,"32.697098, -117.116587",32.697098,-117.116587,Male,No,No,No,4,Yes,Yes,Fiber optic,No,No,No,No,No,No,Month-to-month,Yes,Electronic check,74.35,265.35,Yes,1,73,3622,Attitude of support person,0.9997212,0,Churn Value,
200,1820-TQVEV,1,United States,California,Madera,93638,"37.004068, -119.930027",37.004068,-119.930027,Male,No,No,No,1,Yes,No,Fiber optic,No,No,No,No,No,No,Month-to-month,Yes,Electronic check,69.55,69.55,Yes,1,76,3042,Attitude of support person,0.9997212,0,Churn Value,
1212,7817-BOQPW,1,United States,California,Rio Dell,95562,"40.485849, -124.163234",40.485849,-124.163234,Female,No,No,No,2,Yes,Yes,Fiber optic,No,No,No,No,No,No,Month-to-month,Yes,Electronic check,75.55,166.3,Yes,1,77,4320,Competitor made better offer,0.9997212,0,Churn Value,
89,2034-GDRCN,1,United States,California,Valley Center,92082,"33.25283, -116.986079",33.25283,-116.986079,Female,No,No,No,2,Yes,No,Fiber optic,No,No,No,No,Yes,Yes,Month-to-month,Yes,Electronic check,90.4,168.2,Yes,1,76,4157,Don't know,0.9997212,0,Churn Value,
623,3722-WPXTK,1,United States,California,Benton,93512,"37.653947, -118.231443",37.653947,-118.231443,Male,No,No,No,1,Yes,No,Fiber optic,No,No,No,No,Yes,Yes,Month-to-month,Yes,Electronic check,88.35,88.35,Yes,1,72,4254,Competitor offered higher download speeds,0.9997212,0,Churn Value,
1314,1867-BDVFH,1,United States,California,Los Angeles,90056,"33.987945, -118.370442",33.987945,-118.370442,Male,No,Yes,No,11,Yes,Yes,Fiber optic,No,No,No,No,No,No,Month-to-month,Yes,Electronic check,74.35,834.2,Yes,1,80,5075,Competitor made better offer,0.99971896,0,Churn Value,
1681,8884-ADFVN,1,United States,California,Roseville,95678,"38.759751, -121.288545",38.759751,-121.288545,Male,Yes,Yes,No,7,Yes,Yes,Fiber optic,No,No,Yes,No,Yes,Yes,Month-to-month,Yes,Electronic check,101.95,700.85,Yes,1,74,2016,Don't know,0.9997168,0,Churn Value,
886,5178-LMXOP,1,United States,California,Gardena,90248,"33.876482, -118.284077",33.876482,-118.284077,Male,Yes,Yes,No,1,Yes,Yes,Fiber optic,No,No,No,No,Yes,Yes,Month-to-month,Yes,Electronic check,95.1,95.1,Yes,1,70,5795,Price too high,0.99971443,0,Churn Value,
1198,3750-CKVKH,1,United States,California,Clearlake Oaks,95423,"39.07116, -122.598542",39.07116,-122.598542,Male,No,No,No,2,Yes,No,Fiber optic,No,No,No,No,No,No,Month-to-month,Yes,Electronic check,67.75,116.65,Yes,1,71,2299,Don't know,0.99971443,0,Churn Value,
1671,8752-STIVR,1,United States,California,Elmira,95625,"38.349195, -121.902943",38.349195,-121.902943,Female,No,No,No,4,Yes,No,Fiber optic,No,No,No,No,Yes,No,Month-to-month,Yes,Electronic check,79.0,303.15,Yes,1,69,2085,Limited range of services,0.99971443,0,Churn Value,
1760,4415-IJZTP,1,United States,California,Los Angeles,90027,"34.127194, -118.295647",34.127194,-118.295647,Female,No,No,No,1,Yes,Yes,Fiber optic,No,No,No,No,No,No,Month-to-month,Yes,Electronic check,74.5,74.5,Yes,1,69,2016,Competitor had better devices,0.99971443,0,Churn Value,
446,8593-WHYHV,1,United States,California,Los Angeles,90047,"33.958149, -118.308441",33.958149,-118.308441,Male,No,No,No,3,Yes,Yes,Fiber optic,No,No,No,No,No,Yes,Month-to-month,Yes,Electronic check,85.3,264.8,Yes,1,67,4934,Don't know,0.99971443,0,Churn Value,
1818,0295-PPHDO,1,United States,California,La Puente,91744,"34.031441, -117.936436",34.031441,-117.936436,Male,No,No,No,1,Yes,Yes,Fiber optic,No,No,No,No,Yes,Yes,Month-to-month,Yes,Electronic check,95.45,95.45,Yes,1,71,5962,Attitude of support person,0.99971443,0,Churn Value,
1016,0004-TLHLJ,1,United States,California,Costa Mesa,92627,"33.645672, -117.922613",33.645672,-117.922613,Male,No,No,No,4,Yes,No,Fiber optic,No,No,Yes,No,No,No,Month-to-month,Yes,Electronic check,73.9,280.85,Yes,1,71,4479,Price too high,0.99971443,0,Churn Value,
1053,1731-TVIUK,1,United States,California,Tipton,93272,"36.047414, -119.344304",36.047414,-119.344304,Female,No,No,No,4,Yes,Yes,Fiber optic,No,Yes,No,Yes,No,Yes,Month-to-month,Yes,Electronic check,93.5,362.2,Yes,1,73,4554,Limited range of services,0.9997116,1,Churn Value,
362,7249-WBIYX,1,United States,California,Elmira,95625,"38.349195, -121.902943",38.349195,-121.902943,Male,No,Yes,No,10,Yes,Yes,Fiber optic,No,No,No,No,Yes,No,Month-to-month,Yes,Electronic check,85.6,813.85,Yes,1,70,5146,Competitor offered more data,0.9997098,0,Churn Value,
809,6979-ZNSFF,1,United States,California,Pollock Pines,95726,"38.733908, -120.453416",38.733908,-120.453416,Female,No,No,No,8,Yes,Yes,Fiber optic,No,No,No,No,Yes,No,Month-to-month,Yes,Electronic check,87.05,762.1,Yes,1,69,2545,Price too high,0.9997098,0,Churn Value,
588,2482-CZGBB,1,United States,California,Anaheim,92804,"33.818, -117.974404",33.818,-117.974404,Male,No,No,No,10,Yes,No,Fiber optic,No,No,No,No,No,No,Month-to-month,Yes,Electronic check,70.0,740.0,Yes,1,67,3156,Attitude of support person,0.9997098,0,Churn Value,
1225,3006-XIMLN,1,United States,California,Garden Valley,95633,"38.852544, -120.837669",38.852544,-120.837669,Female,No,No,No,2,Yes,Yes,Fiber optic,No,No,No,No,Yes,Yes,Month-to-month,Yes,Bank transfer (automatic),94.2,193.8,Yes,1,79,5299,Lack of self-service on Website,0.99970883,0,Churn Value,
988,2959-MJHIC,1,United States,California,Hinkley,92347,"34.983808, -117.239306",34.983808,-117.239306,Male,No,Yes,No,4,Yes,No,Fiber optic,No,No,No,No,Yes,No,Month-to-month,Yes,Electronic check,80.35,307.4,Yes,1,65,4167,Product dissatisfaction,0.999708,0,Churn Value,
284,9878-TNQGW,1,United States,California,Davenport,95017,"37.114335, -122.237162",37.114335,-122.237162,Male,No,No,No,2,Yes,No,Fiber optic,No,No,No,No,No,Yes,Month-to-month,Yes,Electronic check,80.95,171.15,Yes,1,65,3533,Competitor made better offer,0.999708,0,Churn Value,
803,7005-CCBKV,1,United States,California,Thornton,95686,"38.157794, -121.520223",38.157794,-121.520223,Male,No,No,No,6,Yes,No,Fiber optic,No,Yes,No,No,No,Yes,Month-to-month,Yes,Electronic check,84.4,556.35,Yes,1,77,4539,Service dissatisfaction,0.9997069,1,Churn Value,
223,9851-KIELU,1,United States,California,Loma Mar,94021,"37.266388, -122.26308",37.266388,-122.26308,Male,No,No,No,10,Yes,No,Fiber optic,Yes,Yes,Yes,Yes,Yes,Yes,Month-to-month,Yes,Electronic check,110.1,1043.3,Yes,1,76,5803,Competitor made better offer,0.9997069,1,Churn Value,
570,2737-YNGYW,1,United States,California,Hemet,92543,"33.739415, -116.968339",33.739415,-116.968339,Female,No,No,No,2,Yes,No,Fiber optic,No,No,No,No,No,Yes,Month-to-month,No,Electronic check,80.55,184.1,Yes,1,69,2856,Attitude of support person,0.999706,0,Churn Value,
470,6910-HADCM,1,United States,California,Long Beach,90808,"33.823943, -118.111335",33.823943,-118.111335,Female,No,No,No,1,Yes,No,Fiber optic,No,No,Yes,No,No,No,Month-to-month,No,Electronic check,76.35,76.35,Yes,1,67,5613,Attitude of support person,0.999706,0,Churn Value,
1827,1400-MMYXY,1,United States,California,Alhambra,91801,"34.090925, -118.128164",34.090925,-118.128164,Male,Yes,Yes,No,3,Yes,Yes,Fiber optic,No,Yes,Yes,No,Yes,Yes,Month-to-month,Yes,Electronic check,105.9,334.65,Yes,1,71,2715,Attitude of service provider,0.9997044,1,Churn Value,
1538,9507-EXLTT,1,United States,California,Seaside,93955,"36.625114, -121.823565",36.625114,-121.823565,Female,No,Yes,No,1,Yes,No,Fiber optic,No,No,No,No,Yes,No,Month-to-month,Yes,Bank transfer (automatic),79.35,79.35,Yes,1,77,3492,Attitude of support person,0.9997011,0,Churn Value,
1868,8361-LTMKD,1,United States,California,Apple Valley,92307,"34.55082, -117.122396",34.55082,-117.122396,Male,Yes,Yes,No,4,Yes,Yes,Fiber optic,No,No,No,No,No,No,Month-to-month,Yes,Mailed check,74.4,306.6,Yes,1,77,5839,Competitor offered more data,0.9997011,0,Churn Value,
655,5186-SAMNZ,1,United States,California,Marina,93933,"36.689582, -121.758398",36.689582,-121.758398,Male,Yes,No,No,1,Yes,No,Fiber optic,No,No,No,No,No,No,Month-to-month,Yes,Bank transfer (automatic),69.5,69.5,Yes,1,77,3273,Price too high,0.9997011,0,Churn Value,
807,6376-GAHQE,1,United States,California,Dutch Flat,95714,"39.197215, -120.83679",39.197215,-120.83679,Male,No,No,No,4,Yes,No,Fiber optic,No,No,No,No,Yes,No,Month-to-month,No,Electronic check,77.85,299.2,Yes,1,65,2140,Don't know,0.9996995,0,Churn Value,
1339,9940-RHLFB,1,United States,California,Sunset Beach,90742,"33.719221, -118.073596",33.719221,-118.073596,Female,No,No,No,1,Yes,No,Fiber optic,No,No,Yes,No,No,No,Month-to-month,No,Electronic check,75.3,75.3,Yes,1,66,2176,Competitor made better offer,0.9996995,0,Churn Value,
762,9747-DDZOS,1,United States,California,Eldridge,95431,"38.348884, -122.51699",38.348884,-122.51699,Female,No,No,No,1,Yes,No,Fiber optic,No,No,Yes,No,No,No,Month-to-month,No,Bank transfer (automatic),73.5,73.5,Yes,1,74,4378,Network reliability,0.9996923,0,Churn Value,
490,0923-PNFUB,1,United States,California,Westlake Village,91361,"34.130992, -118.894673",34.130992,-118.894673,Female,No,No,No,3,Yes,No,Fiber optic,No,Yes,No,No,Yes,No,Month-to-month,No,Electronic check,83.75,247.25,Yes,1,65,4852,Attitude of support person,0.999689,0,Churn Value,
770,7410-YTJIK,1,United States,California,Eureka,95501,"40.796621, -124.15428",40.796621,-124.15428,Female,No,No,No,7,Yes,Yes,Fiber optic,No,No,No,No,No,No,Month-to-month,No,Mailed check,75.45,480.75,Yes,1,75,2872,Lack of self-service on Website,0.99968743,0,Churn Value,
280,6166-ILMNY,1,United States,California,Tomales,94971,"38.240769, -122.901041",38.240769,-122.901041,Female,No,No,No,2,Yes,No,Fiber optic,No,No,No,No,No,No,Month-to-month,No,Bank transfer (automatic),69.75,144.55,Yes,1,68,5667,Competitor offered more data,0.9996848,0,Churn Value,
808,5052-PNLOS,1,United States,California,Echo Lake,95721,"38.851842, -120.076204",38.851842,-120.076204,Male,No,No,No,3,Yes,Yes,Fiber optic,No,Yes,Yes,No,Yes,Yes,Month-to-month,Yes,Bank transfer (automatic),105.35,323.25,Yes,1,65,3662,Don't know,0.99968183,1,Churn Value,
917,4706-AXVKM,1,United States,California,Stevenson Ranch,91381,"34.364153, -118.615583",34.364153,-118.615583,Female,Yes,No,No,11,Yes,Yes,Fiber optic,No,No,No,No,No,Yes,Month-to-month,Yes,Credit card (automatic),84.8,906.85,Yes,1,67,5118,Extra data charges,0.9996811,0,Churn Value,
1633,6328-ZPBGN,1,United States,California,Riverbank,95367,"37.734971, -120.954271",37.734971,-120.954271,Female,Yes,No,No,11,Yes,Yes,Fiber optic,No,No,No,No,Yes,Yes,Month-to-month,Yes,Bank transfer (automatic),95.15,997.65,Yes,1,71,4074,Extra data charges,0.9996811,0,Churn Value,
354,2845-HSJCY,1,United States,California,Whitethorn,95589,"40.053159, -123.995867",40.053159,-123.995867,Female,No,Yes,No,14,Yes,Yes,Fiber optic,No,No,Yes,No,No,Yes,Month-to-month,Yes,Electronic check,87.25,1258.6,Yes,1,78,4786,Competitor offered higher download speeds,0.9996692,0,Churn Value,
11,6047-YHPVI,1,United States,California,Los Angeles,90039,"34.110845, -118.259595",34.110845,-118.259595,Male,No,No,Yes,5,Yes,No,Fiber optic,No,No,No,No,No,No,Month-to-month,Yes,Electronic check,69.7,316.9,Yes,1,66,2454,Competitor offered higher download speeds,0.9996637,3,Churn Value,
783,9685-WKZGT,1,United States,California,Carmichael,95608,"38.626128, -121.328011",38.626128,-121.328011,Male,Yes,No,No,14,Yes,Yes,Fiber optic,No,No,No,No,No,No,Month-to-month,Yes,Electronic check,74.95,1036.75,Yes,1,70,2075,Extra data charges,0.9996587,0,Churn Value,
1517,3374-LXDEV,1,United States,California,Pearblossom,93553,"34.445239, -117.894868",34.445239,-117.894868,Female,No,No,No,13,Yes,Yes,Fiber optic,No,Yes,Yes,Yes,No,No,Month-to-month,No,Electronic check,89.4,1132.35,Yes,1,75,2226,Attitude of service provider,0.99965763,1,Churn Value,
1745,0023-XUOPT,1,United States,California,Carnelian Bay,96140,"39.227434, -120.091806",39.227434,-120.091806,Female,No,Yes,No,13,Yes,Yes,Fiber optic,No,Yes,Yes,No,Yes,No,Month-to-month,No,Electronic check,94.1,1215.6,Yes,1,75,2973,Don't know,0.99965537,1,Churn Value,
654,8245-UMPYT,1,United States,California,Lockwood,93932,"35.989792, -121.055933",35.989792,-121.055933,Female,Yes,No,No,16,Yes,Yes,Fiber optic,No,No,No,No,Yes,Yes,Month-to-month,Yes,Electronic check,96.4,1581.2,Yes,1,80,2688,Poor expertise of phone support,0.99965405,1,Churn Value,
399,7881-EVUAD,1,United States,California,Oroville,95966,"39.473896, -121.415927",39.473896,-121.415927,Female,No,No,No,2,No,No phone service,DSL,Yes,Yes,No,No,No,Yes,Month-to-month,Yes,Electronic check,42.6,72.4,Yes,1,79,4648,Competitor offered more data,0.9996511,0,Churn Value,
1485,6821-BUXUX,1,United States,California,Maricopa,93252,"34.737031, -119.460557",34.737031,-119.460557,Female,No,No,No,13,Yes,Yes,Fiber optic,Yes,Yes,No,No,Yes,No,Month-to-month,Yes,Electronic check,96.65,1244.5,Yes,1,65,2110,Attitude of support person,0.99965096,1,Churn Value,
1447,4631-OACRM,1,United States,California,Lake Forest,92630,"33.644849, -117.684254",33.644849,-117.684254,Male,Yes,No,No,15,Yes,No,Fiber optic,No,No,No,No,No,Yes,Month-to-month,Yes,Electronic check,79.4,1156.1,Yes,1,74,3621,Competitor offered higher download speeds,0.99965096,0,Churn Value,
477,8080-DDEMJ,1,United States,California,Glendale,91204,"34.136306, -118.26036",34.136306,-118.26036,Male,Yes,No,No,1,Yes,No,DSL,No,No,No,No,No,No,Month-to-month,No,Electronic check,45.1,45.1,Yes,1,79,4499,Attitude of support person,0.9996494,0,Churn Value,
33,0390-DCFDQ,1,United States,California,Los Alamitos,90720,"33.79499, -118.065591",33.79499,-118.065591,Female,Yes,Yes,Yes,1,Yes,No,Fiber optic,No,No,No,No,No,No,Month-to-month,Yes,Mailed check,70.45,70.45,Yes,1,76,3964,Don't know,0.9996474,3,Churn Value,
482,2485-ITVKB,1,United States,California,Northridge,91325,"34.236683, -118.517588",34.236683,-118.517588,Female,No,Yes,No,2,No,No phone service,DSL,No,No,No,No,No,Yes,Month-to-month,Yes,Electronic check,35.1,68.75,Yes,1,78,2643,Attitude of support person,0.9996462,0,Churn Value,
1609,3063-QFSZL,1,United States,California,San Jose,95135,"37.28682, -121.723877",37.28682,-121.723877,Female,No,No,No,1,Yes,No,DSL,No,No,No,No,No,Yes,Month-to-month,Yes,Electronic check,55.4,55.4,Yes,1,70,2294,Network reliability,0.99964535,0,Churn Value,
194,4678-DVQEO,1,United States,California,Bass Lake,93604,"37.458367, -119.345011",37.458367,-119.345011,Female,No,No,No,1,Yes,No,DSL,No,No,No,Yes,No,No,Month-to-month,Yes,Electronic check,52.2,52.2,Yes,1,71,4138,Competitor made better offer,0.99964535,0,Churn Value,
494,4547-LYTDD,1,United States,California,North Hollywood,91601,"34.1692, -118.372498",34.1692,-118.372498,Female,No,No,No,16,Yes,Yes,Fiber optic,No,No,No,No,No,No,Month-to-month,No,Electronic check,72.65,1194.3,Yes,1,73,2850,Attitude of support person,0.99963915,0,Churn Value,
1169,3018-TFTSU,1,United States,California,Hathaway Pines,95233,"38.184914, -120.364085",38.184914,-120.364085,Male,No,No,No,12,Yes,No,Fiber optic,Yes,No,Yes,No,No,No,Month-to-month,No,Bank transfer (automatic),81.7,858.6,Yes,1,76,2850,Poor expertise of phone support,0.9996389,0,Churn Value,
452,3877-JRJIP,1,United States,California,Hawthorne,90250,"33.914775, -118.348083",33.914775,-118.348083,Male,No,No,No,1,Yes,Yes,DSL,No,No,No,No,Yes,No,Month-to-month,Yes,Electronic check,59.85,59.85,Yes,1,71,4017,Attitude of support person,0.999637,0,Churn Value,
1148,2057-ZBLPD,1,United States,California,Los Gatos,95032,"37.233034, -121.947427",37.233034,-121.947427,Female,No,Yes,No,21,Yes,Yes,Fiber optic,No,No,No,No,No,Yes,Month-to-month,Yes,Electronic check,86.5,1808.7,Yes,1,72,2036,Competitor offered more data,0.9996362,1,Churn Value,
555,2955-BJZHG,1,United States,California,Apple Valley,92308,"34.424926, -117.184503",34.424926,-117.184503,Male,No,Yes,No,17,Yes,No,Fiber optic,No,No,No,No,Yes,No,Month-to-month,No,Electronic check,80.85,1400.85,Yes,1,77,5174,Attitude of service provider,0.9996327,1,Churn Value,
297,0841-NULXI,1,United States,California,Stockton,95209,"38.044523, -121.348048",38.044523,-121.348048,Male,No,No,No,1,No,No phone service,DSL,No,No,No,No,No,Yes,Month-to-month,Yes,Electronic check,35.55,35.55,Yes,1,71,3958,Don't know,0.9996325,0,Churn Value,
349,1768-ZAIFU,1,United States,California,Rio Dell,95562,"40.485849, -124.163234",40.485849,-124.163234,Female,Yes,No,No,1,No,No phone service,DSL,No,No,No,No,No,No,Month-to-month,Yes,Electronic check,25.2,25.2,Yes,1,67,5688,Competitor made better offer,0.99962556,0,Churn Value,
227,9227-LUNBG,1,United States,California,Pescadero,94060,"37.22565, -122.297533",37.22565,-122.297533,Female,No,No,No,1,No,No phone service,DSL,No,No,No,No,No,No,Month-to-month,No,Electronic check,24.6,24.6,Yes,1,76,5768,Price too high,0.9996253,0,Churn Value,
1279,8993-PHFWD,1,United States,California,Old Station,96071,"40.656287, -121.428965",40.656287,-121.428965,Female,No,No,No,3,No,No phone service,DSL,No,No,No,No,No,No,Month-to-month,No,Electronic check,25.25,58.9,Yes,1,76,2088,Competitor offered higher download speeds,0.9996253,0,Churn Value,
1817,5480-HPRRX,1,United States,California,Glendora,91740,"34.119363, -117.855059",34.119363,-117.855059,Female,Yes,No,No,3,No,No phone service,DSL,No,No,No,No,No,No,Month-to-month,No,Electronic check,25.3,77.75,Yes,1,74,3542,Attitude of support person,0.9996253,0,Churn Value,
1615,0871-URUWO,1,United States,California,Sheep Ranch,95250,"38.244806, -120.417301",38.244806,-120.417301,Male,No,Yes,No,13,Yes,Yes,Fiber optic,No,No,Yes,No,Yes,Yes,Month-to-month,Yes,Credit card (automatic),102.25,1359.0,Yes,1,66,2003,Competitor had better devices,0.99962413,1,Churn Value,
16,7495-OOKFY,1,United States,California,Los Angeles,90063,"34.044271, -118.185237",34.044271,-118.185237,Female,Yes,Yes,Yes,8,Yes,Yes,Fiber optic,No,Yes,No,No,No,No,Month-to-month,Yes,Credit card (automatic),80.65,633.3,Yes,1,69,5302,Competitor made better offer,0.9996207,3,Churn Value,
702,4283-FUTGF,1,United States,California,El Sobrante,94803,"37.963995, -122.288296",37.963995,-122.288296,Male,Yes,No,No,19,Yes,Yes,Fiber optic,No,No,Yes,No,No,No,Month-to-month,Yes,Electronic check,79.85,1471.75,Yes,1,65,3715,Network reliability,0.9996189,1,Churn Value,
810,2386-LAHRK,1,United States,California,Weimar,95736,"39.00978, -120.978273",39.00978,-120.978273,Male,No,No,No,1,Yes,No,DSL,No,No,No,No,Yes,No,Month-to-month,Yes,Mailed check,53.5,53.5,Yes,1,80,5094,Product dissatisfaction,0.9996166,0,Churn Value,
1350,6892-XPFPU,1,United States,California,Pasadena,91107,"34.159007, -118.087353",34.159007,-118.087353,Male,Yes,Yes,No,24,Yes,Yes,Fiber optic,No,Yes,Yes,No,Yes,Yes,Month-to-month,Yes,Electronic check,104.25,2433.9,Yes,1,80,2104,Competitor offered higher download speeds,0.99960834,1,Churn Value,
1048,2860-RANUS,1,United States,California,Mc Kittrick,93251,"35.38381, -119.730885",35.38381,-119.730885,Female,Yes,No,No,20,Yes,Yes,Fiber optic,No,No,No,No,No,Yes,Month-to-month,Yes,Credit card (automatic),85.8,1727.5,Yes,1,75,3336,Price too high,0.9996031,1,Churn Value,
717,2495-INZWQ,1,United States,California,San Juan Bautista,95045,"36.810568, -121.503022",36.810568,-121.503022,Male,No,No,No,4,No,No phone service,DSL,No,No,No,No,Yes,Yes,Month-to-month,Yes,Electronic check,44.55,174.3,Yes,1,66,5605,Attitude of service provider,0.9996018,0,Churn Value,
428,4248-QPAVC,1,United States,California,Portola,96122,"39.786755, -120.445626",39.786755,-120.445626,Female,Yes,Yes,No,17,Yes,Yes,Fiber optic,Yes,No,Yes,No,No,No,Month-to-month,Yes,Bank transfer (automatic),85.35,1463.45,Yes,1,70,3209,Competitor made better offer,0.99959904,1,Churn Value,
120,6227-HWPWX,1,United States,California,Victorville,92392,"34.486835, -117.362274",34.486835,-117.362274,Female,No,No,No,15,Yes,No,Fiber optic,No,No,No,No,No,No,Month-to-month,No,Bank transfer (automatic),69.0,994.8,Yes,1,73,5671,Competitor had better devices,0.99959725,0,Churn Value,
1164,8280-MQRQN,1,United States,California,Arnold,95223,"38.32153, -120.236358",38.32153,-120.236358,Female,No,No,No,1,Yes,No,DSL,No,No,Yes,No,No,No,Month-to-month,Yes,Mailed check,50.45,50.45,Yes,1,69,2806,Network reliability,0.9995968,0,Churn Value,
796,5692-FPTAH,1,United States,California,Nicolaus,95659,"38.788898, -121.608624",38.788898,-121.608624,Female,No,No,No,1,Yes,No,DSL,No,No,No,No,No,No,Month-to-month,Yes,Mailed check,45.4,45.4,Yes,1,67,2168,Network reliability,0.9995968,0,Churn Value,
365,3334-CTHOL,1,United States,California,Jackson,95642,"38.336216, -120.76901",38.336216,-120.76901,Female,No,No,No,1,Yes,Yes,DSL,No,No,No,No,No,No,Month-to-month,Yes,Bank transfer (automatic),49.95,49.95,Yes,1,71,2041,Competitor had better devices,0.9995968,0,Churn Value,
691,4873-ILOLJ,1,United States,California,Sunol,94586,"37.587494, -121.862856",37.587494,-121.862856,Male,No,No,No,24,Yes,No,Fiber optic,No,No,No,No,Yes,Yes,Month-to-month,Yes,Electronic check,90.35,2238.5,Yes,1,67,5546,Service dissatisfaction,0.99959415,1,Churn Value,
1475,6284-AHOOQ,1,United States,California,Avenal,93204,"35.916943, -120.129921",35.916943,-120.129921,Male,Yes,No,No,22,Yes,Yes,Fiber optic,No,No,No,Yes,Yes,No,Month-to-month,Yes,Bank transfer (automatic),90.5,1910.6,Yes,1,71,5014,Don't know,0.99959344,1,Churn Value,
1599,6338-AVWCY,1,United States,California,Hollister,95023,"36.875409, -121.279679",36.875409,-121.279679,Male,No,No,No,3,No,No phone service,DSL,No,No,Yes,No,Yes,No,Month-to-month,Yes,Mailed check,40.15,130.75,Yes,1,75,4710,Lack of self-service on Website,0.9995925,0,Churn Value,
999,6712-OAWRH,1,United States,California,San Bernardino,92408,"34.084909, -117.258107",34.084909,-117.258107,Female,Yes,No,No,26,Yes,No,Fiber optic,No,No,No,No,Yes,Yes,Month-to-month,Yes,Electronic check,91.25,2351.8,Yes,1,76,5154,Competitor offered higher download speeds,0.9995915,1,Churn Value,
1630,8650-RHRKE,1,United States,California,Oakdale,95361,"37.785033, -120.776141",37.785033,-120.776141,Male,No,No,No,4,No,No phone service,DSL,No,No,Yes,No,No,No,Month-to-month,Yes,Electronic check,29.65,118.5,Yes,1,71,4207,Limited range of services,0.9995888,0,Churn Value,
1012,3932-CMDTD,1,United States,California,Foothill Ranch,92610,"33.698728, -117.67768",33.698728,-117.67768,Female,No,No,No,4,Yes,No,Fiber optic,No,Yes,Yes,Yes,Yes,Yes,One year,Yes,Electronic check,105.65,443.9,Yes,1,66,4663,Limited range of services,0.9995876,2,Churn Value,
1857,6304-IJFSQ,1,United States,California,Calipatria,92233,"33.143826, -115.497485",33.143826,-115.497485,Male,No,No,No,3,Yes,No,DSL,No,Yes,No,No,No,No,Month-to-month,Yes,Mailed check,49.9,130.1,Yes,1,73,5585,Moved,0.9995859,0,Churn Value,
1356,3672-YITQD,1,United States,California,Castaic,91384,"34.506627, -118.699048",34.506627,-118.699048,Male,Yes,Yes,No,36,Yes,Yes,Fiber optic,No,No,No,No,No,Yes,Month-to-month,Yes,Electronic check,84.1,3021.6,Yes,1,79,2987,Competitor made better offer,0.9995844,1,Churn Value,
879,3891-PUQOD,1,United States,California,Los Angeles,90063,"34.044271, -118.185237",34.044271,-118.185237,Female,No,No,Yes,1,Yes,No,DSL,No,No,Yes,No,No,Yes,Month-to-month,No,Electronic check,59.2,59.2,Yes,1,65,5020,Service dissatisfaction,0.99958366,0,Churn Value,
1685,7851-FLGGQ,1,United States,California,Wheatland,95692,"39.043387, -121.409837",39.043387,-121.409837,Male,No,No,No,1,No,No phone service,DSL,No,Yes,No,Yes,No,Yes,Month-to-month,Yes,Mailed check,44.65,44.65,Yes,1,66,3704,Competitor had better devices,0.99958104,0,Churn Value,
489,7054-LGEQW,1,United States,California,Canyon Country,91351,"34.422519, -118.420717",34.422519,-118.420717,Female,No,No,No,1,Yes,No,DSL,No,No,No,No,No,No,Month-to-month,No,Mailed check,45.95,45.95,Yes,1,69,4888,Attitude of support person,0.99958056,0,Churn Value,
71,9512-UIBFX,1,United States,California,West Covina,91791,"34.061634, -117.893169",34.061634,-117.893169,Male,No,Yes,No,18,Yes,No,Fiber optic,No,No,Yes,No,Yes,Yes,Month-to-month,No,Mailed check,95.15,1779.95,Yes,1,68,4643,Don't know,0.9995796,1,Churn Value,
925,8914-RBTSB,1,United States,California,Valley Village,91607,"34.165783, -118.399795",34.165783,-118.399795,Male,No,Yes,No,31,Yes,Yes,Fiber optic,No,Yes,Yes,No,Yes,No,Month-to-month,No,Electronic check,93.8,3019.5,Yes,1,79,4115,Don't know,0.9995764,1,Churn Value,
952,7579-OOPEC,1,United States,California,Pala,92059,"33.384345, -117.072619",33.384345,-117.072619,Female,Yes,Yes,No,2,Yes,No,DSL,No,Yes,No,No,No,No,Month-to-month,No,Credit card (automatic),50.15,115.1,Yes,1,78,5461,Long distance charges,0.9995751,0,Churn Value,
1083,0576-WNXXC,1,United States,California,Parlier,93648,"36.622237, -119.521126",36.622237,-119.521126,Male,Yes,Yes,No,27,Yes,Yes,Fiber optic,No,Yes,Yes,No,No,Yes,Month-to-month,Yes,Electronic check,95.55,2510.2,Yes,1,75,2999,Service dissatisfaction,0.99957484,1,Churn Value,
830,8393-DLHGA,1,United States,California,Palermo,95968,"39.435756, -121.552071",39.435756,-121.552071,Male,No,No,No,25,Yes,No,Fiber optic,No,Yes,No,No,Yes,Yes,Month-to-month,Yes,Electronic check,95.9,2448.75,Yes,1,68,2241,Competitor offered more data,0.99957055,1,Churn Value,
257,1989-PRJHP,1,United States,California,Pleasanton,94588,"37.685052, -121.912061",37.685052,-121.912061,Male,Yes,Yes,No,27,Yes,Yes,Fiber optic,No,No,No,No,No,No,Month-to-month,Yes,Electronic check,75.5,1893.95,Yes,1,65,2377,Competitor had better devices,0.999566,1,Churn Value,
135,8397-MVTAZ,1,United States,California,Sun City,92587,"33.69887, -117.25071",33.69887,-117.25071,Male,No,Yes,No,34,Yes,Yes,Fiber optic,No,No,Yes,No,Yes,Yes,Month-to-month,Yes,Electronic check,100.05,3480.0,Yes,1,72,2568,Don't know,0.999566,1,Churn Value,
1674,7623-TRNQN,1,United States,California,Jackson,95642,"38.336216, -120.76901",38.336216,-120.76901,Male,No,No,Yes,1,Yes,No,DSL,No,No,No,Yes,No,No,Month-to-month,Yes,Mailed check,49.9,49.9,Yes,1,72,3113,Extra data charges,0.9995653,0,Churn Value,
1161,6543-XRMYR,1,United States,California,Stockton,95209,"38.044523, -121.348048",38.044523,-121.348048,Female,Yes,No,No,30,Yes,Yes,Fiber optic,No,Yes,No,No,Yes,Yes,Month-to-month,Yes,Electronic check,99.7,2967.35,Yes,1,69,3548,Product dissatisfaction,0.99956435,1,Churn Value,
834,9907-SWKKF,1,United States,California,Twain,95984,"40.022184, -121.062384",40.022184,-121.062384,Female,Yes,No,No,1,No,No phone service,DSL,No,No,No,No,No,No,Month-to-month,No,Mailed check,25.05,25.05,Yes,1,65,4842,Competitor offered higher download speeds,0.99955374,0,Churn Value,
252,9369-XFEHK,1,United States,California,Pleasanton,94566,"37.633361, -121.862395",37.633361,-121.862395,Female,Yes,Yes,No,33,Yes,Yes,Fiber optic,No,Yes,No,No,No,No,Month-to-month,Yes,Bank transfer (automatic),80.6,2656.5,Yes,1,72,3601,Competitor offered more data,0.9995504,1,Churn Value,
1618,0870-VEMYL,1,United States,California,Columbia,95310,"38.085839, -120.37855",38.085839,-120.37855,Female,No,No,No,5,Yes,No,DSL,Yes,No,No,Yes,No,No,Month-to-month,No,Credit card (automatic),53.85,259.8,Yes,1,74,5435,Competitor offered higher download speeds,0.99955004,0,Churn Value,
840,7250-EQKIY,1,United States,California,Fort Jones,96032,"41.5837, -122.935922",41.5837,-122.935922,Female,No,Yes,Yes,1,Yes,No,DSL,No,No,Yes,No,No,No,Month-to-month,No,Mailed check,50.45,50.45,Yes,1,75,2426,Competitor made better offer,0.9995478,0,Churn Value,
857,5828-AVIPD,1,United States,California,Sierraville,96126,"39.559709, -120.345639",39.559709,-120.345639,Male,No,Yes,No,19,Yes,Yes,Fiber optic,No,No,No,Yes,Yes,Yes,One year,Yes,Electronic check,100.95,1875.55,Yes,1,73,4072,Don't know,0.99954444,2,Churn Value,
1732,6661-HBGWL,1,United States,California,Mineral,96063,"40.408796, -121.579609",40.408796,-121.579609,Female,Yes,No,No,42,Yes,Yes,Fiber optic,No,Yes,Yes,No,Yes,Yes,Month-to-month,Yes,Bank transfer (automatic),104.75,4323.45,Yes,1,79,2984,Network reliability,0.99954337,1,Churn Value,
797,1550-LOAHA,1,United States,California,Orangevale,95662,"38.689174, -121.218435",38.689174,-121.218435,Female,No,Yes,No,32,Yes,No,Fiber optic,No,Yes,No,No,No,Yes,Month-to-month,No,Bank transfer (automatic),84.15,2585.95,Yes,1,74,4017,Limited range of services,0.9995352,1,Churn Value,
533,6845-RGTYS,1,United States,California,San Diego,92110,"32.76501, -117.19938",32.76501,-117.19938,Female,No,Yes,No,47,Yes,Yes,Fiber optic,Yes,Yes,Yes,No,Yes,No,Month-to-month,Yes,Electronic check,98.75,4533.7,Yes,1,80,4622,Product dissatisfaction,0.9995352,1,Churn Value,
1513,0363-QJVFX,1,United States,California,Lake Hughes,93532,"34.659579, -118.584212",34.659579,-118.584212,Male,No,No,No,32,Yes,Yes,Fiber optic,Yes,Yes,No,Yes,Yes,Yes,Month-to-month,Yes,Credit card (automatic),108.15,3432.9,Yes,1,69,2541,Attitude of service provider,0.999534,1,Churn Value,
431,3331-HQDTW,1,United States,California,Homewood,96141,"39.117018, -120.212535",39.117018,-120.212535,Female,No,No,No,34,Yes,Yes,Fiber optic,Yes,Yes,Yes,No,Yes,Yes,Month-to-month,Yes,Mailed check,109.8,3587.25,Yes,1,78,3410,Extra data charges,0.9995327,1,Churn Value,
430,4690-LLKUA,1,United States,California,Topaz,96133,"38.636052, -119.489162",38.636052,-119.489162,Male,Yes,No,No,17,Yes,No,DSL,No,No,No,No,No,No,Month-to-month,Yes,Electronic check,45.05,770.6,Yes,1,65,3797,Extra data charges,0.99953055,0,Churn Value,
750,0310-MVLET,1,United States,California,Snelling,95369,"37.521708, -120.426843",37.521708,-120.426843,Female,No,Yes,No,61,Yes,Yes,Fiber optic,No,Yes,No,No,Yes,Yes,Month-to-month,Yes,Electronic check,99.15,6010.05,Yes,1,77,5612,Service dissatisfaction,0.99952805,1,Churn Value,
1641,6769-DYBQN,1,United States,California,Clearlake,95422,"38.965804, -122.631779",38.965804,-122.631779,Male,Yes,No,No,46,Yes,No,Fiber optic,Yes,No,No,No,No,Yes,Month-to-month,No,Electronic check,85.0,3969.4,Yes,1,71,2097,Attitude of support person,0.999526,1,Churn Value,
1795,8450-JOVAH,1,United States,California,Agoura Hills,91301,"34.129058, -118.759788",34.129058,-118.759788,Male,No,Yes,Yes,2,Yes,Yes,DSL,Yes,No,No,No,No,No,Month-to-month,No,Mailed check,56.7,113.55,Yes,1,77,5560,Competitor offered higher download speeds,0.9995209,0,Churn Value,
5,4190-MFLUW,1,United States,California,Los Angeles,90020,"34.066367, -118.309868",34.066367,-118.309868,Female,No,Yes,No,10,Yes,No,DSL,No,No,Yes,Yes,No,No,Month-to-month,No,Credit card (automatic),55.2,528.35,Yes,1,78,5925,Competitor offered higher download speeds,0.9995208,0,Churn Value,
773,3237-AJGEH,1,United States,California,Bridgeville,95526,"40.372532, -123.525626",40.372532,-123.525626,Female,No,Yes,Yes,3,No,No phone service,DSL,No,No,No,Yes,No,No,Month-to-month,Yes,Mailed check,31.0,95.05,Yes,1,67,5122,Don't know,0.99951315,0,Churn Value,
1358,8988-ECPJR,1,United States,California,Van Nuys,91411,"34.17847, -118.459472",34.17847,-118.459472,Female,Yes,Yes,No,34,Yes,Yes,Fiber optic,No,Yes,No,No,No,No,Month-to-month,Yes,Mailed check,79.6,2718.3,Yes,1,66,3980,Product dissatisfaction,0.99950945,1,Churn Value,
102,0979-PHULV,1,United States,California,Holtville,92250,"32.811001, -115.152865",32.811001,-115.152865,Male,No,Yes,No,69,Yes,Yes,Fiber optic,No,No,Yes,No,Yes,Yes,Month-to-month,Yes,Credit card (automatic),99.45,7007.6,Yes,1,80,4020,Extra data charges,0.99950695,1,Churn Value,
440,4829-AUOAX,1,United States,California,Los Angeles,90014,"34.043144, -118.251977",34.043144,-118.251977,Female,No,No,No,46,Yes,Yes,Fiber optic,No,No,No,No,Yes,Yes,Month-to-month,No,Bank transfer (automatic),96.05,4399.5,Yes,1,77,2712,Extra data charges,0.9994849,1,Churn Value,
1316,9103-TCIHJ,1,United States,California,Los Angeles,90059,"33.927254, -118.249826",33.927254,-118.249826,Female,No,No,No,15,Yes,Yes,DSL,Yes,No,No,No,No,No,Month-to-month,Yes,Mailed check,55.7,899.8,Yes,1,73,4519,Price too high,0.9994654,0,Churn Value,
657,5766-ZJYBB,1,United States,California,Brisbane,94005,"37.684694, -122.40712",37.684694,-122.40712,Male,No,No,No,1,Yes,No,No,No internet service,No internet service,No internet service,No internet service,No internet service,No internet service,Month-to-month,No,Mailed check,19.4,19.4,Yes,1,66,4152,Service dissatisfaction,0.9994642,0,Churn Value,
147,0719-SYFRB,1,United States,California,Norco,92860,"33.925833, -117.559639",33.925833,-117.559639,Female,No,No,No,12,Yes,Yes,DSL,Yes,No,Yes,Yes,No,No,Month-to-month,Yes,Mailed check,61.65,713.75,Yes,1,67,5670,Competitor offered higher download speeds,0.9994573,0,Churn Value,
1824,7603-USHJS,1,United States,California,San Gabriel,91775,"34.114772, -118.089431",34.114772,-118.089431,Male,No,No,Yes,12,Yes,Yes,Fiber optic,No,No,No,No,No,No,Month-to-month,Yes,Credit card (automatic),73.75,871.4,Yes,1,78,2010,Attitude of support person,0.9994423,0,Churn Value,
220,3313-QKNKB,1,United States,California,Pebble Beach,93953,"36.587497, -121.944815",36.587497,-121.944815,Male,No,Yes,No,59,Yes,Yes,Fiber optic,No,No,No,No,No,Yes,One year,No,Electronic check,85.55,5084.65,Yes,1,80,6304,Competitor offered more data,0.99943465,1,Churn Value,
26,4846-WHAFZ,1,United States,California,Whittier,90602,"33.972119, -118.020188",33.972119,-118.020188,Female,Yes,Yes,Yes,37,Yes,Yes,Fiber optic,No,No,No,No,No,No,Month-to-month,Yes,Electronic check,76.5,2868.15,Yes,1,67,2793,Extra data charges,0.9994336,3,Churn Value,
1253,7067-KSAZT,1,United States,California,Chico,95928,"39.681488, -121.83721",39.681488,-121.83721,Female,Yes,Yes,No,65,Yes,Yes,Fiber optic,No,Yes,Yes,No,Yes,Yes,One year,Yes,Electronic check,106.25,6979.8,Yes,1,69,5965,Competitor made better offer,0.9994068,2,Churn Value,
1532,7854-EKTJL,1,United States,California,Salinas,93901,"36.64152, -121.622188",36.64152,-121.622188,Female,No,No,Yes,2,Yes,No,No,No internet service,No internet service,No internet service,No internet service,No internet service,No internet service,Month-to-month,Yes,Electronic check,19.6,35.85,Yes,1,66,2843,Attitude of support person,0.9993919,0,Churn Value,
12,5380-WJKOV,1,United States,California,Los Angeles,90041,"34.137412, -118.207607",34.137412,-118.207607,Male,No,No,Yes,34,Yes,Yes,Fiber optic,No,Yes,Yes,No,Yes,Yes,Month-to-month,Yes,Electronic check,106.35,3549.25,Yes,1,65,2941,Competitor offered higher download speeds,0.99938905,3,Churn Value,
648,4701-MLJPN,1,United States,California,Fresno,93702,"36.739385, -119.753649",36.739385,-119.753649,Male,No,No,No,31,Yes,No,DSL,No,No,Yes,Yes,No,No,Month-to-month,Yes,Electronic check,55.25,1715.65,Yes,1,78,2933,Lack of self-service on Website,0.99938774,1,Churn Value,
25,0486-HECZI,1,United States,California,Torrance,90504,"33.867257, -118.330794",33.867257,-118.330794,Male,No,Yes,Yes,55,Yes,Yes,Fiber optic,Yes,Yes,No,No,Yes,No,Month-to-month,Yes,Electronic check,96.75,5238.9,Yes,1,75,5154,Long distance charges,0.99938166,3,Churn Value,
1340,2995-UPRYS,1,United States,California,Long Beach,90802,"33.752524, -118.210737",33.752524,-118.210737,Female,Yes,Yes,No,40,Yes,No,Fiber optic,No,Yes,No,Yes,Yes,Yes,One year,Yes,Credit card (automatic),99.2,4062.2,Yes,1,69,5098,Moved,0.9993594,2,Churn Value,
1088,2748-MYRVK,1,United States,California,Fresno,93702,"36.739385, -119.753649",36.739385,-119.753649,Female,No,No,No,63,Yes,Yes,Fiber optic,No,Yes,No,No,Yes,Yes,One year,No,Bank transfer (automatic),99.9,6137.0,Yes,1,71,4776,Long distance charges,0.9993449,2,Churn Value,
1073,0628-CNQRM,1,United States,California,Ridgecrest,93555,"35.603913, -117.67828",35.603913,-117.67828,Male,No,Yes,No,22,Yes,No,DSL,Yes,No,Yes,Yes,Yes,No,One year,Yes,Bank transfer (automatic),67.5,1544.05,Yes,1,76,3378,Don't know,0.9992949,1,Churn Value,
1151,9039-RBEEE,1,United States,California,Santa Clara,95050,"37.351214, -121.952417",37.351214,-121.952417,Male,No,No,No,39,No,No phone service,DSL,Yes,Yes,No,Yes,Yes,No,Month-to-month,Yes,Credit card (automatic),48.95,1880.85,Yes,1,80,3080,Price too high,0.99929225,1,Churn Value,
1217,2091-MJTFX,1,United States,California,Auburn,95602,"38.99003, -121.114408",38.99003,-121.114408,Female,No,Yes,Yes,30,No,No phone service,DSL,No,No,No,Yes,Yes,Yes,Month-to-month,No,Credit card (automatic),51.2,1561.5,Yes,1,79,4568,Network reliability,0.9992442,1,Churn Value,
1001,2930-UOTMB,1,United States,California,Riverside,92506,"33.930931, -117.361788",33.930931,-117.361788,Female,No,No,No,31,Yes,Yes,DSL,Yes,No,Yes,Yes,No,No,Month-to-month,No,Credit card (automatic),65.25,1994.3,Yes,1,68,4403,Competitor offered higher download speeds,0.9992423,1,Churn Value,
1094,9025-ZRPVR,1,United States,California,Pacific Grove,93950,"36.618337, -121.926417",36.618337,-121.926417,Male,No,No,No,9,Yes,No,No,No internet service,No internet service,No internet service,No internet service,No internet service,No internet service,Month-to-month,Yes,Mailed check,18.95,185.6,Yes,1,78,5403,Network reliability,0.9992368,0,Churn Value,
1743,4701-AHWMW,1,United States,California,Susanville,96130,"40.559177, -120.612113",40.559177,-120.612113,Male,No,Yes,No,55,No,No phone service,DSL,No,No,Yes,Yes,Yes,Yes,Month-to-month,Yes,Bank transfer (automatic),54.55,2978.3,Yes,1,69,6041,Attitude of service provider,0.9992274,1,Churn Value,
1390,8053-WWDRO,1,United States,California,San Diego,92105,"32.741859, -117.090353",32.741859,-117.090353,Female,No,Yes,No,6,Yes,No,No,No internet service,No internet service,No internet service,No internet service,No internet service,No internet service,Month-to-month,No,Bank transfer (automatic),19.5,146.3,Yes,1,67,5579,Price too high,0.99922216,0,Churn Value,
121,0447-BEMNG,1,United States,California,Wrightwood,92397,"34.358321, -117.618263",34.358321,-117.618263,Female,No,Yes,No,48,No,No phone service,DSL,Yes,No,Yes,No,No,Yes,Month-to-month,Yes,Bank transfer (automatic),45.3,2145.0,Yes,1,65,4926,Price too high,0.9992101,1,Churn Value,
143,1218-VKFPE,1,United States,California,Anaheim,92805,"33.830209, -117.906099",33.830209,-117.906099,Female,No,Yes,No,12,Yes,No,No,No internet service,No internet service,No internet service,No internet service,No internet service,No internet service,Month-to-month,No,Mailed check,19.0,233.55,Yes,1,72,3535,Competitor made better offer,0.9992072,0,Churn Value,
1555,4785-QRJHC,1,United States,California,San Francisco,94132,"37.722302, -122.491129",37.722302,-122.491129,Male,Yes,Yes,No,46,No,No phone service,DSL,No,Yes,Yes,Yes,Yes,Yes,One year,Yes,Bank transfer (automatic),59.9,2816.65,Yes,1,80,4011,Competitor offered higher download speeds,0.99919015,2,Churn Value,
883,4946-EDSEW,1,United States,California,Compton,90221,"33.885811, -118.206459",33.885811,-118.206459,Female,No,Yes,Yes,11,Yes,No,No,No internet service,No internet service,No internet service,No internet service,No internet service,No internet service,Month-to-month,Yes,Mailed check,19.25,180.3,Yes,1,69,5638,Lack of affordable download/upload speed,0.99916923,3,Churn Value,
1003,2533-QVMSK,1,United States,California,March Air Reserve Base,92518,"33.888323, -117.277533",33.888323,-117.277533,Male,No,Yes,No,61,Yes,Yes,Fiber optic,No,Yes,No,Yes,Yes,No,Two year,Yes,Electronic check,94.1,5638.3,Yes,1,71,6295,Competitor offered more data,0.9991135,2,Churn Value,
165,4464-JCOLN,1,United States,California,Huron,93234,"36.217864, -120.080117",36.217864,-120.080117,Male,No,Yes,No,2,Yes,No,No,No internet service,No internet service,No internet service,No internet service,No internet service,No internet service,One year,No,Mailed check,19.85,35.9,Yes,1,68,2362,Competitor offered more data,0.9990902,0,Churn Value,
1378,6682-QJDGB,1,United States,California,Borrego Springs,92004,"33.200369, -116.192313",33.200369,-116.192313,Male,No,No,Yes,40,Yes,No,DSL,Yes,Yes,No,No,No,No,Month-to-month,Yes,Mailed check,55.25,2139.2,Yes,1,65,2810,Competitor offered more data,0.999064,3,Churn Value,
589,0866-QLSIR,1,United States,California,Garden Grove,92843,"33.764018, -117.931507",33.764018,-117.931507,Female,No,No,No,34,Yes,Yes,DSL,Yes,Yes,No,Yes,No,No,One year,Yes,Mailed check,64.4,2088.75,Yes,1,75,5189,Attitude of support person,0.99904114,1,Churn Value,
757,8869-TORSS,1,United States,California,Santa Rosa,95405,"38.439696, -122.668817",38.439696,-122.668817,Female,No,No,No,48,Yes,No,DSL,Yes,No,Yes,Yes,No,No,One year,Yes,Credit card (automatic),60.35,2896.4,Yes,1,69,2681,Poor expertise of phone support,0.9989674,1,Churn Value,
1182,8580-QVLOC,1,United States,California,Merced,95348,"37.40122, -120.514191",37.40122,-120.514191,Female,Yes,Yes,No,72,Yes,Yes,DSL,Yes,Yes,Yes,Yes,Yes,Yes,Two year,No,Credit card (automatic),92.45,6440.25,Yes,1,78,5697,Competitor made better offer,0.99857783,1,Churn Value,
1147,3400-ESFUW,1,United States,California,Cupertino,95014,"37.306612, -122.080621",37.306612,-122.080621,Male,No,Yes,No,55,Yes,No,DSL,Yes,Yes,No,Yes,No,No,Two year,No,Bank transfer (automatic),57.55,3046.4,Yes,1,69,5463,Competitor offered more data,0.99837303,1,Churn Value,
