CustomerID,Count,Country,State,City,Zip Code,Lat Long,Latitude,Longitude,Gender,Senior Citizen,Partner,Dependents,Tenure Months,Phone Service,Multiple Lines,Internet Service,Online Security,Online Backup,Device Protection,Tech Support,Streaming TV,Streaming Movies,Contract,Paperless Billing,Payment Method,Monthly Charges,Total Charges,Churn Label,Churn Value,Churn Score,CLTV,Churn Reason,churn_probability,predicted_churn,actual_churn,risk_level
4713-LZDRV,1,United States,California,Malibu,90263,"34.037037, -118.705803",34.037037,-118.705803,Female,Yes,No,No,2,Yes,No,Fiber optic,No,No,No,No,No,Yes,Month-to-month,Yes,Electronic check,79.6,195.05,Yes,1,94,4322,Long distance charges,0.9998317,1,1,High risk
4750-ZRXIU,1,United States,California,Palo Alto,94304,"37.386978, -122.177746",37.386978,-122.177746,Female,Yes,No,No,4,Yes,Yes,Fiber optic,No,No,No,No,No,Yes,Month-to-month,Yes,Electronic check,84.6,360.1,Yes,1,83,2467,Lack of self-service on Website,0.9998317,1,1,High risk
5357-TZHPP,1,United States,California,Wheatland,95692,"39.043387, -121.409837",39.043387,-121.409837,Male,Yes,No,No,9,Yes,Yes,Fiber optic,No,No,No,No,No,Yes,Month-to-month,Yes,Credit card (automatic),84.4,732.5,Yes,1,83,5745,Competitor offered higher download speeds,0.9998317,1,1,High risk
9611-CTWIH,1,United States,California,Garden Grove,92841,"33.786738, -117.982564",33.786738,-117.982564,Female,No,No,No,3,Yes,No,Fiber optic,No,No,No,No,Yes,Yes,Month-to-month,Yes,Electronic check,89.45,240.45,Yes,1,84,3591,Competitor made better offer,0.9998317,1,1,High risk
8821-XNHVZ,1,United States,California,Solana Beach,92075,"33.001813, -117.263628",33.001813,-117.263628,Female,No,Yes,No,1,Yes,No,Fiber optic,No,No,No,No,Yes,No,Month-to-month,Yes,Mailed check,80.05,80.05,Yes,1,82,2943,Competitor offered more data,0.9998317,1,1,High risk
8375-DKEBR,1,United States,California,Hermosa Beach,90254,"33.86532, -118.396336",33.86532,-118.396336,Female,Yes,No,No,1,Yes,No,Fiber optic,No,No,No,No,No,No,Month-to-month,Yes,Electronic check,69.6,69.6,Yes,1,96,3438,Attitude of support person,0.9998317,1,1,High risk
4229-CZMLL,1,United States,California,Salinas,93901,"36.64152, -121.622188",36.64152,-121.622188,Male,No,No,No,6,Yes,Yes,Fiber optic,No,No,No,No,No,No,Month-to-month,Yes,Electronic check,74.9,469.8,Yes,1,87,4160,Service dissatisfaction,0.9998317,1,1,High risk
1069-XAIEM,1,United States,California,Mendocino,95460,"39.305545, -123.743697",39.305545,-123.743697,Female,Yes,No,No,1,Yes,Yes,Fiber optic,No,No,No,No,No,Yes,Month-to-month,Yes,Electronic check,85.05,85.05,Yes,1,96,2975,Competitor had better devices,0.9998317,1,1,High risk
6861-XWTWQ,1,United States,California,Napa,94559,"38.232389, -122.324944",38.232389,-122.324944,Male,Yes,Yes,No,7,Yes,Yes,Fiber optic,No,No,Yes,No,Yes,Yes,Month-to-month,Yes,Electronic check,99.25,665.45,Yes,1,90,2487,Lack of self-service on Website,0.9998317,1,1,High risk
0876-WDUUZ,1,United States,California,Pine Grove,95665,"38.400264, -120.641274",38.400264,-120.641274,Female,No,No,No,5,Yes,No,Fiber optic,No,No,No,Yes,No,Yes,Month-to-month,Yes,Credit card (automatic),85.4,425.9,Yes,1,90,3716,Long distance charges,0.9998317,1,1,High risk
4919-IKATY,1,United States,California,Joshua Tree,92252,"34.167236, -116.281511",34.167236,-116.281511,Male,No,Yes,No,5,Yes,Yes,Fiber optic,Yes,No,Yes,No,No,No,Month-to-month,Yes,Electronic check,84.5,453.75,Yes,1,98,5141,Don't know,0.9998317,1,1,High risk
3422-LYEPQ,1,United States,California,Carmel By The Sea,93921,"36.554618, -121.922239",36.554618,-121.922239,Male,No,Yes,No,1,Yes,No,Fiber optic,No,No,No,No,No,No,Month-to-month,Yes,Electronic check,71.0,71.0,Yes,1,89,4207,Attitude of support person,0.9998317,1,1,High risk
0235-KGSLC,1,United States,California,Buellton,93427,"34.631362, -120.238218",34.631362,-120.238218,Female,No,No,No,1,Yes,No,Fiber optic,No,No,Yes,No,Yes,No,Month-to-month,Yes,Credit card (automatic),85.55,85.55,Yes,1,86,3967,Moved,0.9998317,1,1,High risk
2514-GINMM,1,United States,California,Dana Point,92629,"33.477923, -117.705314",33.477923,-117.705314,Male,No,No,No,1,Yes,No,Fiber optic,No,No,No,No,Yes,No,Month-to-month,Yes,Electronic check,79.5,79.5,Yes,1,92,4490,Attitude of service provider,0.9998317,1,1,High risk
0970-ETWGE,1,United States,California,Bodfish,93205,"35.523991, -118.400432",35.523991,-118.400432,Male,No,No,No,1,Yes,No,Fiber optic,No,No,No,No,Yes,Yes,Month-to-month,Yes,Electronic check,89.55,89.55,Yes,1,99,4996,Competitor had better devices,0.9998317,1,1,High risk
9576-ANLXO,1,United States,California,Earlimart,93219,"35.858054, -119.305858",35.858054,-119.305858,Female,No,No,No,3,Yes,No,Fiber optic,No,No,No,No,No,No,Month-to-month,Yes,Bank transfer (automatic),69.55,222.3,Yes,1,87,2876,Competitor offered higher download speeds,0.9998317,1,1,High risk
7912-SYRQT,1,United States,California,Los Angeles,90042,"34.11572, -118.192754",34.11572,-118.192754,Female,No,No,No,7,Yes,Yes,Fiber optic,No,No,No,No,No,No,Month-to-month,Yes,Bank transfer (automatic),75.1,552.95,Yes,1,96,5514,Competitor offered more data,0.9998317,1,1,High risk
6000-APYLU,1,United States,California,Valencia,91355,"34.43987, -118.644609",34.43987,-118.644609,Male,No,No,No,9,Yes,No,Fiber optic,No,No,No,No,No,Yes,Month-to-month,Yes,Electronic check,80.8,713.1,Yes,1,90,3890,Competitor offered more data,0.9998317,1,1,High risk
1522-VVDMG,1,United States,California,Oakland,94611,"37.828416, -122.216005",37.828416,-122.216005,Male,No,Yes,No,7,Yes,No,Fiber optic,No,Yes,No,Yes,Yes,No,Month-to-month,Yes,Electronic check,89.75,608.8,Yes,1,90,3807,Poor expertise of online support,0.9998317,1,1,High risk
7209-JCUDS,1,United States,California,Stockton,95212,"38.049457, -121.21653",38.049457,-121.21653,Male,No,No,No,10,Yes,No,Fiber optic,No,No,Yes,No,Yes,Yes,Month-to-month,Yes,Electronic check,94.9,1048.85,Yes,1,83,2832,Competitor offered higher download speeds,0.9998317,1,1,High risk
0655-RBDUG,1,United States,California,Alviso,95002,"37.449537, -121.994813",37.449537,-121.994813,Male,No,No,No,7,Yes,Yes,Fiber optic,No,No,Yes,No,Yes,Yes,Month-to-month,Yes,Bank transfer (automatic),98.05,713.0,Yes,1,86,2561,Competitor offered more data,0.9998317,1,1,High risk
6230-BSUXY,1,United States,California,Paramount,90723,"33.897122, -118.164432",33.897122,-118.164432,Female,Yes,No,No,1,Yes,No,Fiber optic,No,No,Yes,No,No,Yes,Month-to-month,Yes,Electronic check,85.0,85.0,Yes,1,93,2650,Network reliability,0.9998317,1,1,High risk
2754-XBHTB,1,United States,California,Amador City,95601,"38.431407, -120.8421",38.431407,-120.8421,Female,No,No,No,9,Yes,No,Fiber optic,No,No,No,No,Yes,No,Month-to-month,Yes,Bank transfer (automatic),77.65,714.15,Yes,1,96,3847,Competitor made better offer,0.9998317,1,1,High risk
0679-IDSTG,1,United States,California,Branscomb,95417,"39.710591, -123.682799",39.710591,-123.682799,Female,Yes,Yes,No,1,Yes,No,Fiber optic,No,No,No,No,No,No,Month-to-month,Yes,Electronic check,69.25,69.25,Yes,1,87,4568,Price too high,0.9998317,1,1,High risk
2919-HBCJO,1,United States,California,Downieville,95936,"39.578792, -120.780786",39.578792,-120.780786,Female,No,No,No,4,Yes,No,Fiber optic,No,Yes,No,No,No,No,Month-to-month,Yes,Bank transfer (automatic),76.65,333.6,Yes,1,97,4580,Moved,0.9998317,1,1,High risk
8380-PEFPE,1,United States,California,Avalon,90704,"33.391181, -118.421305",33.391181,-118.421305,Male,No,No,No,1,Yes,No,Fiber optic,No,No,No,No,No,No,Month-to-month,Yes,Electronic check,71.65,71.65,Yes,1,93,2377,Attitude of support person,0.9998317,1,1,High risk
9248-OJYKK,1,United States,California,Los Angeles,90017,"34.052842, -118.264495",34.052842,-118.264495,Male,Yes,No,No,1,Yes,Yes,Fiber optic,No,No,No,No,No,No,Month-to-month,Yes,Electronic check,76.45,76.45,Yes,1,95,3763,Competitor offered higher download speeds,0.9998317,1,1,High risk
3707-GNWHM,1,United States,California,Carmel Valley,93924,"36.414611, -121.6386",36.414611,-121.6386,Male,No,No,No,1,Yes,Yes,Fiber optic,No,No,No,No,No,No,Month-to-month,Yes,Mailed check,74.25,74.25,Yes,1,93,4750,Don't know,0.9998317,1,1,High risk
3721-CNEYS,1,United States,California,Douglas City,96024,"40.586588, -122.903677",40.586588,-122.903677,Female,No,No,No,2,Yes,No,Fiber optic,No,No,No,No,No,No,Month-to-month,Yes,Electronic check,70.95,137.95,Yes,1,94,5390,Poor expertise of phone support,0.9998317,1,1,High risk
5376-DEQCP,1,United States,California,Barstow,92311,"34.965648, -117.001509",34.965648,-117.001509,Female,No,No,No,1,Yes,No,Fiber optic,No,No,No,No,No,No,Month-to-month,Yes,Electronic check,70.6,70.6,Yes,1,85,4063,Competitor offered more data,0.9998317,1,1,High risk
5167-ZFFMM,1,United States,California,Indio,92201,"33.713891, -116.237257",33.713891,-116.237257,Male,No,No,No,1,Yes,Yes,Fiber optic,No,Yes,No,No,No,Yes,Month-to-month,Yes,Credit card (automatic),90.85,90.85,Yes,1,81,3424,Network reliability,0.9998317,1,1,High risk
8699-ASUFO,1,United States,California,Nuevo,92567,"33.82769, -117.102244",33.82769,-117.102244,Male,Yes,Yes,No,7,Yes,Yes,Fiber optic,No,No,No,No,No,No,Month-to-month,Yes,Mailed check,74.4,527.9,Yes,1,96,4969,Attitude of service provider,0.9998317,1,1,High risk
1853-UDXBW,1,United States,California,Samoa,95564,"40.809636, -124.189977",40.809636,-124.189977,Male,No,Yes,No,1,Yes,No,Fiber optic,No,No,No,No,No,No,Month-to-month,Yes,Electronic check,70.0,70.0,Yes,1,85,2485,Price too high,0.9998317,1,1,High risk
8258-GSTJK,1,United States,California,San Pedro,90732,"33.744119, -118.31448",33.744119,-118.31448,Male,Yes,No,No,3,Yes,Yes,Fiber optic,No,No,No,No,No,No,Month-to-month,Yes,Electronic check,77.0,237.75,Yes,1,96,3128,Attitude of service provider,0.9998317,1,1,High risk
5196-SGOAK,1,United States,California,Caliente,93518,"35.358953, -118.527064",35.358953,-118.527064,Female,No,No,No,1,Yes,No,Fiber optic,No,Yes,No,No,No,No,Month-to-month,Yes,Electronic check,75.7,75.7,Yes,1,93,4884,Attitude of support person,0.9998317,1,1,High risk
1143-NMNQJ,1,United States,California,Boulder Creek,95006,"37.171727, -122.142961",37.171727,-122.142961,Female,No,No,No,2,Yes,Yes,Fiber optic,No,No,No,No,No,Yes,Month-to-month,Yes,Electronic check,85.7,169.8,Yes,1,95,2187,Attitude of service provider,0.9998317,1,1,High risk
5159-YFPKQ,1,United States,California,Moreno Valley,92551,"33.88274, -117.224878",33.88274,-117.224878,Female,No,No,No,2,Yes,No,Fiber optic,No,No,Yes,No,No,No,Month-to-month,Yes,Electronic check,75.8,160.75,Yes,1,98,5270,Attitude of support person,0.9998317,1,1,High risk
9804-ICWBG,1,United States,California,Pacific Palisades,90272,"34.079449, -118.548306",34.079449,-118.548306,Male,No,No,No,1,Yes,No,Fiber optic,No,No,No,No,No,No,Month-to-month,Yes,Electronic check,69.9,69.9,Yes,1,88,3349,Attitude of support person,0.9998317,1,1,High risk
3716-BDVDB,1,United States,California,San Diego,92130,"32.957195, -117.202542",32.957195,-117.202542,Male,No,No,No,1,Yes,No,Fiber optic,No,No,No,No,No,No,Month-to-month,Yes,Electronic check,69.1,69.1,Yes,1,82,5795,Competitor had better devices,0.9998317,1,1,High risk
5419-CONWX,1,United States,California,Pleasant Grove,95668,"38.833554, -121.498102",38.833554,-121.498102,Female,Yes,No,No,4,Yes,No,Fiber optic,No,Yes,Yes,No,Yes,Yes,Month-to-month,Yes,Credit card (automatic),99.8,442.85,Yes,1,89,2268,Competitor offered more data,0.9998317,1,1,High risk
3244-DCJWY,1,United States,California,Bakersfield,93312,"35.392599, -119.245341",35.392599,-119.245341,Female,No,No,No,1,Yes,No,Fiber optic,No,No,No,No,No,No,Month-to-month,Yes,Electronic check,70.25,70.25,Yes,1,89,4133,Attitude of support person,0.9998317,1,1,High risk
1980-KXVPM,1,United States,California,El Centro,92243,"32.770393, -115.60915",32.770393,-115.60915,Female,Yes,No,No,3,Yes,Yes,Fiber optic,No,No,No,No,No,No,Month-to-month,Yes,Credit card (automatic),75.05,256.25,Yes,1,83,3553,Competitor offered higher download speeds,0.9998317,1,1,High risk
9840-DVNDC,1,United States,California,Lancaster,93536,"34.741406, -118.38111",34.741406,-118.38111,Male,No,No,No,6,Yes,No,Fiber optic,No,No,No,No,Yes,No,Month-to-month,Yes,Credit card (automatic),80.5,463.05,Yes,1,96,2181,Attitude of support person,0.9998317,1,1,High risk
0506-LVNGN,1,United States,California,Rancho Cordova,95742,"38.591134, -121.161585",38.591134,-121.161585,Female,Yes,No,No,5,Yes,No,Fiber optic,No,No,Yes,No,No,No,Month-to-month,Yes,Credit card (automatic),75.55,349.65,Yes,1,97,4028,Competitor offered higher download speeds,0.9998317,1,1,High risk
7130-VTEWQ,1,United States,California,San Rafael,94903,"38.018065, -122.546024",38.018065,-122.546024,Female,Yes,No,No,8,Yes,Yes,Fiber optic,No,No,No,No,No,No,Month-to-month,Yes,Electronic check,75.75,606.25,Yes,1,92,4174,Competitor offered more data,0.9998317,1,1,High risk
7235-NXZCP,1,United States,California,Hornbrook,96044,"41.962127, -122.527696",41.962127,-122.527696,Male,Yes,No,No,2,Yes,Yes,Fiber optic,No,No,No,No,No,No,Month-to-month,Yes,Mailed check,74.85,156.4,Yes,1,84,5378,Competitor made better offer,0.9998317,1,1,High risk
2761-OCIAX,1,United States,California,Palo Cedro,96073,"40.582399, -122.195512",40.582399,-122.195512,Male,Yes,No,No,2,Yes,No,Fiber optic,No,Yes,No,No,No,No,Month-to-month,Yes,Electronic check,74.7,165.4,Yes,1,81,2803,Competitor made better offer,0.9998317,1,1,High risk
6023-YEBUP,1,United States,California,Stockton,95210,"38.033219, -121.297433",38.033219,-121.297433,Male,No,No,No,3,Yes,Yes,Fiber optic,No,No,Yes,No,Yes,Yes,Month-to-month,Yes,Electronic check,100.95,329.95,Yes,1,81,5351,Competitor offered higher download speeds,0.9998317,1,1,High risk
4587-VVTOX,1,United States,California,Frazier Park,93222,"34.907911, -119.234281",34.907911,-119.234281,Female,No,Yes,No,6,Yes,Yes,Fiber optic,No,Yes,Yes,No,Yes,Yes,Month-to-month,Yes,Electronic check,105.3,545.2,Yes,1,90,4163,Competitor offered more data,0.9998317,1,1,High risk
7181-BQYBV,1,United States,California,Garden Grove,92845,"33.782955, -118.026456",33.782955,-118.026456,Female,No,Yes,No,1,Yes,Yes,Fiber optic,Yes,No,Yes,No,Yes,Yes,Month-to-month,Yes,Electronic check,102.45,102.45,Yes,1,85,4811,Attitude of service provider,0.9998317,1,1,High risk
0330-IVZHA,1,United States,California,Anderson,96007,"40.448632, -122.306657",40.448632,-122.306657,Female,No,Yes,No,5,Yes,No,Fiber optic,No,No,No,No,No,No,Month-to-month,No,Electronic check,69.95,330.15,Yes,1,81,2969,Attitude of service provider,0.9998292,1,1,High risk
4512-ZUIYL,1,United States,California,Sunnyvale,94089,"37.421633, -122.009613",37.421633,-122.009613,Female,No,No,No,2,Yes,No,Fiber optic,No,No,No,No,No,No,Month-to-month,No,Bank transfer (automatic),70.0,153.05,Yes,1,81,2928,Moved,0.9998292,1,1,High risk
8676-TRMJS,1,United States,California,Torrance,90504,"33.867257, -118.330794",33.867257,-118.330794,Male,No,No,No,3,Yes,Yes,Fiber optic,No,No,No,No,No,No,Month-to-month,No,Mailed check,75.0,209.1,Yes,1,88,3190,Limited range of services,0.9998292,1,1,High risk
3908-BLSYF,1,United States,California,Los Altos,94024,"37.352911, -122.093002",37.352911,-122.093002,Female,No,No,No,6,Yes,No,Fiber optic,No,No,Yes,No,No,Yes,Month-to-month,No,Electronic check,83.9,497.55,Yes,1,97,3962,Price too high,0.9998292,1,1,High risk
3585-ISXZP,1,United States,California,Indio,92201,"33.713891, -116.237257",33.713891,-116.237257,Female,No,No,No,8,Yes,Yes,Fiber optic,No,No,No,No,Yes,Yes,Month-to-month,No,Bank transfer (automatic),95.65,778.1,Yes,1,95,5335,Attitude of support person,0.9998292,1,1,High risk
6680-WKXRZ,1,United States,California,Antioch,94509,"37.980057, -121.801599",37.980057,-121.801599,Female,No,No,No,3,Yes,Yes,Fiber optic,No,No,No,No,No,No,Month-to-month,No,Bank transfer (automatic),74.4,215.8,Yes,1,97,2054,Don't know,0.9998292,1,1,High risk
3627-FHKBK,1,United States,California,Anaheim,92806,"33.83796, -117.870494",33.83796,-117.870494,Female,No,No,No,1,Yes,No,Fiber optic,Yes,No,No,No,No,No,Month-to-month,No,Mailed check,75.3,75.3,Yes,1,87,3244,Competitor had better devices,0.9998292,1,1,High risk
6372-RFVNS,1,United States,California,Placentia,92870,"33.881158, -117.854783",33.881158,-117.854783,Female,No,Yes,No,1,Yes,No,Fiber optic,No,No,No,No,Yes,No,Month-to-month,No,Electronic check,78.8,78.8,Yes,1,87,5075,Attitude of service provider,0.9998292,1,1,High risk
7571-YXDAD,1,United States,California,Davis,95618,"38.544002, -121.685559",38.544002,-121.685559,Female,No,No,No,2,Yes,Yes,Fiber optic,No,No,No,No,No,No,Month-to-month,No,Credit card (automatic),74.9,147.15,Yes,1,93,2078,Long distance charges,0.9998292,1,1,High risk
2867-UIMSS,1,United States,California,Vernalis,95385,"37.609095, -121.263381",37.609095,-121.263381,Male,No,No,No,1,Yes,No,Fiber optic,No,No,No,No,No,Yes,Month-to-month,No,Electronic check,80.5,80.5,Yes,1,85,2734,Product dissatisfaction,0.9998292,1,1,High risk
0685-MLYYM,1,United States,California,Buena Park,90620,"33.845706, -118.012204",33.845706,-118.012204,Female,Yes,No,No,2,Yes,No,Fiber optic,No,No,No,No,No,No,Month-to-month,No,Electronic check,70.75,154.85,Yes,1,96,4407,Long distance charges,0.9998292,1,1,High risk
1448-PWKYE,1,United States,California,Shafter,93263,"35.490705, -119.286833",35.490705,-119.286833,Male,No,Yes,No,1,Yes,No,Fiber optic,No,No,No,No,No,Yes,Month-to-month,No,Electronic check,80.0,80.0,Yes,1,88,2046,Competitor had better devices,0.9998292,1,1,High risk
7198-GLXTC,1,United States,California,La Palma,90623,"33.850504, -118.039892",33.850504,-118.039892,Male,No,No,No,2,Yes,No,Fiber optic,No,No,No,No,Yes,No,Month-to-month,No,Electronic check,79.0,143.65,Yes,1,92,5239,Attitude of support person,0.9998292,1,1,High risk
6857-VWJDT,1,United States,California,Santa Cruz,95060,"36.993451, -122.098858",36.993451,-122.098858,Female,No,No,No,1,Yes,Yes,Fiber optic,No,No,No,No,Yes,Yes,Month-to-month,No,Mailed check,95.65,95.65,Yes,1,87,3473,Attitude of service provider,0.9998292,1,1,High risk
9283-LZQOH,1,United States,California,Antelope,95843,"38.715498, -121.363411",38.715498,-121.363411,Male,No,Yes,No,13,Yes,Yes,Fiber optic,No,No,No,No,No,No,Month-to-month,Yes,Credit card (automatic),74.4,896.75,Yes,1,89,3687,Competitor made better offer,0.99982846,1,1,High risk
4154-AQUGT,1,United States,California,Vina,96092,"39.955164, -122.018567",39.955164,-122.018567,Male,Yes,Yes,No,13,Yes,No,Fiber optic,No,Yes,No,Yes,No,Yes,Month-to-month,Yes,Bank transfer (automatic),89.05,1169.35,Yes,1,82,3861,Competitor made better offer,0.99982846,1,1,High risk
5228-EXCET,1,United States,California,Newberry Springs,92365,"34.89326, -116.505958",34.89326,-116.505958,Male,No,No,No,13,Yes,No,Fiber optic,No,No,No,No,No,Yes,Month-to-month,Yes,Electronic check,80.85,1008.7,Yes,1,85,5964,Lack of self-service on Website,0.99982846,1,1,High risk
2025-JKFWI,1,United States,California,Burbank,91501,"34.188339, -118.300942",34.188339,-118.300942,Male,No,No,No,13,Yes,Yes,Fiber optic,No,No,No,Yes,Yes,Yes,Month-to-month,Yes,Mailed check,99.0,1301.7,Yes,1,81,3493,Lack of affordable download/upload speed,0.9998274,1,1,High risk
2027-FECZV,1,United States,California,Bodfish,93205,"35.523991, -118.400432",35.523991,-118.400432,Male,No,No,No,12,Yes,Yes,Fiber optic,No,Yes,Yes,No,Yes,Yes,Month-to-month,Yes,Electronic check,106.7,1253.9,Yes,1,92,2406,Attitude of support person,0.9998274,1,1,High risk
0952-KMEEH,1,United States,California,Mountain View,94043,"37.419725, -122.062947",37.419725,-122.062947,Male,No,No,No,13,Yes,Yes,Fiber optic,Yes,No,No,No,Yes,Yes,Month-to-month,No,Mailed check,98.15,1230.25,Yes,1,98,5525,Long distance charges,0.9998241,1,1,High risk
9221-OTIVJ,1,United States,California,Dunlap,93621,"36.789213, -119.140338",36.789213,-119.140338,Female,Yes,No,No,14,Yes,Yes,Fiber optic,No,Yes,Yes,No,Yes,Yes,Month-to-month,Yes,Electronic check,104.85,1531.4,Yes,1,86,2292,Product dissatisfaction,0.9998233,1,1,High risk
1236-WFCDV,1,United States,California,Greenbrae,94904,"37.946617, -122.563571",37.946617,-122.563571,Male,Yes,No,No,14,Yes,No,Fiber optic,No,No,No,No,Yes,Yes,Month-to-month,No,Credit card (automatic),90.45,1266.1,Yes,1,96,4777,Competitor offered more data,0.9998198,1,1,High risk
6770-XUAGN,1,United States,California,North Hollywood,91605,"34.207295, -118.400022",34.207295,-118.400022,Female,No,Yes,No,1,Yes,No,No,No internet service,No internet service,No internet service,No internet service,No internet service,No internet service,Month-to-month,Yes,Electronic check,21.0,21.0,Yes,1,90,3753,Attitude of support person,0.99981683,1,1,High risk
4317-VTEOA,1,United States,California,Rowland Heights,91748,"33.976753, -117.897367",33.976753,-117.897367,Male,No,No,No,1,Yes,No,DSL,No,Yes,No,No,No,No,Month-to-month,Yes,Electronic check,50.75,50.75,Yes,1,93,5355,Competitor had better devices,0.9998167,1,1,High risk
7273-TEFQD,1,United States,California,La Puente,91746,"34.038983, -117.991372",34.038983,-117.991372,Male,Yes,No,No,3,No,No phone service,DSL,No,No,Yes,No,No,Yes,Month-to-month,Yes,Electronic check,41.15,132.2,Yes,1,96,2314,Long distance charges,0.9998167,1,1,High risk
3677-IYRBF,1,United States,California,Newcastle,95658,"38.883224, -121.15918",38.883224,-121.15918,Female,Yes,No,No,2,No,No phone service,DSL,No,No,Yes,No,No,No,Month-to-month,Yes,Electronic check,30.4,78.65,Yes,1,90,4002,Lack of self-service on Website,0.9998167,1,1,High risk
9732-KPKBW,1,United States,California,Oroville,95966,"39.473896, -121.415927",39.473896,-121.415927,Male,No,No,No,1,Yes,No,DSL,Yes,No,No,Yes,No,No,Month-to-month,Yes,Electronic check,53.95,53.95,Yes,1,90,2771,Extra data charges,0.9998167,1,1,High risk
6608-QQLVK,1,United States,California,Bangor,95914,"39.396585, -121.38029",39.396585,-121.38029,Male,No,No,No,1,Yes,No,DSL,No,No,Yes,No,No,No,Month-to-month,Yes,Electronic check,50.5,50.5,Yes,1,83,2077,Competitor made better offer,0.9998167,1,1,High risk
4237-RLAQD,1,United States,California,Callahan,96014,"41.388397, -122.794636",41.388397,-122.794636,Male,No,No,No,1,Yes,No,DSL,No,No,No,No,No,No,Month-to-month,Yes,Mailed check,45.85,45.85,Yes,1,94,5930,Attitude of support person,0.9998167,1,1,High risk
7587-RZNME,1,United States,California,Valencia,91355,"34.43987, -118.644609",34.43987,-118.644609,Male,No,No,No,3,Yes,No,DSL,No,No,No,No,No,No,Month-to-month,Yes,Electronic check,43.3,123.65,Yes,1,91,4849,Lack of affordable download/upload speed,0.9998167,1,1,High risk
1024-GUALD,1,United States,California,Glendale,91207,"34.182378, -118.262922",34.182378,-118.262922,Female,No,Yes,No,1,No,No phone service,DSL,No,No,No,No,No,No,Month-to-month,Yes,Electronic check,24.8,24.8,Yes,1,94,4851,Product dissatisfaction,0.9998167,1,1,High risk
7663-RGWBC,1,United States,California,Los Angeles,90049,"34.091829, -118.491244",34.091829,-118.491244,Male,No,No,No,1,Yes,No,DSL,No,No,No,No,No,No,Month-to-month,Yes,Mailed check,44.15,44.15,Yes,1,97,4773,Don't know,0.9998167,1,1,High risk
3658-KIBGF,1,United States,California,Los Angeles,90068,"34.137411, -118.328915",34.137411,-118.328915,Female,No,No,No,1,Yes,No,DSL,Yes,Yes,No,No,No,No,Month-to-month,Yes,Electronic check,54.9,54.9,Yes,1,89,2833,Network reliability,0.9998167,1,1,High risk
7503-QQRVF,1,United States,California,San Jose,95127,"37.375156, -121.795867",37.375156,-121.795867,Male,Yes,Yes,No,16,Yes,No,Fiber optic,No,Yes,No,No,No,No,Month-to-month,Yes,Credit card (automatic),74.3,1178.25,Yes,1,81,2076,Competitor had better devices,0.999816,1,1,High risk
9661-MHUMO,1,United States,California,Mather,95655,"38.549822, -121.266725",38.549822,-121.266725,Male,Yes,Yes,Yes,1,Yes,No,DSL,No,No,No,Yes,No,No,Month-to-month,Yes,Credit card (automatic),49.25,49.25,Yes,1,84,4478,Service dissatisfaction,0.99981576,1,1,High risk
7861-UVUFT,1,United States,California,Sloughhouse,95683,"38.470423, -121.114897",38.470423,-121.114897,Female,No,Yes,No,15,Yes,No,Fiber optic,No,No,Yes,No,Yes,No,Month-to-month,Yes,Electronic check,84.3,1308.4,Yes,1,86,4003,Competitor had better devices,0.9998148,1,1,High risk
1965-DDBWU,1,United States,California,Twentynine Palms,92277,"34.17211, -115.769773",34.17211,-115.769773,Male,No,No,No,16,Yes,Yes,Fiber optic,No,No,No,Yes,No,Yes,Month-to-month,Yes,Credit card (automatic),89.05,1448.6,Yes,1,87,5953,Competitor made better offer,0.9998148,1,1,High risk
1092-GANHU,1,United States,California,Magalia,95954,"39.933852, -121.584371",39.933852,-121.584371,Male,No,No,No,17,Yes,No,Fiber optic,No,No,Yes,No,No,No,Month-to-month,Yes,Electronic check,76.65,1313.55,Yes,1,87,3182,Competitor offered more data,0.9998148,1,1,High risk
7029-RPUAV,1,United States,California,Los Gatos,95030,"37.222842, -121.988727",37.222842,-121.988727,Male,Yes,Yes,No,17,Yes,Yes,Fiber optic,No,No,Yes,No,Yes,Yes,Month-to-month,Yes,Credit card (automatic),100.45,1622.45,Yes,1,87,5508,Competitor offered more data,0.9998148,1,1,High risk
9048-JVYVF,1,United States,California,Panorama City,91402,"34.223768, -118.445461",34.223768,-118.445461,Male,No,No,No,3,Yes,No,DSL,No,No,No,Yes,Yes,Yes,Month-to-month,Yes,Electronic check,69.35,191.35,Yes,1,98,3520,Price too high,0.9998124,1,1,High risk
4735-ASGMA,1,United States,California,Carnelian Bay,96140,"39.227434, -120.091806",39.227434,-120.091806,Male,No,No,No,26,Yes,Yes,Fiber optic,No,No,Yes,No,Yes,Yes,Month-to-month,Yes,Electronic check,98.35,2515.3,Yes,1,99,4997,Lack of affordable download/upload speed,0.9998122,1,1,High risk
8739-WWKDU,1,United States,California,San Diego,92109,"32.787836, -117.232376",32.787836,-117.232376,Male,Yes,No,No,25,Yes,Yes,Fiber optic,No,Yes,No,No,Yes,No,Month-to-month,Yes,Electronic check,89.5,2196.15,Yes,1,90,4849,Attitude of service provider,0.9998122,1,1,High risk
8696-JKZNU,1,United States,California,Anderson,96007,"40.448632, -122.306657",40.448632,-122.306657,Female,Yes,No,No,37,Yes,Yes,Fiber optic,No,No,No,No,No,No,Month-to-month,Yes,Electronic check,76.25,2841.55,Yes,1,100,5859,Don't know,0.9998122,1,1,High risk
6711-VTNRE,1,United States,California,Tranquillity,93668,"36.635661, -120.288644",36.635661,-120.288644,Female,No,No,No,36,Yes,No,Fiber optic,No,No,Yes,Yes,No,Yes,Month-to-month,Yes,Electronic check,87.55,3078.1,Yes,1,92,2558,Attitude of support person,0.9998122,1,1,High risk
9710-ZUSHQ,1,United States,California,Red Bluff,96080,"40.186772, -122.388361",40.186772,-122.388361,Female,Yes,No,No,37,Yes,Yes,Fiber optic,Yes,Yes,No,No,Yes,Yes,Month-to-month,Yes,Bank transfer (automatic),106.75,4056.75,Yes,1,92,5849,Lack of affordable download/upload speed,0.9998122,1,1,High risk
0256-LTHVJ,1,United States,California,Ludlow,92338,"34.702766, -116.093376",34.702766,-116.093376,Female,No,Yes,No,28,Yes,No,Fiber optic,No,No,No,No,No,Yes,Month-to-month,Yes,Electronic check,81.05,2227.1,Yes,1,98,5201,Competitor had better devices,0.9998122,1,1,High risk
8714-EUHJO,1,United States,California,Castella,96017,"41.121108, -122.336613",41.121108,-122.336613,Female,No,Yes,No,31,Yes,Yes,Fiber optic,No,Yes,No,No,No,Yes,Month-to-month,Yes,Electronic check,91.15,2995.45,Yes,1,83,5219,Poor expertise of online support,0.9998122,1,1,High risk
7534-BFESC,1,United States,California,Boulevard,91905,"32.677097, -116.304991",32.677097,-116.304991,Male,Yes,No,No,24,Yes,Yes,Fiber optic,No,No,No,No,No,No,Month-to-month,Yes,Electronic check,76.1,1712.7,Yes,1,98,2018,Price too high,0.9998122,1,1,High risk
4818-QIUFN,1,United States,California,Desert Hot Springs,92241,"33.832799, -116.250973",33.832799,-116.250973,Female,Yes,No,No,20,Yes,Yes,Fiber optic,Yes,No,No,No,No,No,Month-to-month,Yes,Electronic check,79.15,1520.9,Yes,1,95,4997,Competitor offered higher download speeds,0.9998122,1,1,High risk
9465-RWMXL,1,United States,California,Westmorland,92281,"33.03679, -115.60503",33.03679,-115.60503,Male,No,Yes,No,32,Yes,Yes,Fiber optic,No,No,Yes,No,No,No,Month-to-month,Yes,Electronic check,78.9,2447.95,Yes,1,90,5949,Competitor offered higher download speeds,0.9998122,1,1,High risk
9286-DOJGF,1,United States,California,Lotus,95651,"38.815515, -120.916997",38.815515,-120.916997,Female,Yes,Yes,No,38,Yes,Yes,Fiber optic,No,No,No,No,No,No,Month-to-month,Yes,Bank transfer (automatic),74.95,2869.85,Yes,1,82,5165,Product dissatisfaction,0.9998122,1,1,High risk
5419-KLXBN,1,United States,California,Palomar Mountain,92060,"33.309852, -116.823091",33.309852,-116.823091,Female,No,Yes,No,25,Yes,No,Fiber optic,No,Yes,Yes,No,Yes,No,Month-to-month,Yes,Bank transfer (automatic),89.15,2257.75,Yes,1,97,5853,Competitor offered higher download speeds,0.9998122,1,1,High risk
8840-DQLGN,1,United States,California,Burbank,91502,"34.177267, -118.31003",34.177267,-118.31003,Female,Yes,Yes,No,35,Yes,Yes,Fiber optic,Yes,Yes,No,Yes,Yes,No,Month-to-month,Yes,Bank transfer (automatic),100.5,3653.35,Yes,1,81,4745,Attitude of support person,0.9998122,1,1,High risk
9866-QEVEE,1,United States,California,Modesto,95356,"37.716186, -121.025836",37.716186,-121.025836,Male,No,No,No,19,Yes,Yes,Fiber optic,No,No,No,No,No,Yes,Month-to-month,Yes,Bank transfer (automatic),86.0,1532.45,Yes,1,98,4857,Competitor offered higher download speeds,0.9998122,1,1,High risk
4817-VYYWS,1,United States,California,Silverado,92676,"33.782346, -117.635263",33.782346,-117.635263,Female,No,No,No,30,Yes,Yes,Fiber optic,No,Yes,No,No,Yes,Yes,Month-to-month,Yes,Electronic check,100.2,2983.8,Yes,1,90,3598,Service dissatisfaction,0.9998122,1,1,High risk
5373-SFODM,1,United States,California,San Lucas,93954,"36.125529, -120.864443",36.125529,-120.864443,Male,Yes,Yes,No,36,Yes,Yes,Fiber optic,No,No,No,No,No,Yes,Month-to-month,Yes,Credit card (automatic),85.25,3132.75,Yes,1,82,3041,Product dissatisfaction,0.9998122,1,1,High risk
5301-GAUUY,1,United States,California,Newport Beach,92661,"33.601309, -117.902304",33.601309,-117.902304,Male,No,No,No,32,Yes,Yes,Fiber optic,No,Yes,No,No,No,No,Month-to-month,Yes,Bank transfer (automatic),80.35,2596.15,Yes,1,92,5974,Competitor had better devices,0.9998122,1,1,High risk
7279-BUYWN,1,United States,California,Buena Park,90620,"33.845706, -118.012204",33.845706,-118.012204,Female,Yes,No,No,41,Yes,Yes,Fiber optic,Yes,Yes,Yes,No,Yes,Yes,Month-to-month,Yes,Electronic check,113.2,4689.5,Yes,1,89,3380,Attitude of support person,0.9998122,1,1,High risk
6022-UGGSO,1,United States,California,Citrus Heights,95610,"38.69508, -121.271616",38.69508,-121.271616,Female,Yes,No,No,32,Yes,No,Fiber optic,No,Yes,No,No,No,No,Month-to-month,Yes,Electronic check,74.4,2276.95,Yes,1,90,2091,Price too high,0.9998122,1,1,High risk
9050-QLROH,1,United States,California,Niland,92257,"33.345825, -115.596574",33.345825,-115.596574,Male,No,No,No,18,Yes,Yes,Fiber optic,No,No,Yes,No,No,Yes,Month-to-month,Yes,Credit card (automatic),90.7,1597.25,Yes,1,89,2931,Competitor had better devices,0.9998122,1,1,High risk
0963-ZBDRN,1,United States,California,Claremont,91711,"34.127621, -117.717863",34.127621,-117.717863,Male,No,No,No,32,Yes,No,Fiber optic,No,No,No,Yes,Yes,Yes,Month-to-month,Yes,Electronic check,96.2,3183.4,Yes,1,93,3606,Attitude of support person,0.9998122,1,1,High risk
8621-MNIHH,1,United States,California,Madison,95653,"38.674276, -121.961866",38.674276,-121.961866,Female,Yes,Yes,No,34,Yes,Yes,Fiber optic,No,Yes,Yes,No,No,Yes,Month-to-month,Yes,Electronic check,94.25,3217.55,Yes,1,88,3369,Competitor offered higher download speeds,0.9998122,1,1,High risk
6899-PPEEA,1,United States,California,Vallejo,94590,"38.104705, -122.247387",38.104705,-122.247387,Female,Yes,No,No,37,Yes,Yes,Fiber optic,No,No,No,No,Yes,Yes,Month-to-month,Yes,Electronic check,96.55,3580.3,Yes,1,81,4448,Attitude of service provider,0.9998122,1,1,High risk
1902-XBTFB,1,United States,California,North Hollywood,91605,"34.207295, -118.400022",34.207295,-118.400022,Male,No,No,No,22,Yes,No,Fiber optic,No,Yes,Yes,No,Yes,No,Month-to-month,Yes,Electronic check,89.4,2001.5,Yes,1,99,5438,Lack of self-service on Website,0.9998122,1,1,High risk
0376-YMCJC,1,United States,California,Novato,94949,"38.067204, -122.524004",38.067204,-122.524004,Male,No,No,No,23,Yes,Yes,Fiber optic,No,No,No,Yes,Yes,No,Month-to-month,Yes,Electronic check,90.6,1943.2,Yes,1,82,4359,Competitor offered higher download speeds,0.9998122,1,1,High risk
4658-HCOHW,1,United States,California,Redwood Valley,95470,"39.298065, -123.25211",39.298065,-123.25211,Female,No,Yes,No,21,Yes,No,Fiber optic,No,Yes,Yes,Yes,Yes,Yes,Month-to-month,Yes,Electronic check,102.8,2110.15,Yes,1,100,3123,Competitor had better devices,0.9998122,1,1,High risk
7893-IXHRQ,1,United States,California,Sacramento,95826,"38.542532, -121.378826",38.542532,-121.378826,Male,No,No,No,1,Yes,No,No,No internet service,No internet service,No internet service,No internet service,No internet service,No internet service,Month-to-month,No,Electronic check,20.55,20.55,Yes,1,87,5636,Competitor offered more data,0.9998122,1,1,High risk
9692-TUSXH,1,United States,California,Los Angeles,90041,"34.137412, -118.207607",34.137412,-118.207607,Female,No,No,No,18,Yes,No,Fiber optic,Yes,No,No,No,Yes,Yes,Month-to-month,Yes,Electronic check,96.05,1740.7,Yes,1,97,5581,Competitor offered higher download speeds,0.9998122,1,1,High risk
3858-VOBET,1,United States,California,Vista,92083,"33.17494, -117.242761",33.17494,-117.242761,Male,No,No,No,23,Yes,Yes,Fiber optic,No,No,No,No,No,No,Month-to-month,Yes,Electronic check,74.95,1710.45,Yes,1,89,5897,Competitor offered higher download speeds,0.9998122,1,1,High risk
0524-IAVZO,1,United States,California,Anza,92539,"33.527605, -116.666551",33.527605,-116.666551,Female,No,Yes,No,30,Yes,Yes,Fiber optic,No,No,No,No,No,Yes,Month-to-month,Yes,Electronic check,85.0,2624.25,Yes,1,97,3698,Don't know,0.9998122,1,1,High risk
5281-BUZGT,1,United States,California,Weaverville,96093,"40.759401, -122.939337",40.759401,-122.939337,Male,Yes,No,No,36,Yes,Yes,Fiber optic,Yes,No,No,No,Yes,No,Month-to-month,Yes,Electronic check,90.85,3186.7,Yes,1,92,5692,Competitor made better offer,0.9998122,1,1,High risk
6319-IEJWJ,1,United States,California,Camarillo,93012,"34.205504, -118.993111",34.205504,-118.993111,Male,No,Yes,No,20,Yes,No,Fiber optic,No,No,No,No,Yes,Yes,Month-to-month,Yes,Electronic check,90.2,1776.55,Yes,1,85,2058,Moved,0.9998122,1,1,High risk
7957-RYHQD,1,United States,California,Bellflower,90706,"33.887676, -118.127289",33.887676,-118.127289,Female,Yes,No,No,40,Yes,No,Fiber optic,Yes,Yes,No,No,No,No,Month-to-month,Yes,Credit card (automatic),79.2,3233.85,Yes,1,94,3207,Price too high,0.9998122,1,1,High risk
0322-CHQRU,1,United States,California,Palmdale,93591,"34.598221, -117.79593",34.598221,-117.79593,Male,No,No,No,2,Yes,No,DSL,No,No,No,No,No,No,Month-to-month,No,Electronic check,45.35,89.5,Yes,1,81,3478,Competitor offered more data,0.99981207,1,1,High risk
5759-RCVCB,1,United States,California,Orange,92869,"33.792791, -117.789749",33.792791,-117.789749,Female,No,No,No,3,No,No phone service,DSL,No,No,No,No,Yes,No,Month-to-month,No,Credit card (automatic),35.2,108.95,Yes,1,100,5450,Attitude of service provider,0.99981207,1,1,High risk
6317-YPKDH,1,United States,California,Glendale,91202,"34.167926, -118.267539",34.167926,-118.267539,Female,No,No,No,1,No,No phone service,DSL,No,Yes,No,No,No,No,Month-to-month,No,Bank transfer (automatic),29.95,29.95,Yes,1,95,4534,Long distance charges,0.99981207,1,1,High risk
0616-ATFGB,1,United States,California,Shasta Lake,96019,"40.692523, -122.369876",40.692523,-122.369876,Male,Yes,Yes,No,1,No,No phone service,DSL,No,No,No,No,No,No,Month-to-month,No,Electronic check,25.05,25.05,Yes,1,95,2119,Competitor had better devices,0.99981207,1,1,High risk
4208-UFFGW,1,United States,California,Byron,94514,"37.83323, -121.601461",37.83323,-121.601461,Male,Yes,No,No,2,Yes,No,DSL,No,No,No,No,No,No,Month-to-month,No,Mailed check,44.95,85.15,Yes,1,84,5900,Don't know,0.99981207,1,1,High risk
3540-RZJYU,1,United States,California,Zenia,95595,"40.170357, -123.417298",40.170357,-123.417298,Female,No,No,No,15,Yes,No,Fiber optic,Yes,No,No,No,Yes,No,Month-to-month,No,Electronic check,86.2,1270.2,Yes,1,90,5829,Lack of self-service on Website,0.99981123,1,1,High risk
1112-CUNAO,1,United States,California,Grimes,95950,"39.033058, -121.895718",39.033058,-121.895718,Female,Yes,No,No,15,Yes,Yes,Fiber optic,No,Yes,No,No,No,Yes,Month-to-month,No,Electronic check,89.85,1424.95,Yes,1,99,2668,Service dissatisfaction,0.99981123,1,1,High risk
5698-BQJOH,1,United States,California,Beverly Hills,90211,"34.063947, -118.383001",34.063947,-118.383001,Female,No,No,Yes,9,Yes,Yes,Fiber optic,No,No,No,No,Yes,Yes,Month-to-month,No,Electronic check,94.4,857.25,Yes,1,96,5571,Price too high,0.99981016,1,1,High risk
2070-FNEXE,1,United States,California,Pasadena,91107,"34.159007, -118.087353",34.159007,-118.087353,Female,Yes,No,Yes,7,Yes,No,Fiber optic,Yes,No,No,No,No,No,Month-to-month,No,Bank transfer (automatic),76.45,503.6,Yes,1,81,4419,Lack of affordable download/upload speed,0.99981016,1,1,High risk
4667-OHGKG,1,United States,California,Summerland,93067,"34.420998, -119.60137",34.420998,-119.60137,Male,No,No,No,1,Yes,No,No,No internet service,No internet service,No internet service,No internet service,No internet service,No internet service,Month-to-month,Yes,Mailed check,19.3,19.3,Yes,1,99,4266,Service dissatisfaction,0.9998099,1,1,High risk
1493-AMTIE,1,United States,California,Ivanhoe,93235,"36.385818, -119.224243",36.385818,-119.224243,Male,No,No,No,1,Yes,No,No,No internet service,No internet service,No internet service,No internet service,No internet service,No internet service,Month-to-month,Yes,Bank transfer (automatic),20.2,20.2,Yes,1,87,5394,Attitude of service provider,0.9998099,1,1,High risk
1240-KNSEZ,1,United States,California,San Diego,92127,"33.017518, -117.118456",33.017518,-117.118456,Male,No,No,No,1,Yes,No,No,No internet service,No internet service,No internet service,No internet service,No internet service,No internet service,Month-to-month,Yes,Mailed check,20.1,20.1,Yes,1,95,4933,Don't know,0.9998099,1,1,High risk
7056-IMHCC,1,United States,California,Torrance,90501,"33.833699, -118.314387",33.833699,-118.314387,Male,Yes,Yes,No,53,Yes,Yes,Fiber optic,No,Yes,No,No,Yes,Yes,Month-to-month,Yes,Electronic check,101.9,5549.4,Yes,1,94,5884,Price too high,0.99980897,1,1,High risk
9079-YEXQJ,1,United States,California,Chino,91710,"33.990646, -117.663025",33.990646,-117.663025,Female,No,No,No,54,Yes,Yes,Fiber optic,No,Yes,Yes,Yes,Yes,Yes,Month-to-month,No,Electronic check,111.1,6014.85,Yes,1,93,5527,Product dissatisfaction,0.99980897,1,1,High risk
5889-JTMUL,1,United States,California,Castaic,91384,"34.506627, -118.699048",34.506627,-118.699048,Female,Yes,Yes,No,50,Yes,Yes,Fiber optic,No,Yes,Yes,No,Yes,No,Month-to-month,Yes,Electronic check,95.05,4888.7,Yes,1,92,5863,Price too high,0.99980897,1,1,High risk
1587-FKLZB,1,United States,California,Santa Barbara,93101,"34.419203, -119.710008",34.419203,-119.710008,Male,Yes,Yes,No,66,Yes,Yes,Fiber optic,No,No,Yes,No,Yes,Yes,Month-to-month,Yes,Credit card (automatic),99.5,6822.15,Yes,1,96,4479,Attitude of support person,0.99980897,1,1,High risk
8938-UMKPI,1,United States,California,Corona,92882,"33.819385, -117.600213",33.819385,-117.600213,Female,No,No,No,47,Yes,Yes,Fiber optic,No,Yes,Yes,No,Yes,Yes,Month-to-month,Yes,Electronic check,106.4,5127.95,Yes,1,99,4804,Attitude of support person,0.99980897,1,1,High risk
6651-AZVTJ,1,United States,California,Pomona,91768,"34.067932, -117.785168",34.067932,-117.785168,Male,No,Yes,No,49,Yes,Yes,Fiber optic,No,No,Yes,No,Yes,Yes,Month-to-month,Yes,Electronic check,99.8,4872.45,Yes,1,83,6088,Attitude of support person,0.99980897,1,1,High risk
6825-UYPFK,1,United States,California,Sun City,92586,"33.707483, -117.200006",33.707483,-117.200006,Female,No,No,No,23,Yes,Yes,Fiber optic,No,No,No,No,No,No,Month-to-month,No,Bank transfer (automatic),75.6,1758.6,Yes,1,81,2115,Network reliability,0.9998086,1,1,High risk
1894-IGFSG,1,United States,California,Lancaster,93535,"34.712708, -117.889656",34.712708,-117.889656,Female,No,No,No,22,Yes,No,Fiber optic,No,No,No,No,Yes,Yes,Month-to-month,No,Electronic check,89.25,1907.85,Yes,1,82,3161,Competitor had better devices,0.9998086,1,1,High risk
9420-LOJKX,1,United States,California,Los Angeles,90061,"33.92128, -118.274186",33.92128,-118.274186,Female,No,No,Yes,15,Yes,No,Fiber optic,Yes,Yes,No,No,Yes,Yes,Month-to-month,Yes,Credit card (automatic),99.1,1426.4,Yes,1,82,2966,Competitor offered more data,0.99980825,1,1,High risk
1541-ETJZO,1,United States,California,Wheatland,95692,"39.043387, -121.409837",39.043387,-121.409837,Male,No,No,No,1,Yes,Yes,DSL,No,No,Yes,Yes,No,No,Month-to-month,No,Mailed check,62.05,62.05,Yes,1,86,2937,Moved,0.9998078,1,1,High risk
5103-MHMHY,1,United States,California,Los Osos,93402,"35.279984, -120.824288",35.279984,-120.824288,Female,No,No,Yes,1,Yes,No,DSL,No,No,No,No,No,No,Month-to-month,No,Mailed check,45.95,45.95,Yes,1,82,4563,Attitude of support person,0.9998066,1,1,High risk
3923-CSIHK,1,United States,California,Herald,95638,"38.313447, -121.123886",38.313447,-121.123886,Female,Yes,Yes,No,50,Yes,No,Fiber optic,No,No,No,No,No,No,Month-to-month,Yes,Electronic check,71.05,3444.85,Yes,1,94,5746,Don't know,0.999806,1,1,High risk
3207-OYBWH,1,United States,California,Newport Beach,92661,"33.601309, -117.902304",33.601309,-117.902304,Male,Yes,Yes,No,57,Yes,Yes,Fiber optic,No,Yes,Yes,No,No,Yes,Month-to-month,Yes,Bank transfer (automatic),95.25,5427.05,Yes,1,86,6259,Attitude of support person,0.999806,1,1,High risk
4412-YLTKF,1,United States,California,Pico Rivera,90660,"33.989524, -118.089299",33.989524,-118.089299,Female,Yes,No,Yes,27,Yes,Yes,Fiber optic,No,No,Yes,No,No,No,Month-to-month,Yes,Electronic check,78.05,2135.5,Yes,1,95,4638,Service dissatisfaction,0.9998055,1,1,High risk
4892-VLANZ,1,United States,California,Colusa,95932,"39.273096, -122.050763",39.273096,-122.050763,Male,No,No,No,1,Yes,No,No,No internet service,No internet service,No internet service,No internet service,No internet service,No internet service,Month-to-month,No,Mailed check,19.8,19.8,Yes,1,96,5600,Don't know,0.99980515,1,1,High risk
7239-HZZCX,1,United States,California,Lancaster,93535,"34.712708, -117.889656",34.712708,-117.889656,Male,No,No,No,1,Yes,No,No,No internet service,No internet service,No internet service,No internet service,No internet service,No internet service,Month-to-month,No,Mailed check,19.75,19.75,Yes,1,100,4851,Competitor made better offer,0.99980515,1,1,High risk
1963-VAUKV,1,United States,California,Kyburz,95720,"38.766036, -120.209673",38.766036,-120.209673,Female,No,No,No,1,Yes,No,No,No internet service,No internet service,No internet service,No internet service,No internet service,No internet service,Month-to-month,No,Mailed check,20.4,20.4,Yes,1,92,3663,Don't know,0.99980515,1,1,High risk
2391-SOORI,1,United States,California,Big Bear City,92314,"34.278967, -116.773825",34.278967,-116.773825,Male,No,No,Yes,4,Yes,No,DSL,Yes,No,No,No,No,No,Month-to-month,No,Electronic check,49.35,219.65,Yes,1,83,5858,Lack of self-service on Website,0.9998049,1,1,High risk
2955-PSXOE,1,United States,California,Topanga,90290,"34.115192, -118.61017",34.115192,-118.61017,Female,No,No,No,1,Yes,No,No,No internet service,No internet service,No internet service,No internet service,No internet service,No internet service,Month-to-month,Yes,Bank transfer (automatic),20.2,20.2,Yes,1,98,3061,Price too high,0.9998035,1,1,High risk
2839-RFSQE,1,United States,California,Rancho Mirage,92270,"33.763678, -116.429928",33.763678,-116.429928,Female,No,No,No,2,Yes,No,No,No internet service,No internet service,No internet service,No internet service,No internet service,No internet service,Month-to-month,No,Mailed check,20.65,38.7,Yes,1,83,3845,Competitor offered more data,0.99980265,1,1,High risk
0742-MOABM,1,United States,California,Panorama City,91402,"34.223768, -118.445461",34.223768,-118.445461,Male,No,Yes,No,4,Yes,No,DSL,No,No,No,Yes,No,No,Month-to-month,No,Mailed check,50.05,179.35,Yes,1,82,3394,Don't know,0.9998005,1,1,High risk
8601-QACRS,1,United States,California,Apple Valley,92307,"34.55082, -117.122396",34.55082,-117.122396,Female,No,No,No,5,Yes,Yes,DSL,No,No,No,No,No,No,Month-to-month,Yes,Mailed check,50.6,249.95,Yes,1,94,2353,Service dissatisfaction,0.9998005,1,1,High risk
2108-YKQTY,1,United States,California,Santa Monica,90403,"34.031529, -118.491156",34.031529,-118.491156,Female,No,No,No,4,Yes,No,DSL,No,Yes,No,No,No,No,Month-to-month,No,Credit card (automatic),50.7,151.3,Yes,1,90,4930,Don't know,0.9998005,1,1,High risk
5949-EBSQK,1,United States,California,Sunset Beach,90742,"33.719221, -118.073596",33.719221,-118.073596,Male,No,Yes,Yes,4,Yes,No,DSL,No,No,No,Yes,No,Yes,Month-to-month,No,Credit card (automatic),61.45,229.55,Yes,1,83,2131,Price too high,0.9998004,1,1,High risk
1809-DMJHQ,1,United States,California,Newport Beach,92660,"33.634626, -117.874882",33.634626,-117.874882,Female,No,No,Yes,5,Yes,No,DSL,No,No,No,No,No,No,Month-to-month,No,Mailed check,46.0,221.7,Yes,1,85,4846,Competitor had better devices,0.99980026,1,1,High risk
1087-UDSIH,1,United States,California,Concord,94520,"38.013825, -122.039144",38.013825,-122.039144,Female,No,No,No,3,Yes,No,No,No internet service,No internet service,No internet service,No internet service,No internet service,No internet service,Month-to-month,Yes,Mailed check,19.6,59.75,Yes,1,81,5000,Lack of affordable download/upload speed,0.99980026,1,1,High risk
4211-MMAZN,1,United States,California,Vacaville,95688,"38.419088, -122.024568",38.419088,-122.024568,Male,No,No,No,1,Yes,No,No,No internet service,No internet service,No internet service,No internet service,No internet service,No internet service,Month-to-month,No,Mailed check,20.25,20.25,Yes,1,89,2959,Attitude of support person,0.9997986,1,1,High risk
2606-RMDHZ,1,United States,California,Lakewood,90713,"33.847755, -118.112532",33.847755,-118.112532,Male,No,No,No,6,No,No phone service,DSL,No,Yes,No,No,No,No,Month-to-month,Yes,Credit card (automatic),30.5,208.7,Yes,1,93,4667,Attitude of service provider,0.9997973,1,1,High risk
6543-CPZMK,1,United States,California,Ventura,93001,"34.360261, -119.306383",34.360261,-119.306383,Male,No,Yes,No,9,No,No phone service,DSL,No,Yes,No,No,No,No,Month-to-month,Yes,Electronic check,29.95,248.95,Yes,1,83,2573,Competitor offered more data,0.9997973,1,1,High risk
2309-OSFEU,1,United States,California,Smith River,95567,"41.950683, -124.097094",41.950683,-124.097094,Male,No,No,No,10,No,No phone service,DSL,No,No,No,No,No,Yes,Month-to-month,Yes,Mailed check,33.9,298.45,Yes,1,84,2529,Lack of self-service on Website,0.9997973,1,1,High risk
0778-NELLA,1,United States,California,Anaheim,92805,"33.830209, -117.906099",33.830209,-117.906099,Male,No,No,No,9,No,No phone service,DSL,No,No,No,No,Yes,No,Month-to-month,Yes,Credit card (automatic),34.7,296.1,Yes,1,95,5352,Competitor offered higher download speeds,0.9997973,1,1,High risk
2659-VXMWZ,1,United States,California,Newport Coast,92657,"33.603282, -117.821841",33.603282,-117.821841,Male,No,Yes,No,67,Yes,Yes,Fiber optic,Yes,Yes,Yes,No,Yes,Yes,One year,Yes,Electronic check,111.3,7482.1,Yes,1,85,4146,Attitude of support person,0.99979645,1,1,High risk
6270-OMFIW,1,United States,California,Valley Springs,95252,"38.156971, -120.849231",38.156971,-120.849231,Male,No,Yes,No,60,Yes,No,Fiber optic,No,Yes,No,No,Yes,Yes,One year,Yes,Electronic check,94.4,5610.25,Yes,1,99,4990,Attitude of support person,0.99979645,1,1,High risk
9139-WQQDY,1,United States,California,San Diego,92103,"32.747484, -117.166877",32.747484,-117.166877,Female,No,Yes,No,49,Yes,Yes,Fiber optic,No,Yes,No,No,Yes,Yes,One year,No,Mailed check,100.45,4941.8,Yes,1,90,4235,Competitor offered higher download speeds,0.99979645,1,1,High risk
8849-GYOKR,1,United States,California,Mineral,96063,"40.408796, -121.579609",40.408796,-121.579609,Female,No,Yes,No,54,Yes,Yes,Fiber optic,Yes,Yes,No,No,Yes,Yes,One year,No,Bank transfer (automatic),106.55,5763.3,Yes,1,90,4893,Product dissatisfaction,0.99979645,1,1,High risk
6777-TGHTM,1,United States,California,San Francisco,94122,"37.760412, -122.484966",37.760412,-122.484966,Female,No,No,No,53,Yes,Yes,Fiber optic,Yes,No,Yes,No,Yes,Yes,One year,Yes,Credit card (automatic),106.95,5785.5,Yes,1,90,5550,Competitor had better devices,0.99979645,1,1,High risk
1444-VVSGW,1,United States,California,Los Molinos,96055,"40.059385, -122.091481",40.059385,-122.091481,Male,No,Yes,No,70,Yes,Yes,Fiber optic,Yes,Yes,Yes,Yes,Yes,Yes,One year,No,Credit card (automatic),115.65,7968.85,Yes,1,99,5563,Product dissatisfaction,0.99979645,1,1,High risk
5469-CTCWN,1,United States,California,Arbuckle,95912,"38.982373, -122.047751",38.982373,-122.047751,Male,No,Yes,No,61,Yes,Yes,Fiber optic,Yes,Yes,No,No,Yes,Yes,One year,Yes,Electronic check,106.0,6547.7,Yes,1,92,4334,Competitor offered higher download speeds,0.99979645,1,1,High risk
6664-FPDAC,1,United States,California,San Diego,92115,"32.762506, -117.07245",32.762506,-117.07245,Female,Yes,No,No,56,Yes,Yes,Fiber optic,No,Yes,Yes,Yes,Yes,Yes,One year,Yes,Electronic check,111.95,6418.9,Yes,1,91,4060,Attitude of service provider,0.99979645,1,1,High risk
6646-QVXLR,1,United States,California,Napa,94558,"38.489789, -122.27011",38.489789,-122.27011,Male,Yes,Yes,No,62,Yes,Yes,Fiber optic,No,Yes,Yes,No,Yes,Yes,One year,Yes,Electronic check,103.75,6383.35,Yes,1,91,5052,Competitor offered higher download speeds,0.99979645,1,1,High risk
5482-NUPNA,1,United States,California,Imperial,92251,"32.858595, -115.662709",32.858595,-115.662709,Female,No,No,No,4,Yes,No,DSL,Yes,Yes,No,Yes,No,No,Month-to-month,Yes,Mailed check,60.4,272.15,Yes,1,90,5730,Competitor had better devices,0.99979585,1,1,High risk
0431-APWVY,1,United States,California,Novato,94949,"38.067204, -122.524004",38.067204,-122.524004,Female,No,Yes,No,28,Yes,No,Fiber optic,No,No,No,No,Yes,Yes,One year,Yes,Bank transfer (automatic),90.1,2598.95,Yes,1,99,5958,Don't know,0.99979585,1,1,High risk
6776-TLWOI,1,United States,California,Livingston,95334,"37.361987, -120.748394",37.361987,-120.748394,Male,No,No,No,3,Yes,No,No,No internet service,No internet service,No internet service,No internet service,No internet service,No internet service,Month-to-month,No,Mailed check,19.85,64.55,Yes,1,93,2158,Price too high,0.99979526,1,1,High risk
9254-RBFON,1,United States,California,Klamath River,96050,"41.816595, -122.948287",41.816595,-122.948287,Female,No,Yes,No,17,Yes,No,Fiber optic,No,No,Yes,Yes,Yes,Yes,One year,No,Bank transfer (automatic),98.6,1704.95,Yes,1,91,5160,Moved,0.9997949,1,1,High risk
9033-EOXWV,1,United States,California,Oakland,94603,"37.739113, -122.175602",37.739113,-122.175602,Female,No,No,No,12,Yes,Yes,DSL,No,No,No,Yes,Yes,Yes,One year,No,Mailed check,74.05,872.65,Yes,1,94,4149,Don't know,0.99979407,1,1,High risk
7470-MCQTK,1,United States,California,Alpaugh,93201,"35.869626, -119.498771",35.869626,-119.498771,Female,No,Yes,No,13,No,No phone service,DSL,No,No,Yes,No,Yes,Yes,Month-to-month,Yes,Bank transfer (automatic),48.75,633.4,Yes,1,86,2655,Attitude of support person,0.999793,1,1,High risk
3325-FUYCG,1,United States,California,Five Points,93624,"36.397745, -120.119911",36.397745,-120.119911,Male,No,Yes,No,28,Yes,Yes,Fiber optic,Yes,Yes,No,No,Yes,Yes,One year,No,Electronic check,106.1,2847.4,Yes,1,85,3770,Service dissatisfaction,0.9997919,1,1,High risk
6946-LMSQS,1,United States,California,Temecula,92592,"33.507255, -117.029473",33.507255,-117.029473,Male,Yes,Yes,No,25,Yes,Yes,Fiber optic,Yes,No,No,No,No,Yes,One year,Yes,Electronic check,89.05,2177.45,Yes,1,97,2673,Lack of self-service on Website,0.99979097,1,1,High risk
9986-BONCE,1,United States,California,Fallbrook,92028,"33.362575, -117.299644",33.362575,-117.299644,Female,No,No,No,4,Yes,No,No,No internet service,No internet service,No internet service,No internet service,No internet service,No internet service,Month-to-month,No,Bank transfer (automatic),20.95,85.5,Yes,1,85,5822,Network reliability,0.9997905,1,1,High risk
2778-OCLGR,1,United States,California,Soda Springs,95728,"39.279068, -120.414275",39.279068,-120.414275,Male,Yes,Yes,No,24,No,No phone service,DSL,Yes,No,No,No,No,Yes,Month-to-month,No,Bank transfer (automatic),39.1,971.3,Yes,1,89,4591,Competitor had better devices,0.99979,1,1,High risk
9381-NDKME,1,United States,California,El Monte,91731,"34.079934, -118.046695",34.079934,-118.046695,Female,Yes,Yes,No,24,No,No phone service,DSL,No,No,Yes,No,No,Yes,Month-to-month,Yes,Credit card (automatic),40.65,933.3,Yes,1,85,3843,Limited range of services,0.99979,1,1,High risk
7124-UGSUR,1,United States,California,Los Angeles,90028,"34.099869, -118.326843",34.099869,-118.326843,Female,Yes,Yes,No,61,Yes,Yes,Fiber optic,No,Yes,Yes,No,Yes,Yes,One year,Yes,Credit card (automatic),104.4,6405.0,Yes,1,84,4412,Competitor had better devices,0.9997894,1,1,High risk
5445-PZWGX,1,United States,California,Travis Afb,94535,"38.265899, -121.939461",38.265899,-121.939461,Male,No,No,No,62,Yes,Yes,Fiber optic,Yes,Yes,No,Yes,No,Yes,One year,No,Electronic check,102.0,6529.25,Yes,1,87,5090,Price too high,0.99978834,1,1,High risk
4640-UHDOS,1,United States,California,Phelan,92371,"34.441123, -117.537886",34.441123,-117.537886,Female,No,Yes,No,13,Yes,No,DSL,No,No,No,No,No,Yes,Month-to-month,No,Electronic check,55.95,734.35,Yes,1,91,4498,Competitor had better devices,0.9997875,1,1,High risk
9820-RMCQV,1,United States,California,San Marino,91108,"34.122671, -118.112911",34.122671,-118.112911,Female,No,No,No,11,Yes,No,DSL,Yes,No,No,No,No,No,Month-to-month,No,Credit card (automatic),48.55,501.0,Yes,1,92,4444,Competitor made better offer,0.9997875,1,1,High risk
6331-LWDTQ,1,United States,California,Rialto,92377,"34.156758, -117.404686",34.156758,-117.404686,Male,No,No,No,10,Yes,Yes,DSL,No,No,No,No,Yes,Yes,Month-to-month,Yes,Credit card (automatic),72.15,794.25,Yes,1,98,2457,Limited range of services,0.99978715,1,1,High risk
1205-WNWPJ,1,United States,California,Lakehead,96051,"40.883853, -122.418258",40.883853,-122.418258,Female,No,No,No,7,Yes,No,DSL,No,No,No,Yes,Yes,No,Month-to-month,Yes,Mailed check,59.5,415.95,Yes,1,91,4661,Moved,0.99978715,1,1,High risk
2325-ZUSFD,1,United States,California,Irvine,92602,"33.720359, -117.733655",33.720359,-117.733655,Female,No,Yes,No,57,Yes,No,DSL,Yes,No,No,No,Yes,Yes,One year,Yes,Bank transfer (automatic),70.1,3913.3,Yes,1,81,4669,Network reliability,0.99978584,1,1,High risk
9378-FXTIZ,1,United States,California,San Diego,92119,"32.802959, -117.027095",32.802959,-117.027095,Female,No,Yes,No,54,Yes,Yes,DSL,No,No,No,No,Yes,Yes,One year,Yes,Credit card (automatic),70.15,3715.65,Yes,1,95,4596,Network reliability,0.99978584,1,1,High risk
3523-QRQLL,1,United States,California,Bieber,96009,"41.083464, -121.107929",41.083464,-121.107929,Female,No,Yes,No,22,Yes,No,DSL,No,Yes,No,No,Yes,Yes,One year,Yes,Bank transfer (automatic),69.5,1498.2,Yes,1,94,5922,Competitor offered more data,0.99978584,1,1,High risk
6834-NXDCA,1,United States,California,South Dos Palos,93665,"36.959731, -120.653519",36.959731,-120.653519,Female,No,No,No,13,No,No phone service,DSL,No,No,No,No,No,No,Month-to-month,Yes,Electronic check,23.9,300.8,Yes,1,82,2967,Limited range of services,0.99978584,1,1,High risk
3594-UVONA,1,United States,California,Costa Mesa,92626,"33.678591, -117.905471",33.678591,-117.905471,Female,No,No,No,35,Yes,Yes,DSL,Yes,No,Yes,Yes,Yes,Yes,One year,Yes,Credit card (automatic),85.95,3110.1,Yes,1,99,3833,Extra data charges,0.99978584,1,1,High risk
2165-VOEGB,1,United States,California,Burbank,91501,"34.188339, -118.300942",34.188339,-118.300942,Female,No,No,No,46,Yes,No,Fiber optic,Yes,Yes,No,Yes,Yes,Yes,One year,Yes,Bank transfer (automatic),105.2,4822.85,Yes,1,99,3322,Don't know,0.9997851,1,1,High risk
0823-HSCDJ,1,United States,California,Onyx,93255,"35.676978, -118.101378",35.676978,-118.101378,Male,Yes,No,No,52,No,No phone service,DSL,No,Yes,No,No,Yes,Yes,Month-to-month,Yes,Electronic check,49.15,2550.9,Yes,1,90,5597,Competitor offered more data,0.99978477,1,1,High risk
7410-KTVFV,1,United States,California,Grimes,95950,"39.033058, -121.895718",39.033058,-121.895718,Male,No,Yes,No,18,Yes,No,DSL,No,No,Yes,No,No,No,Month-to-month,Yes,Mailed check,49.55,878.35,Yes,1,97,2815,Competitor offered higher download speeds,0.9997845,1,1,High risk
4695-VADHF,1,United States,California,Oakland,94606,"37.792489, -122.244314",37.792489,-122.244314,Male,No,Yes,No,18,Yes,No,DSL,No,No,Yes,No,No,Yes,Month-to-month,No,Electronic check,57.45,990.85,Yes,1,84,2989,Competitor had better devices,0.9997845,1,1,High risk
4323-SADQS,1,United States,California,Concord,94521,"37.971421, -121.971504",37.971421,-121.971504,Male,No,Yes,Yes,7,No,No phone service,DSL,Yes,No,No,Yes,No,No,Month-to-month,Yes,Electronic check,34.5,279.25,Yes,1,93,3520,Service dissatisfaction,0.9997842,1,1,High risk
1150-WFARN,1,United States,California,Brawley,92227,"33.03933, -115.191857",33.03933,-115.191857,Female,No,Yes,No,67,Yes,Yes,Fiber optic,Yes,No,Yes,Yes,Yes,Yes,Two year,Yes,Credit card (automatic),108.75,7156.2,Yes,1,90,5516,Competitor had better devices,0.9997825,1,1,High risk
4160-AMJTL,1,United States,California,Fellows,93224,"35.215731, -119.57013",35.215731,-119.57013,Female,Yes,No,No,8,Yes,No,No,No internet service,No internet service,No internet service,No internet service,No internet service,No internet service,Month-to-month,No,Electronic check,19.65,164.3,Yes,1,83,5432,Competitor offered more data,0.99978155,1,1,High risk
4541-RMRLG,1,United States,California,Hayward,94541,"37.674002, -122.076796",37.674002,-122.076796,Male,No,No,No,7,Yes,No,No,No internet service,No internet service,No internet service,No internet service,No internet service,No internet service,Month-to-month,No,Electronic check,19.25,112.3,Yes,1,82,4489,Competitor offered higher download speeds,0.99978155,1,1,High risk
0733-VUNUW,1,United States,California,San Francisco,94114,"37.758085, -122.434801",37.758085,-122.434801,Male,No,No,No,24,Yes,Yes,DSL,Yes,No,No,No,No,No,Month-to-month,Yes,Bank transfer (automatic),55.65,1400.55,Yes,1,97,4126,Competitor had better devices,0.99977916,1,1,High risk
3982-XWFZQ,1,United States,California,Denair,95316,"37.524721, -120.757977",37.524721,-120.757977,Female,No,Yes,No,42,Yes,Yes,DSL,No,No,No,No,No,No,Month-to-month,Yes,Electronic check,50.25,2203.65,Yes,1,97,4873,Competitor offered more data,0.99977916,1,1,High risk
5236-PERKL,1,United States,California,Pearblossom,93553,"34.445239, -117.894868",34.445239,-117.894868,Female,No,No,No,57,Yes,Yes,Fiber optic,Yes,Yes,Yes,No,Yes,Yes,Two year,Yes,Bank transfer (automatic),112.95,6465.0,Yes,1,89,4738,Competitor offered higher download speeds,0.9997769,1,1,High risk
5271-YNWVR,1,United States,California,Santa Paula,93060,"34.402343, -119.094824",34.402343,-119.094824,Male,No,Yes,No,68,Yes,Yes,Fiber optic,Yes,Yes,Yes,Yes,Yes,Yes,Two year,Yes,Electronic check,113.15,7856.0,Yes,1,90,4610,Extra data charges,0.99977416,1,1,High risk
4905-JEFDW,1,United States,California,Palo Alto,94306,"37.416159, -122.131337",37.416159,-122.131337,Male,No,No,No,11,No,No phone service,DSL,No,No,Yes,No,Yes,No,One year,Yes,Electronic check,41.6,470.6,Yes,1,81,3119,Competitor offered higher download speeds,0.99976784,1,1,High risk
4489-SNOJF,1,United States,California,Deer Park,94576,"38.554383, -122.474773",38.554383,-122.474773,Female,No,Yes,Yes,35,Yes,Yes,DSL,Yes,No,Yes,Yes,Yes,No,Month-to-month,No,Electronic check,72.25,2568.55,Yes,1,83,5898,Don't know,0.99976486,1,1,High risk
9565-JSNFM,1,United States,California,Meadow Valley,95956,"39.937017, -121.058043",39.937017,-121.058043,Male,No,No,No,38,Yes,No,Fiber optic,No,No,No,No,No,No,One year,Yes,Bank transfer (automatic),70.45,2597.6,Yes,1,82,5437,Lack of affordable download/upload speed,0.9997608,1,1,High risk
9412-ARGBX,1,United States,California,Downey,90241,"33.940884, -118.128628",33.940884,-118.128628,Female,No,No,No,48,Yes,No,Fiber optic,No,Yes,Yes,Yes,Yes,No,Two year,Yes,Mailed check,95.5,4627.85,Yes,1,97,2459,Competitor made better offer,0.9997571,1,1,High risk
6797-LNAQX,1,United States,California,Poway,92064,"32.984395, -117.013454",32.984395,-117.013454,Male,No,Yes,No,70,Yes,Yes,Fiber optic,No,Yes,No,No,Yes,Yes,Two year,No,Bank transfer (automatic),98.3,6859.5,Yes,1,98,4794,Attitude of service provider,0.9997571,1,1,High risk
3705-PSNGL,1,United States,California,Cerritos,90703,"33.8681, -118.067402",33.8681,-118.067402,Male,No,No,No,45,Yes,No,No,No internet service,No internet service,No internet service,No internet service,No internet service,No internet service,One year,Yes,Electronic check,20.4,930.45,Yes,1,87,5398,Attitude of support person,0.9997565,1,1,High risk
6598-RFFVI,1,United States,California,San Bernardino,92405,"34.142747, -117.300864",34.142747,-117.300864,Male,No,No,No,2,Yes,No,No,No internet service,No internet service,No internet service,No internet service,No internet service,No internet service,One year,No,Credit card (automatic),19.3,28.3,Yes,1,94,2279,Competitor had better devices,0.9997552,1,1,High risk
7666-WKRON,1,United States,California,Riverbank,95367,"37.734971, -120.954271",37.734971,-120.954271,Female,No,No,No,39,Yes,No,Fiber optic,No,No,Yes,Yes,No,No,Two year,Yes,Electronic check,80.45,3201.55,Yes,1,85,2224,Lack of self-service on Website,0.9997471,1,1,High risk
2609-IAICY,1,United States,California,North Fork,93643,"37.244307, -119.470256",37.244307,-119.470256,Female,No,No,No,1,Yes,Yes,Fiber optic,No,No,No,No,No,No,Month-to-month,Yes,Electronic check,77.15,77.15,Yes,1,79,2756,Limited range of services,0.9997285,1,1,High risk
1320-HTRDR,1,United States,California,Fellows,93224,"35.215731, -119.57013",35.215731,-119.57013,Female,No,No,No,3,Yes,Yes,Fiber optic,No,No,No,No,No,No,Month-to-month,Yes,Electronic check,75.5,220.6,Yes,1,79,5948,Attitude of service provider,0.9997285,1,1,High risk
3519-ZKXGG,1,United States,California,San Francisco,94123,"37.800254, -122.436975",37.800254,-122.436975,Female,No,Yes,No,3,Yes,Yes,Fiber optic,No,No,No,No,No,No,Month-to-month,Yes,Electronic check,75.85,256.6,Yes,1,79,4062,Competitor offered more data,0.9997285,1,1,High risk
3722-WPXTK,1,United States,California,Benton,93512,"37.653947, -118.231443",37.653947,-118.231443,Male,No,No,No,1,Yes,No,Fiber optic,No,No,No,No,Yes,Yes,Month-to-month,Yes,Electronic check,88.35,88.35,Yes,1,72,4254,Competitor offered higher download speeds,0.9997212,1,1,High risk
7817-BOQPW,1,United States,California,Rio Dell,95562,"40.485849, -124.163234",40.485849,-124.163234,Female,No,No,No,2,Yes,Yes,Fiber optic,No,No,No,No,No,No,Month-to-month,Yes,Electronic check,75.55,166.3,Yes,1,77,4320,Competitor made better offer,0.9997212,1,1,High risk
4806-KEXQR,1,United States,California,Lockeford,95237,"38.166791, -121.14207",38.166791,-121.14207,Male,No,No,No,4,Yes,No,Fiber optic,No,No,No,No,No,Yes,Month-to-month,Yes,Electronic check,79.9,324.3,Yes,1,77,4669,Competitor had better devices,0.9997212,1,1,High risk
0388-EOPEX,1,United States,California,Riverside,92503,"33.890046, -117.455583",33.890046,-117.455583,Female,No,Yes,No,2,Yes,No,Fiber optic,Yes,No,No,No,No,No,Month-to-month,Yes,Electronic check,74.4,139.4,Yes,1,77,4263,Lack of self-service on Website,0.9997212,1,1,High risk
2865-TCHJW,1,United States,California,Anaheim,92807,"33.848733, -117.788357",33.848733,-117.788357,Female,Yes,No,No,4,Yes,Yes,Fiber optic,No,No,Yes,No,Yes,No,Month-to-month,Yes,Electronic check,89.2,346.2,Yes,1,74,5808,Competitor had better devices,0.9997212,1,1,High risk
8443-ZRDBZ,1,United States,California,Fontana,92336,"34.136367, -117.460803",34.136367,-117.460803,Male,No,No,No,4,Yes,Yes,Fiber optic,No,No,No,No,No,No,Month-to-month,Yes,Electronic check,76.05,318.9,Yes,1,75,3685,Long distance charges,0.9997212,1,1,High risk
7180-PISOG,1,United States,California,Piru,93040,"34.432843, -118.730106",34.432843,-118.730106,Male,No,Yes,No,1,Yes,Yes,Fiber optic,No,No,No,No,No,No,Month-to-month,Yes,Electronic check,74.5,74.5,Yes,1,75,5554,Attitude of service provider,0.9997212,1,1,High risk
2202-CUYXZ,1,United States,California,Dublin,94568,"37.713926, -121.928425",37.713926,-121.928425,Male,No,No,No,1,Yes,No,Fiber optic,No,No,Yes,No,Yes,No,Month-to-month,Yes,Electronic check,84.85,84.85,Yes,1,77,3086,Long distance charges,0.9997212,1,1,High risk
7218-HKQFK,1,United States,California,Homeland,92548,"33.761894, -117.120868",33.761894,-117.120868,Male,No,Yes,No,2,Yes,No,Fiber optic,No,No,No,Yes,Yes,Yes,Month-to-month,Yes,Electronic check,94.2,167.5,Yes,1,72,3715,Don't know,0.9997212,1,1,High risk
7409-KIUTL,1,United States,California,Westley,95387,"37.546007, -121.28257",37.546007,-121.28257,Female,Yes,No,No,1,Yes,No,Fiber optic,No,No,No,No,No,No,Month-to-month,Yes,Electronic check,71.0,71.0,Yes,1,72,5345,Don't know,0.9997212,1,1,High risk
4342-HENTK,1,United States,California,Garberville,95542,"40.057784, -123.679461",40.057784,-123.679461,Female,Yes,No,No,2,Yes,No,Fiber optic,No,No,No,No,No,No,Month-to-month,Yes,Electronic check,70.65,142.35,Yes,1,74,2189,Competitor had better devices,0.9997212,1,1,High risk
2034-GDRCN,1,United States,California,Valley Center,92082,"33.25283, -116.986079",33.25283,-116.986079,Female,No,No,No,2,Yes,No,Fiber optic,No,No,No,No,Yes,Yes,Month-to-month,Yes,Electronic check,90.4,168.2,Yes,1,76,4157,Don't know,0.9997212,1,1,High risk
1820-TQVEV,1,United States,California,Madera,93638,"37.004068, -119.930027",37.004068,-119.930027,Male,No,No,No,1,Yes,No,Fiber optic,No,No,No,No,No,No,Month-to-month,Yes,Electronic check,69.55,69.55,Yes,1,76,3042,Attitude of support person,0.9997212,1,1,High risk
9057-SIHCH,1,United States,California,Twentynine Palms,92278,"34.457829, -116.139589",34.457829,-116.139589,Female,No,No,No,3,Yes,Yes,Fiber optic,No,No,No,No,Yes,Yes,Month-to-month,Yes,Electronic check,96.6,291.9,Yes,1,72,3260,Price too high,0.9997212,1,1,High risk
8083-YTZES,1,United States,California,San Diego,92113,"32.697098, -117.116587",32.697098,-117.116587,Male,No,No,No,4,Yes,Yes,Fiber optic,No,No,No,No,No,No,Month-to-month,Yes,Electronic check,74.35,265.35,Yes,1,73,3622,Attitude of support person,0.9997212,1,1,High risk
1867-BDVFH,1,United States,California,Los Angeles,90056,"33.987945, -118.370442",33.987945,-118.370442,Male,No,Yes,No,11,Yes,Yes,Fiber optic,No,No,No,No,No,No,Month-to-month,Yes,Electronic check,74.35,834.2,Yes,1,80,5075,Competitor made better offer,0.99971896,1,1,High risk
8884-ADFVN,1,United States,California,Roseville,95678,"38.759751, -121.288545",38.759751,-121.288545,Male,Yes,Yes,No,7,Yes,Yes,Fiber optic,No,No,Yes,No,Yes,Yes,Month-to-month,Yes,Electronic check,101.95,700.85,Yes,1,74,2016,Don't know,0.9997168,1,1,High risk
0004-TLHLJ,1,United States,California,Costa Mesa,92627,"33.645672, -117.922613",33.645672,-117.922613,Male,No,No,No,4,Yes,No,Fiber optic,No,No,Yes,No,No,No,Month-to-month,Yes,Electronic check,73.9,280.85,Yes,1,71,4479,Price too high,0.99971443,1,1,High risk
3750-CKVKH,1,United States,California,Clearlake Oaks,95423,"39.07116, -122.598542",39.07116,-122.598542,Male,No,No,No,2,Yes,No,Fiber optic,No,No,No,No,No,No,Month-to-month,Yes,Electronic check,67.75,116.65,Yes,1,71,2299,Don't know,0.99971443,1,1,High risk
0295-PPHDO,1,United States,California,La Puente,91744,"34.031441, -117.936436",34.031441,-117.936436,Male,No,No,No,1,Yes,Yes,Fiber optic,No,No,No,No,Yes,Yes,Month-to-month,Yes,Electronic check,95.45,95.45,Yes,1,71,5962,Attitude of support person,0.99971443,1,1,High risk
4415-IJZTP,1,United States,California,Los Angeles,90027,"34.127194, -118.295647",34.127194,-118.295647,Female,No,No,No,1,Yes,Yes,Fiber optic,No,No,No,No,No,No,Month-to-month,Yes,Electronic check,74.5,74.5,Yes,1,69,2016,Competitor had better devices,0.99971443,1,1,High risk
5178-LMXOP,1,United States,California,Gardena,90248,"33.876482, -118.284077",33.876482,-118.284077,Male,Yes,Yes,No,1,Yes,Yes,Fiber optic,No,No,No,No,Yes,Yes,Month-to-month,Yes,Electronic check,95.1,95.1,Yes,1,70,5795,Price too high,0.99971443,1,1,High risk
8593-WHYHV,1,United States,California,Los Angeles,90047,"33.958149, -118.308441",33.958149,-118.308441,Male,No,No,No,3,Yes,Yes,Fiber optic,No,No,No,No,No,Yes,Month-to-month,Yes,Electronic check,85.3,264.8,Yes,1,67,4934,Don't know,0.99971443,1,1,High risk
8752-STIVR,1,United States,California,Elmira,95625,"38.349195, -121.902943",38.349195,-121.902943,Female,No,No,No,4,Yes,No,Fiber optic,No,No,No,No,Yes,No,Month-to-month,Yes,Electronic check,79.0,303.15,Yes,1,69,2085,Limited range of services,0.99971443,1,1,High risk
1731-TVIUK,1,United States,California,Tipton,93272,"36.047414, -119.344304",36.047414,-119.344304,Female,No,No,No,4,Yes,Yes,Fiber optic,No,Yes,No,Yes,No,Yes,Month-to-month,Yes,Electronic check,93.5,362.2,Yes,1,73,4554,Limited range of services,0.9997116,1,1,High risk
6979-ZNSFF,1,United States,California,Pollock Pines,95726,"38.733908, -120.453416",38.733908,-120.453416,Female,No,No,No,8,Yes,Yes,Fiber optic,No,No,No,No,Yes,No,Month-to-month,Yes,Electronic check,87.05,762.1,Yes,1,69,2545,Price too high,0.9997098,1,1,High risk
7249-WBIYX,1,United States,California,Elmira,95625,"38.349195, -121.902943",38.349195,-121.902943,Male,No,Yes,No,10,Yes,Yes,Fiber optic,No,No,No,No,Yes,No,Month-to-month,Yes,Electronic check,85.6,813.85,Yes,1,70,5146,Competitor offered more data,0.9997098,1,1,High risk
2482-CZGBB,1,United States,California,Anaheim,92804,"33.818, -117.974404",33.818,-117.974404,Male,No,No,No,10,Yes,No,Fiber optic,No,No,No,No,No,No,Month-to-month,Yes,Electronic check,70.0,740.0,Yes,1,67,3156,Attitude of support person,0.9997098,1,1,High risk
3006-XIMLN,1,United States,California,Garden Valley,95633,"38.852544, -120.837669",38.852544,-120.837669,Female,No,No,No,2,Yes,Yes,Fiber optic,No,No,No,No,Yes,Yes,Month-to-month,Yes,Bank transfer (automatic),94.2,193.8,Yes,1,79,5299,Lack of self-service on Website,0.99970883,1,1,High risk
2959-MJHIC,1,United States,California,Hinkley,92347,"34.983808, -117.239306",34.983808,-117.239306,Male,No,Yes,No,4,Yes,No,Fiber optic,No,No,No,No,Yes,No,Month-to-month,Yes,Electronic check,80.35,307.4,Yes,1,65,4167,Product dissatisfaction,0.999708,1,1,High risk
9878-TNQGW,1,United States,California,Davenport,95017,"37.114335, -122.237162",37.114335,-122.237162,Male,No,No,No,2,Yes,No,Fiber optic,No,No,No,No,No,Yes,Month-to-month,Yes,Electronic check,80.95,171.15,Yes,1,65,3533,Competitor made better offer,0.999708,1,1,High risk
7005-CCBKV,1,United States,California,Thornton,95686,"38.157794, -121.520223",38.157794,-121.520223,Male,No,No,No,6,Yes,No,Fiber optic,No,Yes,No,No,No,Yes,Month-to-month,Yes,Electronic check,84.4,556.35,Yes,1,77,4539,Service dissatisfaction,0.9997069,1,1,High risk
9851-KIELU,1,United States,California,Loma Mar,94021,"37.266388, -122.26308",37.266388,-122.26308,Male,No,No,No,10,Yes,No,Fiber optic,Yes,Yes,Yes,Yes,Yes,Yes,Month-to-month,Yes,Electronic check,110.1,1043.3,Yes,1,76,5803,Competitor made better offer,0.9997069,1,1,High risk
2737-YNGYW,1,United States,California,Hemet,92543,"33.739415, -116.968339",33.739415,-116.968339,Female,No,No,No,2,Yes,No,Fiber optic,No,No,No,No,No,Yes,Month-to-month,No,Electronic check,80.55,184.1,Yes,1,69,2856,Attitude of support person,0.999706,1,1,High risk
6910-HADCM,1,United States,California,Long Beach,90808,"33.823943, -118.111335",33.823943,-118.111335,Female,No,No,No,1,Yes,No,Fiber optic,No,No,Yes,No,No,No,Month-to-month,No,Electronic check,76.35,76.35,Yes,1,67,5613,Attitude of support person,0.999706,1,1,High risk
1400-MMYXY,1,United States,California,Alhambra,91801,"34.090925, -118.128164",34.090925,-118.128164,Male,Yes,Yes,No,3,Yes,Yes,Fiber optic,No,Yes,Yes,No,Yes,Yes,Month-to-month,Yes,Electronic check,105.9,334.65,Yes,1,71,2715,Attitude of service provider,0.9997044,1,1,High risk
8361-LTMKD,1,United States,California,Apple Valley,92307,"34.55082, -117.122396",34.55082,-117.122396,Male,Yes,Yes,No,4,Yes,Yes,Fiber optic,No,No,No,No,No,No,Month-to-month,Yes,Mailed check,74.4,306.6,Yes,1,77,5839,Competitor offered more data,0.9997011,1,1,High risk
9507-EXLTT,1,United States,California,Seaside,93955,"36.625114, -121.823565",36.625114,-121.823565,Female,No,Yes,No,1,Yes,No,Fiber optic,No,No,No,No,Yes,No,Month-to-month,Yes,Bank transfer (automatic),79.35,79.35,Yes,1,77,3492,Attitude of support person,0.9997011,1,1,High risk
5186-SAMNZ,1,United States,California,Marina,93933,"36.689582, -121.758398",36.689582,-121.758398,Male,Yes,No,No,1,Yes,No,Fiber optic,No,No,No,No,No,No,Month-to-month,Yes,Bank transfer (automatic),69.5,69.5,Yes,1,77,3273,Price too high,0.9997011,1,1,High risk
9940-RHLFB,1,United States,California,Sunset Beach,90742,"33.719221, -118.073596",33.719221,-118.073596,Female,No,No,No,1,Yes,No,Fiber optic,No,No,Yes,No,No,No,Month-to-month,No,Electronic check,75.3,75.3,Yes,1,66,2176,Competitor made better offer,0.9996995,1,1,High risk
6376-GAHQE,1,United States,California,Dutch Flat,95714,"39.197215, -120.83679",39.197215,-120.83679,Male,No,No,No,4,Yes,No,Fiber optic,No,No,No,No,Yes,No,Month-to-month,No,Electronic check,77.85,299.2,Yes,1,65,2140,Don't know,0.9996995,1,1,High risk
9747-DDZOS,1,United States,California,Eldridge,95431,"38.348884, -122.51699",38.348884,-122.51699,Female,No,No,No,1,Yes,No,Fiber optic,No,No,Yes,No,No,No,Month-to-month,No,Bank transfer (automatic),73.5,73.5,Yes,1,74,4378,Network reliability,0.9996923,1,1,High risk
0923-PNFUB,1,United States,California,Westlake Village,91361,"34.130992, -118.894673",34.130992,-118.894673,Female,No,No,No,3,Yes,No,Fiber optic,No,Yes,No,No,Yes,No,Month-to-month,No,Electronic check,83.75,247.25,Yes,1,65,4852,Attitude of support person,0.999689,1,1,High risk
7410-YTJIK,1,United States,California,Eureka,95501,"40.796621, -124.15428",40.796621,-124.15428,Female,No,No,No,7,Yes,Yes,Fiber optic,No,No,No,No,No,No,Month-to-month,No,Mailed check,75.45,480.75,Yes,1,75,2872,Lack of self-service on Website,0.99968743,1,1,High risk
6166-ILMNY,1,United States,California,Tomales,94971,"38.240769, -122.901041",38.240769,-122.901041,Female,No,No,No,2,Yes,No,Fiber optic,No,No,No,No,No,No,Month-to-month,No,Bank transfer (automatic),69.75,144.55,Yes,1,68,5667,Competitor offered more data,0.9996848,1,1,High risk
5052-PNLOS,1,United States,California,Echo Lake,95721,"38.851842, -120.076204",38.851842,-120.076204,Male,No,No,No,3,Yes,Yes,Fiber optic,No,Yes,Yes,No,Yes,Yes,Month-to-month,Yes,Bank transfer (automatic),105.35,323.25,Yes,1,65,3662,Don't know,0.99968183,1,1,High risk
6328-ZPBGN,1,United States,California,Riverbank,95367,"37.734971, -120.954271",37.734971,-120.954271,Female,Yes,No,No,11,Yes,Yes,Fiber optic,No,No,No,No,Yes,Yes,Month-to-month,Yes,Bank transfer (automatic),95.15,997.65,Yes,1,71,4074,Extra data charges,0.9996811,1,1,High risk
4706-AXVKM,1,United States,California,Stevenson Ranch,91381,"34.364153, -118.615583",34.364153,-118.615583,Female,Yes,No,No,11,Yes,Yes,Fiber optic,No,No,No,No,No,Yes,Month-to-month,Yes,Credit card (automatic),84.8,906.85,Yes,1,67,5118,Extra data charges,0.9996811,1,1,High risk
2845-HSJCY,1,United States,California,Whitethorn,95589,"40.053159, -123.995867",40.053159,-123.995867,Female,No,Yes,No,14,Yes,Yes,Fiber optic,No,No,Yes,No,No,Yes,Month-to-month,Yes,Electronic check,87.25,1258.6,Yes,1,78,4786,Competitor offered higher download speeds,0.9996692,1,1,High risk
6047-YHPVI,1,United States,California,Los Angeles,90039,"34.110845, -118.259595",34.110845,-118.259595,Male,No,No,Yes,5,Yes,No,Fiber optic,No,No,No,No,No,No,Month-to-month,Yes,Electronic check,69.7,316.9,Yes,1,66,2454,Competitor offered higher download speeds,0.9996637,1,1,High risk
9685-WKZGT,1,United States,California,Carmichael,95608,"38.626128, -121.328011",38.626128,-121.328011,Male,Yes,No,No,14,Yes,Yes,Fiber optic,No,No,No,No,No,No,Month-to-month,Yes,Electronic check,74.95,1036.75,Yes,1,70,2075,Extra data charges,0.9996587,1,1,High risk
3374-LXDEV,1,United States,California,Pearblossom,93553,"34.445239, -117.894868",34.445239,-117.894868,Female,No,No,No,13,Yes,Yes,Fiber optic,No,Yes,Yes,Yes,No,No,Month-to-month,No,Electronic check,89.4,1132.35,Yes,1,75,2226,Attitude of service provider,0.99965763,1,1,High risk
0023-XUOPT,1,United States,California,Carnelian Bay,96140,"39.227434, -120.091806",39.227434,-120.091806,Female,No,Yes,No,13,Yes,Yes,Fiber optic,No,Yes,Yes,No,Yes,No,Month-to-month,No,Electronic check,94.1,1215.6,Yes,1,75,2973,Don't know,0.99965537,1,1,High risk
8245-UMPYT,1,United States,California,Lockwood,93932,"35.989792, -121.055933",35.989792,-121.055933,Female,Yes,No,No,16,Yes,Yes,Fiber optic,No,No,No,No,Yes,Yes,Month-to-month,Yes,Electronic check,96.4,1581.2,Yes,1,80,2688,Poor expertise of phone support,0.99965405,1,1,High risk
7881-EVUAD,1,United States,California,Oroville,95966,"39.473896, -121.415927",39.473896,-121.415927,Female,No,No,No,2,No,No phone service,DSL,Yes,Yes,No,No,No,Yes,Month-to-month,Yes,Electronic check,42.6,72.4,Yes,1,79,4648,Competitor offered more data,0.9996511,1,1,High risk
4631-OACRM,1,United States,California,Lake Forest,92630,"33.644849, -117.684254",33.644849,-117.684254,Male,Yes,No,No,15,Yes,No,Fiber optic,No,No,No,No,No,Yes,Month-to-month,Yes,Electronic check,79.4,1156.1,Yes,1,74,3621,Competitor offered higher download speeds,0.99965096,1,1,High risk
6821-BUXUX,1,United States,California,Maricopa,93252,"34.737031, -119.460557",34.737031,-119.460557,Female,No,No,No,13,Yes,Yes,Fiber optic,Yes,Yes,No,No,Yes,No,Month-to-month,Yes,Electronic check,96.65,1244.5,Yes,1,65,2110,Attitude of support person,0.99965096,1,1,High risk
8080-DDEMJ,1,United States,California,Glendale,91204,"34.136306, -118.26036",34.136306,-118.26036,Male,Yes,No,No,1,Yes,No,DSL,No,No,No,No,No,No,Month-to-month,No,Electronic check,45.1,45.1,Yes,1,79,4499,Attitude of support person,0.9996494,1,1,High risk
0390-DCFDQ,1,United States,California,Los Alamitos,90720,"33.79499, -118.065591",33.79499,-118.065591,Female,Yes,Yes,Yes,1,Yes,No,Fiber optic,No,No,No,No,No,No,Month-to-month,Yes,Mailed check,70.45,70.45,Yes,1,76,3964,Don't know,0.9996474,1,1,High risk
2485-ITVKB,1,United States,California,Northridge,91325,"34.236683, -118.517588",34.236683,-118.517588,Female,No,Yes,No,2,No,No phone service,DSL,No,No,No,No,No,Yes,Month-to-month,Yes,Electronic check,35.1,68.75,Yes,1,78,2643,Attitude of support person,0.9996462,1,1,High risk
4678-DVQEO,1,United States,California,Bass Lake,93604,"37.458367, -119.345011",37.458367,-119.345011,Female,No,No,No,1,Yes,No,DSL,No,No,No,Yes,No,No,Month-to-month,Yes,Electronic check,52.2,52.2,Yes,1,71,4138,Competitor made better offer,0.99964535,1,1,High risk
3063-QFSZL,1,United States,California,San Jose,95135,"37.28682, -121.723877",37.28682,-121.723877,Female,No,No,No,1,Yes,No,DSL,No,No,No,No,No,Yes,Month-to-month,Yes,Electronic check,55.4,55.4,Yes,1,70,2294,Network reliability,0.99964535,1,1,High risk
4547-LYTDD,1,United States,California,North Hollywood,91601,"34.1692, -118.372498",34.1692,-118.372498,Female,No,No,No,16,Yes,Yes,Fiber optic,No,No,No,No,No,No,Month-to-month,No,Electronic check,72.65,1194.3,Yes,1,73,2850,Attitude of support person,0.99963915,1,1,High risk
3018-TFTSU,1,United States,California,Hathaway Pines,95233,"38.184914, -120.364085",38.184914,-120.364085,Male,No,No,No,12,Yes,No,Fiber optic,Yes,No,Yes,No,No,No,Month-to-month,No,Bank transfer (automatic),81.7,858.6,Yes,1,76,2850,Poor expertise of phone support,0.9996389,1,1,High risk
3877-JRJIP,1,United States,California,Hawthorne,90250,"33.914775, -118.348083",33.914775,-118.348083,Male,No,No,No,1,Yes,Yes,DSL,No,No,No,No,Yes,No,Month-to-month,Yes,Electronic check,59.85,59.85,Yes,1,71,4017,Attitude of support person,0.999637,1,1,High risk
2057-ZBLPD,1,United States,California,Los Gatos,95032,"37.233034, -121.947427",37.233034,-121.947427,Female,No,Yes,No,21,Yes,Yes,Fiber optic,No,No,No,No,No,Yes,Month-to-month,Yes,Electronic check,86.5,1808.7,Yes,1,72,2036,Competitor offered more data,0.9996362,1,1,High risk
2955-BJZHG,1,United States,California,Apple Valley,92308,"34.424926, -117.184503",34.424926,-117.184503,Male,No,Yes,No,17,Yes,No,Fiber optic,No,No,No,No,Yes,No,Month-to-month,No,Electronic check,80.85,1400.85,Yes,1,77,5174,Attitude of service provider,0.9996327,1,1,High risk
0841-NULXI,1,United States,California,Stockton,95209,"38.044523, -121.348048",38.044523,-121.348048,Male,No,No,No,1,No,No phone service,DSL,No,No,No,No,No,Yes,Month-to-month,Yes,Electronic check,35.55,35.55,Yes,1,71,3958,Don't know,0.9996325,1,1,High risk
1768-ZAIFU,1,United States,California,Rio Dell,95562,"40.485849, -124.163234",40.485849,-124.163234,Female,Yes,No,No,1,No,No phone service,DSL,No,No,No,No,No,No,Month-to-month,Yes,Electronic check,25.2,25.2,Yes,1,67,5688,Competitor made better offer,0.99962556,1,1,High risk
9227-LUNBG,1,United States,California,Pescadero,94060,"37.22565, -122.297533",37.22565,-122.297533,Female,No,No,No,1,No,No phone service,DSL,No,No,No,No,No,No,Month-to-month,No,Electronic check,24.6,24.6,Yes,1,76,5768,Price too high,0.9996253,1,1,High risk
8993-PHFWD,1,United States,California,Old Station,96071,"40.656287, -121.428965",40.656287,-121.428965,Female,No,No,No,3,No,No phone service,DSL,No,No,No,No,No,No,Month-to-month,No,Electronic check,25.25,58.9,Yes,1,76,2088,Competitor offered higher download speeds,0.9996253,1,1,High risk
5480-HPRRX,1,United States,California,Glendora,91740,"34.119363, -117.855059",34.119363,-117.855059,Female,Yes,No,No,3,No,No phone service,DSL,No,No,No,No,No,No,Month-to-month,No,Electronic check,25.3,77.75,Yes,1,74,3542,Attitude of support person,0.9996253,1,1,High risk
0871-URUWO,1,United States,California,Sheep Ranch,95250,"38.244806, -120.417301",38.244806,-120.417301,Male,No,Yes,No,13,Yes,Yes,Fiber optic,No,No,Yes,No,Yes,Yes,Month-to-month,Yes,Credit card (automatic),102.25,1359.0,Yes,1,66,2003,Competitor had better devices,0.99962413,1,1,High risk
7495-OOKFY,1,United States,California,Los Angeles,90063,"34.044271, -118.185237",34.044271,-118.185237,Female,Yes,Yes,Yes,8,Yes,Yes,Fiber optic,No,Yes,No,No,No,No,Month-to-month,Yes,Credit card (automatic),80.65,633.3,Yes,1,69,5302,Competitor made better offer,0.9996207,1,1,High risk
4283-FUTGF,1,United States,California,El Sobrante,94803,"37.963995, -122.288296",37.963995,-122.288296,Male,Yes,No,No,19,Yes,Yes,Fiber optic,No,No,Yes,No,No,No,Month-to-month,Yes,Electronic check,79.85,1471.75,Yes,1,65,3715,Network reliability,0.9996189,1,1,High risk
2386-LAHRK,1,United States,California,Weimar,95736,"39.00978, -120.978273",39.00978,-120.978273,Male,No,No,No,1,Yes,No,DSL,No,No,No,No,Yes,No,Month-to-month,Yes,Mailed check,53.5,53.5,Yes,1,80,5094,Product dissatisfaction,0.9996166,1,1,High risk
6892-XPFPU,1,United States,California,Pasadena,91107,"34.159007, -118.087353",34.159007,-118.087353,Male,Yes,Yes,No,24,Yes,Yes,Fiber optic,No,Yes,Yes,No,Yes,Yes,Month-to-month,Yes,Electronic check,104.25,2433.9,Yes,1,80,2104,Competitor offered higher download speeds,0.99960834,1,1,High risk
2860-RANUS,1,United States,California,Mc Kittrick,93251,"35.38381, -119.730885",35.38381,-119.730885,Female,Yes,No,No,20,Yes,Yes,Fiber optic,No,No,No,No,No,Yes,Month-to-month,Yes,Credit card (automatic),85.8,1727.5,Yes,1,75,3336,Price too high,0.9996031,1,1,High risk
2495-INZWQ,1,United States,California,San Juan Bautista,95045,"36.810568, -121.503022",36.810568,-121.503022,Male,No,No,No,4,No,No phone service,DSL,No,No,No,No,Yes,Yes,Month-to-month,Yes,Electronic check,44.55,174.3,Yes,1,66,5605,Attitude of service provider,0.9996018,1,1,High risk
4248-QPAVC,1,United States,California,Portola,96122,"39.786755, -120.445626",39.786755,-120.445626,Female,Yes,Yes,No,17,Yes,Yes,Fiber optic,Yes,No,Yes,No,No,No,Month-to-month,Yes,Bank transfer (automatic),85.35,1463.45,Yes,1,70,3209,Competitor made better offer,0.99959904,1,1,High risk
6227-HWPWX,1,United States,California,Victorville,92392,"34.486835, -117.362274",34.486835,-117.362274,Female,No,No,No,15,Yes,No,Fiber optic,No,No,No,No,No,No,Month-to-month,No,Bank transfer (automatic),69.0,994.8,Yes,1,73,5671,Competitor had better devices,0.99959725,1,1,High risk
3334-CTHOL,1,United States,California,Jackson,95642,"38.336216, -120.76901",38.336216,-120.76901,Female,No,No,No,1,Yes,Yes,DSL,No,No,No,No,No,No,Month-to-month,Yes,Bank transfer (automatic),49.95,49.95,Yes,1,71,2041,Competitor had better devices,0.9995968,1,1,High risk
8280-MQRQN,1,United States,California,Arnold,95223,"38.32153, -120.236358",38.32153,-120.236358,Female,No,No,No,1,Yes,No,DSL,No,No,Yes,No,No,No,Month-to-month,Yes,Mailed check,50.45,50.45,Yes,1,69,2806,Network reliability,0.9995968,1,1,High risk
5692-FPTAH,1,United States,California,Nicolaus,95659,"38.788898, -121.608624",38.788898,-121.608624,Female,No,No,No,1,Yes,No,DSL,No,No,No,No,No,No,Month-to-month,Yes,Mailed check,45.4,45.4,Yes,1,67,2168,Network reliability,0.9995968,1,1,High risk
4873-ILOLJ,1,United States,California,Sunol,94586,"37.587494, -121.862856",37.587494,-121.862856,Male,No,No,No,24,Yes,No,Fiber optic,No,No,No,No,Yes,Yes,Month-to-month,Yes,Electronic check,90.35,2238.5,Yes,1,67,5546,Service dissatisfaction,0.99959415,1,1,High risk
6284-AHOOQ,1,United States,California,Avenal,93204,"35.916943, -120.129921",35.916943,-120.129921,Male,Yes,No,No,22,Yes,Yes,Fiber optic,No,No,No,Yes,Yes,No,Month-to-month,Yes,Bank transfer (automatic),90.5,1910.6,Yes,1,71,5014,Don't know,0.99959344,1,1,High risk
6338-AVWCY,1,United States,California,Hollister,95023,"36.875409, -121.279679",36.875409,-121.279679,Male,No,No,No,3,No,No phone service,DSL,No,No,Yes,No,Yes,No,Month-to-month,Yes,Mailed check,40.15,130.75,Yes,1,75,4710,Lack of self-service on Website,0.9995925,1,1,High risk
6712-OAWRH,1,United States,California,San Bernardino,92408,"34.084909, -117.258107",34.084909,-117.258107,Female,Yes,No,No,26,Yes,No,Fiber optic,No,No,No,No,Yes,Yes,Month-to-month,Yes,Electronic check,91.25,2351.8,Yes,1,76,5154,Competitor offered higher download speeds,0.9995915,1,1,High risk
8650-RHRKE,1,United States,California,Oakdale,95361,"37.785033, -120.776141",37.785033,-120.776141,Male,No,No,No,4,No,No phone service,DSL,No,No,Yes,No,No,No,Month-to-month,Yes,Electronic check,29.65,118.5,Yes,1,71,4207,Limited range of services,0.9995888,1,1,High risk
3932-CMDTD,1,United States,California,Foothill Ranch,92610,"33.698728, -117.67768",33.698728,-117.67768,Female,No,No,No,4,Yes,No,Fiber optic,No,Yes,Yes,Yes,Yes,Yes,One year,Yes,Electronic check,105.65,443.9,Yes,1,66,4663,Limited range of services,0.9995876,1,1,High risk
6304-IJFSQ,1,United States,California,Calipatria,92233,"33.143826, -115.497485",33.143826,-115.497485,Male,No,No,No,3,Yes,No,DSL,No,Yes,No,No,No,No,Month-to-month,Yes,Mailed check,49.9,130.1,Yes,1,73,5585,Moved,0.9995859,1,1,High risk
3672-YITQD,1,United States,California,Castaic,91384,"34.506627, -118.699048",34.506627,-118.699048,Male,Yes,Yes,No,36,Yes,Yes,Fiber optic,No,No,No,No,No,Yes,Month-to-month,Yes,Electronic check,84.1,3021.6,Yes,1,79,2987,Competitor made better offer,0.9995844,1,1,High risk
3891-PUQOD,1,United States,California,Los Angeles,90063,"34.044271, -118.185237",34.044271,-118.185237,Female,No,No,Yes,1,Yes,No,DSL,No,No,Yes,No,No,Yes,Month-to-month,No,Electronic check,59.2,59.2,Yes,1,65,5020,Service dissatisfaction,0.99958366,1,1,High risk
7851-FLGGQ,1,United States,California,Wheatland,95692,"39.043387, -121.409837",39.043387,-121.409837,Male,No,No,No,1,No,No phone service,DSL,No,Yes,No,Yes,No,Yes,Month-to-month,Yes,Mailed check,44.65,44.65,Yes,1,66,3704,Competitor had better devices,0.99958104,1,1,High risk
7054-LGEQW,1,United States,California,Canyon Country,91351,"34.422519, -118.420717",34.422519,-118.420717,Female,No,No,No,1,Yes,No,DSL,No,No,No,No,No,No,Month-to-month,No,Mailed check,45.95,45.95,Yes,1,69,4888,Attitude of support person,0.99958056,1,1,High risk
9512-UIBFX,1,United States,California,West Covina,91791,"34.061634, -117.893169",34.061634,-117.893169,Male,No,Yes,No,18,Yes,No,Fiber optic,No,No,Yes,No,Yes,Yes,Month-to-month,No,Mailed check,95.15,1779.95,Yes,1,68,4643,Don't know,0.9995796,1,1,High risk
8914-RBTSB,1,United States,California,Valley Village,91607,"34.165783, -118.399795",34.165783,-118.399795,Male,No,Yes,No,31,Yes,Yes,Fiber optic,No,Yes,Yes,No,Yes,No,Month-to-month,No,Electronic check,93.8,3019.5,Yes,1,79,4115,Don't know,0.9995764,1,1,High risk
7579-OOPEC,1,United States,California,Pala,92059,"33.384345, -117.072619",33.384345,-117.072619,Female,Yes,Yes,No,2,Yes,No,DSL,No,Yes,No,No,No,No,Month-to-month,No,Credit card (automatic),50.15,115.1,Yes,1,78,5461,Long distance charges,0.9995751,1,1,High risk
0576-WNXXC,1,United States,California,Parlier,93648,"36.622237, -119.521126",36.622237,-119.521126,Male,Yes,Yes,No,27,Yes,Yes,Fiber optic,No,Yes,Yes,No,No,Yes,Month-to-month,Yes,Electronic check,95.55,2510.2,Yes,1,75,2999,Service dissatisfaction,0.99957484,1,1,High risk
8393-DLHGA,1,United States,California,Palermo,95968,"39.435756, -121.552071",39.435756,-121.552071,Male,No,No,No,25,Yes,No,Fiber optic,No,Yes,No,No,Yes,Yes,Month-to-month,Yes,Electronic check,95.9,2448.75,Yes,1,68,2241,Competitor offered more data,0.99957055,1,1,High risk
8397-MVTAZ,1,United States,California,Sun City,92587,"33.69887, -117.25071",33.69887,-117.25071,Male,No,Yes,No,34,Yes,Yes,Fiber optic,No,No,Yes,No,Yes,Yes,Month-to-month,Yes,Electronic check,100.05,3480.0,Yes,1,72,2568,Don't know,0.999566,1,1,High risk
1989-PRJHP,1,United States,California,Pleasanton,94588,"37.685052, -121.912061",37.685052,-121.912061,Male,Yes,Yes,No,27,Yes,Yes,Fiber optic,No,No,No,No,No,No,Month-to-month,Yes,Electronic check,75.5,1893.95,Yes,1,65,2377,Competitor had better devices,0.999566,1,1,High risk
7623-TRNQN,1,United States,California,Jackson,95642,"38.336216, -120.76901",38.336216,-120.76901,Male,No,No,Yes,1,Yes,No,DSL,No,No,No,Yes,No,No,Month-to-month,Yes,Mailed check,49.9,49.9,Yes,1,72,3113,Extra data charges,0.9995653,1,1,High risk
6543-XRMYR,1,United States,California,Stockton,95209,"38.044523, -121.348048",38.044523,-121.348048,Female,Yes,No,No,30,Yes,Yes,Fiber optic,No,Yes,No,No,Yes,Yes,Month-to-month,Yes,Electronic check,99.7,2967.35,Yes,1,69,3548,Product dissatisfaction,0.99956435,1,1,High risk
9907-SWKKF,1,United States,California,Twain,95984,"40.022184, -121.062384",40.022184,-121.062384,Female,Yes,No,No,1,No,No phone service,DSL,No,No,No,No,No,No,Month-to-month,No,Mailed check,25.05,25.05,Yes,1,65,4842,Competitor offered higher download speeds,0.99955374,1,1,High risk
9369-XFEHK,1,United States,California,Pleasanton,94566,"37.633361, -121.862395",37.633361,-121.862395,Female,Yes,Yes,No,33,Yes,Yes,Fiber optic,No,Yes,No,No,No,No,Month-to-month,Yes,Bank transfer (automatic),80.6,2656.5,Yes,1,72,3601,Competitor offered more data,0.9995504,1,1,High risk
0870-VEMYL,1,United States,California,Columbia,95310,"38.085839, -120.37855",38.085839,-120.37855,Female,No,No,No,5,Yes,No,DSL,Yes,No,No,Yes,No,No,Month-to-month,No,Credit card (automatic),53.85,259.8,Yes,1,74,5435,Competitor offered higher download speeds,0.99955004,1,1,High risk
7250-EQKIY,1,United States,California,Fort Jones,96032,"41.5837, -122.935922",41.5837,-122.935922,Female,No,Yes,Yes,1,Yes,No,DSL,No,No,Yes,No,No,No,Month-to-month,No,Mailed check,50.45,50.45,Yes,1,75,2426,Competitor made better offer,0.9995478,1,1,High risk
5828-AVIPD,1,United States,California,Sierraville,96126,"39.559709, -120.345639",39.559709,-120.345639,Male,No,Yes,No,19,Yes,Yes,Fiber optic,No,No,No,Yes,Yes,Yes,One year,Yes,Electronic check,100.95,1875.55,Yes,1,73,4072,Don't know,0.99954444,1,1,High risk
6661-HBGWL,1,United States,California,Mineral,96063,"40.408796, -121.579609",40.408796,-121.579609,Female,Yes,No,No,42,Yes,Yes,Fiber optic,No,Yes,Yes,No,Yes,Yes,Month-to-month,Yes,Bank transfer (automatic),104.75,4323.45,Yes,1,79,2984,Network reliability,0.99954337,1,1,High risk
6845-RGTYS,1,United States,California,San Diego,92110,"32.76501, -117.19938",32.76501,-117.19938,Female,No,Yes,No,47,Yes,Yes,Fiber optic,Yes,Yes,Yes,No,Yes,No,Month-to-month,Yes,Electronic check,98.75,4533.7,Yes,1,80,4622,Product dissatisfaction,0.9995352,1,1,High risk
1550-LOAHA,1,United States,California,Orangevale,95662,"38.689174, -121.218435",38.689174,-121.218435,Female,No,Yes,No,32,Yes,No,Fiber optic,No,Yes,No,No,No,Yes,Month-to-month,No,Bank transfer (automatic),84.15,2585.95,Yes,1,74,4017,Limited range of services,0.9995352,1,1,High risk
0363-QJVFX,1,United States,California,Lake Hughes,93532,"34.659579, -118.584212",34.659579,-118.584212,Male,No,No,No,32,Yes,Yes,Fiber optic,Yes,Yes,No,Yes,Yes,Yes,Month-to-month,Yes,Credit card (automatic),108.15,3432.9,Yes,1,69,2541,Attitude of service provider,0.999534,1,1,High risk
3331-HQDTW,1,United States,California,Homewood,96141,"39.117018, -120.212535",39.117018,-120.212535,Female,No,No,No,34,Yes,Yes,Fiber optic,Yes,Yes,Yes,No,Yes,Yes,Month-to-month,Yes,Mailed check,109.8,3587.25,Yes,1,78,3410,Extra data charges,0.9995327,1,1,High risk
4690-LLKUA,1,United States,California,Topaz,96133,"38.636052, -119.489162",38.636052,-119.489162,Male,Yes,No,No,17,Yes,No,DSL,No,No,No,No,No,No,Month-to-month,Yes,Electronic check,45.05,770.6,Yes,1,65,3797,Extra data charges,0.99953055,1,1,High risk
0310-MVLET,1,United States,California,Snelling,95369,"37.521708, -120.426843",37.521708,-120.426843,Female,No,Yes,No,61,Yes,Yes,Fiber optic,No,Yes,No,No,Yes,Yes,Month-to-month,Yes,Electronic check,99.15,6010.05,Yes,1,77,5612,Service dissatisfaction,0.99952805,1,1,High risk
6769-DYBQN,1,United States,California,Clearlake,95422,"38.965804, -122.631779",38.965804,-122.631779,Male,Yes,No,No,46,Yes,No,Fiber optic,Yes,No,No,No,No,Yes,Month-to-month,No,Electronic check,85.0,3969.4,Yes,1,71,2097,Attitude of support person,0.999526,1,1,High risk
8450-JOVAH,1,United States,California,Agoura Hills,91301,"34.129058, -118.759788",34.129058,-118.759788,Male,No,Yes,Yes,2,Yes,Yes,DSL,Yes,No,No,No,No,No,Month-to-month,No,Mailed check,56.7,113.55,Yes,1,77,5560,Competitor offered higher download speeds,0.9995209,1,1,High risk
4190-MFLUW,1,United States,California,Los Angeles,90020,"34.066367, -118.309868",34.066367,-118.309868,Female,No,Yes,No,10,Yes,No,DSL,No,No,Yes,Yes,No,No,Month-to-month,No,Credit card (automatic),55.2,528.35,Yes,1,78,5925,Competitor offered higher download speeds,0.9995208,1,1,High risk
3237-AJGEH,1,United States,California,Bridgeville,95526,"40.372532, -123.525626",40.372532,-123.525626,Female,No,Yes,Yes,3,No,No phone service,DSL,No,No,No,Yes,No,No,Month-to-month,Yes,Mailed check,31.0,95.05,Yes,1,67,5122,Don't know,0.99951315,1,1,High risk
8988-ECPJR,1,United States,California,Van Nuys,91411,"34.17847, -118.459472",34.17847,-118.459472,Female,Yes,Yes,No,34,Yes,Yes,Fiber optic,No,Yes,No,No,No,No,Month-to-month,Yes,Mailed check,79.6,2718.3,Yes,1,66,3980,Product dissatisfaction,0.99950945,1,1,High risk
0979-PHULV,1,United States,California,Holtville,92250,"32.811001, -115.152865",32.811001,-115.152865,Male,No,Yes,No,69,Yes,Yes,Fiber optic,No,No,Yes,No,Yes,Yes,Month-to-month,Yes,Credit card (automatic),99.45,7007.6,Yes,1,80,4020,Extra data charges,0.99950695,1,1,High risk
4829-AUOAX,1,United States,California,Los Angeles,90014,"34.043144, -118.251977",34.043144,-118.251977,Female,No,No,No,46,Yes,Yes,Fiber optic,No,No,No,No,Yes,Yes,Month-to-month,No,Bank transfer (automatic),96.05,4399.5,Yes,1,77,2712,Extra data charges,0.9994849,1,1,High risk
9103-TCIHJ,1,United States,California,Los Angeles,90059,"33.927254, -118.249826",33.927254,-118.249826,Female,No,No,No,15,Yes,Yes,DSL,Yes,No,No,No,No,No,Month-to-month,Yes,Mailed check,55.7,899.8,Yes,1,73,4519,Price too high,0.9994654,1,1,High risk
5766-ZJYBB,1,United States,California,Brisbane,94005,"37.684694, -122.40712",37.684694,-122.40712,Male,No,No,No,1,Yes,No,No,No internet service,No internet service,No internet service,No internet service,No internet service,No internet service,Month-to-month,No,Mailed check,19.4,19.4,Yes,1,66,4152,Service dissatisfaction,0.9994642,1,1,High risk
0719-SYFRB,1,United States,California,Norco,92860,"33.925833, -117.559639",33.925833,-117.559639,Female,No,No,No,12,Yes,Yes,DSL,Yes,No,Yes,Yes,No,No,Month-to-month,Yes,Mailed check,61.65,713.75,Yes,1,67,5670,Competitor offered higher download speeds,0.9994573,1,1,High risk
7603-USHJS,1,United States,California,San Gabriel,91775,"34.114772, -118.089431",34.114772,-118.089431,Male,No,No,Yes,12,Yes,Yes,Fiber optic,No,No,No,No,No,No,Month-to-month,Yes,Credit card (automatic),73.75,871.4,Yes,1,78,2010,Attitude of support person,0.9994423,1,1,High risk
3313-QKNKB,1,United States,California,Pebble Beach,93953,"36.587497, -121.944815",36.587497,-121.944815,Male,No,Yes,No,59,Yes,Yes,Fiber optic,No,No,No,No,No,Yes,One year,No,Electronic check,85.55,5084.65,Yes,1,80,6304,Competitor offered more data,0.99943465,1,1,High risk
4846-WHAFZ,1,United States,California,Whittier,90602,"33.972119, -118.020188",33.972119,-118.020188,Female,Yes,Yes,Yes,37,Yes,Yes,Fiber optic,No,No,No,No,No,No,Month-to-month,Yes,Electronic check,76.5,2868.15,Yes,1,67,2793,Extra data charges,0.9994336,1,1,High risk
7067-KSAZT,1,United States,California,Chico,95928,"39.681488, -121.83721",39.681488,-121.83721,Female,Yes,Yes,No,65,Yes,Yes,Fiber optic,No,Yes,Yes,No,Yes,Yes,One year,Yes,Electronic check,106.25,6979.8,Yes,1,69,5965,Competitor made better offer,0.9994068,1,1,High risk
7854-EKTJL,1,United States,California,Salinas,93901,"36.64152, -121.622188",36.64152,-121.622188,Female,No,No,Yes,2,Yes,No,No,No internet service,No internet service,No internet service,No internet service,No internet service,No internet service,Month-to-month,Yes,Electronic check,19.6,35.85,Yes,1,66,2843,Attitude of support person,0.9993919,1,1,High risk
5380-WJKOV,1,United States,California,Los Angeles,90041,"34.137412, -118.207607",34.137412,-118.207607,Male,No,No,Yes,34,Yes,Yes,Fiber optic,No,Yes,Yes,No,Yes,Yes,Month-to-month,Yes,Electronic check,106.35,3549.25,Yes,1,65,2941,Competitor offered higher download speeds,0.99938905,1,1,High risk
4701-MLJPN,1,United States,California,Fresno,93702,"36.739385, -119.753649",36.739385,-119.753649,Male,No,No,No,31,Yes,No,DSL,No,No,Yes,Yes,No,No,Month-to-month,Yes,Electronic check,55.25,1715.65,Yes,1,78,2933,Lack of self-service on Website,0.99938774,1,1,High risk
0486-HECZI,1,United States,California,Torrance,90504,"33.867257, -118.330794",33.867257,-118.330794,Male,No,Yes,Yes,55,Yes,Yes,Fiber optic,Yes,Yes,No,No,Yes,No,Month-to-month,Yes,Electronic check,96.75,5238.9,Yes,1,75,5154,Long distance charges,0.99938166,1,1,High risk
2995-UPRYS,1,United States,California,Long Beach,90802,"33.752524, -118.210737",33.752524,-118.210737,Female,Yes,Yes,No,40,Yes,No,Fiber optic,No,Yes,No,Yes,Yes,Yes,One year,Yes,Credit card (automatic),99.2,4062.2,Yes,1,69,5098,Moved,0.9993594,1,1,High risk
2748-MYRVK,1,United States,California,Fresno,93702,"36.739385, -119.753649",36.739385,-119.753649,Female,No,No,No,63,Yes,Yes,Fiber optic,No,Yes,No,No,Yes,Yes,One year,No,Bank transfer (automatic),99.9,6137.0,Yes,1,71,4776,Long distance charges,0.9993449,1,1,High risk
0628-CNQRM,1,United States,California,Ridgecrest,93555,"35.603913, -117.67828",35.603913,-117.67828,Male,No,Yes,No,22,Yes,No,DSL,Yes,No,Yes,Yes,Yes,No,One year,Yes,Bank transfer (automatic),67.5,1544.05,Yes,1,76,3378,Don't know,0.9992949,1,1,High risk
9039-RBEEE,1,United States,California,Santa Clara,95050,"37.351214, -121.952417",37.351214,-121.952417,Male,No,No,No,39,No,No phone service,DSL,Yes,Yes,No,Yes,Yes,No,Month-to-month,Yes,Credit card (automatic),48.95,1880.85,Yes,1,80,3080,Price too high,0.99929225,1,1,High risk
2091-MJTFX,1,United States,California,Auburn,95602,"38.99003, -121.114408",38.99003,-121.114408,Female,No,Yes,Yes,30,No,No phone service,DSL,No,No,No,Yes,Yes,Yes,Month-to-month,No,Credit card (automatic),51.2,1561.5,Yes,1,79,4568,Network reliability,0.9992442,1,1,High risk
2930-UOTMB,1,United States,California,Riverside,92506,"33.930931, -117.361788",33.930931,-117.361788,Female,No,No,No,31,Yes,Yes,DSL,Yes,No,Yes,Yes,No,No,Month-to-month,No,Credit card (automatic),65.25,1994.3,Yes,1,68,4403,Competitor offered higher download speeds,0.9992423,1,1,High risk
9025-ZRPVR,1,United States,California,Pacific Grove,93950,"36.618337, -121.926417",36.618337,-121.926417,Male,No,No,No,9,Yes,No,No,No internet service,No internet service,No internet service,No internet service,No internet service,No internet service,Month-to-month,Yes,Mailed check,18.95,185.6,Yes,1,78,5403,Network reliability,0.9992368,1,1,High risk
4701-AHWMW,1,United States,California,Susanville,96130,"40.559177, -120.612113",40.559177,-120.612113,Male,No,Yes,No,55,No,No phone service,DSL,No,No,Yes,Yes,Yes,Yes,Month-to-month,Yes,Bank transfer (automatic),54.55,2978.3,Yes,1,69,6041,Attitude of service provider,0.9992274,1,1,High risk
8053-WWDRO,1,United States,California,San Diego,92105,"32.741859, -117.090353",32.741859,-117.090353,Female,No,Yes,No,6,Yes,No,No,No internet service,No internet service,No internet service,No internet service,No internet service,No internet service,Month-to-month,No,Bank transfer (automatic),19.5,146.3,Yes,1,67,5579,Price too high,0.99922216,1,1,High risk
0447-BEMNG,1,United States,California,Wrightwood,92397,"34.358321, -117.618263",34.358321,-117.618263,Female,No,Yes,No,48,No,No phone service,DSL,Yes,No,Yes,No,No,Yes,Month-to-month,Yes,Bank transfer (automatic),45.3,2145.0,Yes,1,65,4926,Price too high,0.9992101,1,1,High risk
1218-VKFPE,1,United States,California,Anaheim,92805,"33.830209, -117.906099",33.830209,-117.906099,Female,No,Yes,No,12,Yes,No,No,No internet service,No internet service,No internet service,No internet service,No internet service,No internet service,Month-to-month,No,Mailed check,19.0,233.55,Yes,1,72,3535,Competitor made better offer,0.9992072,1,1,High risk
4785-QRJHC,1,United States,California,San Francisco,94132,"37.722302, -122.491129",37.722302,-122.491129,Male,Yes,Yes,No,46,No,No phone service,DSL,No,Yes,Yes,Yes,Yes,Yes,One year,Yes,Bank transfer (automatic),59.9,2816.65,Yes,1,80,4011,Competitor offered higher download speeds,0.99919015,1,1,High risk
4946-EDSEW,1,United States,California,Compton,90221,"33.885811, -118.206459",33.885811,-118.206459,Female,No,Yes,Yes,11,Yes,No,No,No internet service,No internet service,No internet service,No internet service,No internet service,No internet service,Month-to-month,Yes,Mailed check,19.25,180.3,Yes,1,69,5638,Lack of affordable download/upload speed,0.99916923,1,1,High risk
2533-QVMSK,1,United States,California,March Air Reserve Base,92518,"33.888323, -117.277533",33.888323,-117.277533,Male,No,Yes,No,61,Yes,Yes,Fiber optic,No,Yes,No,Yes,Yes,No,Two year,Yes,Electronic check,94.1,5638.3,Yes,1,71,6295,Competitor offered more data,0.9991135,1,1,High risk
4464-JCOLN,1,United States,California,Huron,93234,"36.217864, -120.080117",36.217864,-120.080117,Male,No,Yes,No,2,Yes,No,No,No internet service,No internet service,No internet service,No internet service,No internet service,No internet service,One year,No,Mailed check,19.85,35.9,Yes,1,68,2362,Competitor offered more data,0.9990902,1,1,High risk
6682-QJDGB,1,United States,California,Borrego Springs,92004,"33.200369, -116.192313",33.200369,-116.192313,Male,No,No,Yes,40,Yes,No,DSL,Yes,Yes,No,No,No,No,Month-to-month,Yes,Mailed check,55.25,2139.2,Yes,1,65,2810,Competitor offered more data,0.999064,1,1,High risk
0866-QLSIR,1,United States,California,Garden Grove,92843,"33.764018, -117.931507",33.764018,-117.931507,Female,No,No,No,34,Yes,Yes,DSL,Yes,Yes,No,Yes,No,No,One year,Yes,Mailed check,64.4,2088.75,Yes,1,75,5189,Attitude of support person,0.99904114,1,1,High risk
8869-TORSS,1,United States,California,Santa Rosa,95405,"38.439696, -122.668817",38.439696,-122.668817,Female,No,No,No,48,Yes,No,DSL,Yes,No,Yes,Yes,No,No,One year,Yes,Credit card (automatic),60.35,2896.4,Yes,1,69,2681,Poor expertise of phone support,0.9989674,1,1,High risk
8580-QVLOC,1,United States,California,Merced,95348,"37.40122, -120.514191",37.40122,-120.514191,Female,Yes,Yes,No,72,Yes,Yes,DSL,Yes,Yes,Yes,Yes,Yes,Yes,Two year,No,Credit card (automatic),92.45,6440.25,Yes,1,78,5697,Competitor made better offer,0.99857783,1,1,High risk
3400-ESFUW,1,United States,California,Cupertino,95014,"37.306612, -122.080621",37.306612,-122.080621,Male,No,Yes,No,55,Yes,No,DSL,Yes,Yes,No,Yes,No,No,Two year,No,Bank transfer (automatic),57.55,3046.4,Yes,1,69,5463,Competitor offered more data,0.99837303,1,1,High risk
1658-TJVOA,1,United States,California,Cazadero,95421,"38.578807, -123.19338",38.578807,-123.19338,Female,Yes,No,No,6,Yes,No,Fiber optic,Yes,No,No,No,No,No,Month-to-month,Yes,Electronic check,74.1,450.9,No,0,79,4716,,0.0015721546,0,0,Very low risk
2545-EBUPK,1,United States,California,Los Angeles,90045,"33.954017, -118.402447",33.954017,-118.402447,Female,Yes,No,No,2,Yes,Yes,Fiber optic,No,No,No,No,No,Yes,Month-to-month,Yes,Electronic check,84.05,186.05,No,0,72,5039,,0.0015555826,0,0,Very low risk
3199-XGZCY,1,United States,California,Granada Hills,91344,"34.291273, -118.505104",34.291273,-118.505104,Female,No,No,No,8,Yes,Yes,Fiber optic,No,No,No,No,No,No,Month-to-month,Yes,Electronic check,75.25,576.7,No,0,74,2332,,0.0015311103,0,0,Very low risk
4090-KPJIP,1,United States,California,Anaheim,92806,"33.83796, -117.870494",33.83796,-117.870494,Female,No,No,No,3,Yes,Yes,Fiber optic,No,No,No,No,No,No,Month-to-month,Yes,Electronic check,74.95,212.4,No,0,70,3641,,0.0015184047,0,0,Very low risk
5442-BHQNG,1,United States,California,Brooks,95606,"38.809804, -122.241383",38.809804,-122.241383,Female,No,No,No,2,Yes,No,Fiber optic,No,No,No,No,No,No,Month-to-month,No,Electronic check,70.35,139.25,No,0,73,3430,,0.0015112587,0,0,Very low risk
7354-OIJLX,1,United States,California,Inglewood,90305,"33.958134, -118.330905",33.958134,-118.330905,Male,No,No,No,9,Yes,Yes,Fiber optic,No,No,No,No,No,No,Month-to-month,Yes,Electronic check,75.85,724.65,No,0,70,5212,,0.0014945164,0,0,Very low risk
5339-PXDVH,1,United States,California,Clipper Mills,95930,"39.562239, -121.14836",39.562239,-121.14836,Male,No,No,No,4,Yes,Yes,Fiber optic,Yes,No,No,No,Yes,No,Month-to-month,No,Electronic check,90.65,367.95,No,0,70,3559,,0.0014751386,0,0,Very low risk
0958-YHXGP,1,United States,California,Oakland,94621,"37.750553, -122.197175",37.750553,-122.197175,Female,No,No,No,7,Yes,No,Fiber optic,No,No,No,No,No,No,Month-to-month,Yes,Mailed check,69.9,497.3,No,0,80,4562,,0.0014662036,0,0,Very low risk
8778-LMWTJ,1,United States,California,River Pines,95675,"38.545775, -120.743325",38.545775,-120.743325,Female,No,No,No,9,Yes,No,Fiber optic,Yes,No,No,No,No,No,Month-to-month,Yes,Electronic check,74.85,708.2,No,0,66,5770,,0.0014619066,0,0,Very low risk
8132-YPVBX,1,United States,California,Salinas,93907,"36.77462, -121.664714",36.77462,-121.664714,Female,No,No,No,6,Yes,No,Fiber optic,No,Yes,No,No,No,Yes,Month-to-month,Yes,Mailed check,85.95,514.6,No,0,80,3291,,0.0014428522,0,0,Very low risk
8873-GLDMH,1,United States,California,Courtland,95615,"38.311609, -121.554034",38.311609,-121.554034,Female,No,No,No,6,Yes,Yes,Fiber optic,No,No,No,No,No,No,Month-to-month,Yes,Mailed check,73.85,401.3,No,0,76,4220,,0.0014279214,0,0,Very low risk
4029-HPFVY,1,United States,California,San Francisco,94118,"37.781304, -122.461522",37.781304,-122.461522,Male,No,No,No,3,Yes,No,Fiber optic,No,No,No,No,No,No,Month-to-month,Yes,Mailed check,70.3,220.4,No,0,67,4275,,0.0014160696,0,0,Very low risk
0432-CAJZV,1,United States,California,Onyx,93255,"35.676978, -118.101378",35.676978,-118.101378,Male,No,No,No,3,Yes,No,Fiber optic,No,No,No,No,Yes,Yes,Month-to-month,No,Mailed check,90.7,237.65,No,0,69,3953,,0.0013757154,0,0,Very low risk
4445-ZJNMU,1,United States,California,Manhattan Beach,90266,"33.889632, -118.39737",33.889632,-118.39737,Male,No,No,No,9,Yes,Yes,Fiber optic,No,Yes,No,No,Yes,Yes,Month-to-month,Yes,Credit card (automatic),99.3,918.75,No,0,69,3540,,0.0013634,0,0,Very low risk
6175-IRFIT,1,United States,California,Bangor,95914,"39.396585, -121.38029",39.396585,-121.38029,Male,No,No,No,5,Yes,No,Fiber optic,No,No,No,No,No,Yes,Month-to-month,No,Mailed check,78.75,426.35,No,0,66,2610,,0.0013456944,0,0,Very low risk
9643-AVVWI,1,United States,California,Los Angeles,90003,"33.964131, -118.272783",33.964131,-118.272783,Female,No,Yes,Yes,3,Yes,No,Fiber optic,No,Yes,No,Yes,No,No,Month-to-month,Yes,Electronic check,80.0,241.3,No,0,76,4264,,0.0013049335,0,0,Very low risk
3320-VEOYC,1,United States,California,Beverly Hills,90210,"34.099891, -118.414338",34.099891,-118.414338,Male,Yes,No,No,14,Yes,Yes,Fiber optic,No,No,No,No,Yes,Yes,Month-to-month,Yes,Electronic check,95.6,1273.3,No,0,78,3502,,0.0012965538,0,0,Very low risk
1346-UFHAX,1,United States,California,Woodbridge,95258,"38.169605, -121.310964",38.169605,-121.310964,Female,No,No,No,13,Yes,Yes,Fiber optic,Yes,No,No,No,No,No,Month-to-month,Yes,Credit card (automatic),80.0,1029.35,No,0,78,5577,,0.0012470868,0,0,Very low risk
2187-PKZAY,1,United States,California,Stevinson,95374,"37.316807, -120.855753",37.316807,-120.855753,Male,No,No,No,12,Yes,No,Fiber optic,No,No,No,No,No,Yes,Month-to-month,Yes,Bank transfer (automatic),79.95,1043.4,No,0,71,2968,,0.0012119937,0,0,Very low risk
7277-OZCGZ,1,United States,California,Spring Valley,91978,"32.730264, -116.950963",32.730264,-116.950963,Female,No,No,No,22,Yes,No,Fiber optic,Yes,No,No,Yes,No,Yes,Month-to-month,Yes,Electronic check,89.05,1886.25,No,0,75,5479,,0.0011920092,0,0,Very low risk
0365-GXEZS,1,United States,California,Copperopolis,95228,"37.943954, -120.67108",37.943954,-120.67108,Male,No,Yes,No,18,Yes,No,Fiber optic,No,No,Yes,Yes,No,No,Month-to-month,No,Electronic check,78.2,1468.75,No,0,79,2831,,0.0011838429,0,0,Very low risk
0988-JRWWP,1,United States,California,Wilseyville,95257,"38.392686, -120.415951",38.392686,-120.415951,Female,No,No,No,3,Yes,No,DSL,No,No,No,No,Yes,No,Month-to-month,Yes,Electronic check,54.2,140.4,No,0,68,3167,,0.0011811025,0,0,Very low risk
8212-DJRCH,1,United States,California,Newbury Park,91320,"34.172071, -118.946262",34.172071,-118.946262,Male,No,Yes,Yes,5,Yes,No,Fiber optic,Yes,No,Yes,No,No,Yes,Month-to-month,Yes,Mailed check,90.35,434.5,No,0,66,4014,,0.0011744105,0,0,Very low risk
5628-FCGYG,1,United States,California,Riverside,92509,"34.004379, -117.447864",34.004379,-117.447864,Male,No,No,No,21,Yes,Yes,Fiber optic,No,No,No,No,No,Yes,Month-to-month,Yes,Electronic check,84.1,1737.45,No,0,69,4649,,0.0011635105,0,0,Very low risk
7129-ACFOG,1,United States,California,Mountain Ranch,95246,"38.264262, -120.515133",38.264262,-120.515133,Female,No,No,No,5,Yes,Yes,DSL,Yes,No,No,No,No,No,Month-to-month,Yes,Electronic check,53.8,283.95,No,0,78,2182,,0.0011272067,0,0,Very low risk
9927-DSWDF,1,United States,California,Palos Verdes Peninsula,90274,"33.788208, -118.404955",33.788208,-118.404955,Male,No,Yes,No,22,Yes,No,Fiber optic,Yes,Yes,No,Yes,Yes,Yes,Month-to-month,Yes,Electronic check,104.6,2180.55,No,0,68,2429,,0.0011243102,0,0,Very low risk
2985-FMWYF,1,United States,California,Myers Flat,95554,"40.267158, -123.805913",40.267158,-123.805913,Female,No,No,No,23,Yes,Yes,Fiber optic,No,No,No,No,Yes,Yes,Month-to-month,Yes,Electronic check,93.5,2341.55,No,0,73,4861,,0.0010950378,0,0,Very low risk
8903-XEBGX,1,United States,California,Lancaster,93534,"34.727529, -118.153098",34.727529,-118.153098,Male,No,No,Yes,2,Yes,No,DSL,No,No,No,No,No,Yes,Month-to-month,Yes,Electronic check,55.3,108.65,No,0,67,4594,,0.0010949762,0,0,Very low risk
4360-PNRQB,1,United States,California,Yucca Valley,92284,"34.159534, -116.425984",34.159534,-116.425984,Male,No,No,No,18,Yes,Yes,Fiber optic,No,No,No,No,No,No,Month-to-month,Yes,Bank transfer (automatic),75.6,1395.05,No,0,78,4030,,0.0010935294,0,0,Very low risk
4686-UXDML,1,United States,California,Cutler,93615,"36.497895, -119.285484",36.497895,-119.285484,Female,No,No,No,21,Yes,Yes,Fiber optic,No,Yes,No,No,Yes,Yes,Month-to-month,Yes,Credit card (automatic),99.85,1992.55,No,0,74,2113,,0.0010753947,0,0,Very low risk
5129-JLPIS,1,United States,California,Los Angeles,90016,"34.028331, -118.354338",34.028331,-118.354338,Male,No,No,No,25,Yes,No,Fiber optic,Yes,No,Yes,Yes,Yes,Yes,Month-to-month,Yes,Electronic check,105.5,2686.05,No,0,75,5822,,0.0010618591,0,0,Very low risk
1575-KRZZE,1,United States,California,Murphys,95247,"38.147852, -120.440124",38.147852,-120.440124,Female,No,No,No,4,Yes,No,DSL,Yes,Yes,No,No,No,No,Month-to-month,No,Electronic check,55.2,220.65,No,0,74,4042,,0.0010591344,0,0,Very low risk
7181-OQCUT,1,United States,California,Fresno,93706,"36.654614, -119.903674",36.654614,-119.903674,Male,No,No,No,21,Yes,Yes,Fiber optic,Yes,No,Yes,No,Yes,Yes,Month-to-month,No,Mailed check,103.85,2215.0,No,0,77,4520,,0.0010569693,0,0,Very low risk
6729-GDNGC,1,United States,California,Westport,95488,"39.724433, -123.767578",39.724433,-123.767578,Female,Yes,No,No,20,Yes,No,Fiber optic,No,No,No,No,Yes,No,Month-to-month,No,Bank transfer (automatic),80.7,1614.2,No,0,73,3111,,0.0010569693,0,0,Very low risk
2041-JIJCI,1,United States,California,Wendel,96136,"40.345949, -120.081187",40.345949,-120.081187,Female,No,No,No,5,Yes,Yes,DSL,No,Yes,No,No,No,Yes,Month-to-month,Yes,Electronic check,64.0,370.25,No,0,75,4421,,0.0010499462,0,0,Very low risk
4329-YPDDQ,1,United States,California,Cazadero,95421,"38.578807, -123.19338",38.578807,-123.19338,Male,No,No,No,20,Yes,No,Fiber optic,Yes,Yes,Yes,Yes,Yes,Yes,Month-to-month,Yes,Bank transfer (automatic),108.2,2203.7,No,0,67,2102,,0.0010496811,0,0,Very low risk
8728-SKJLR,1,United States,California,Olancha,93549,"36.296851, -117.865469",36.296851,-117.865469,Male,No,No,No,41,Yes,No,Fiber optic,No,No,No,Yes,No,No,Month-to-month,Yes,Electronic check,74.25,3089.1,No,0,78,3277,,0.0010418781,0,0,Very low risk
4223-WOZCM,1,United States,California,Carmel,93923,"36.460611, -121.852507",36.460611,-121.852507,Male,Yes,No,No,2,Yes,No,DSL,No,No,Yes,No,No,No,Month-to-month,No,Mailed check,49.95,107.1,No,0,78,5251,,0.001037434,0,0,Very low risk
0096-BXERS,1,United States,California,Inverness,94937,"38.099323, -122.945723",38.099323,-122.945723,Female,No,Yes,No,6,Yes,Yes,DSL,No,No,No,No,No,No,Month-to-month,No,Electronic check,50.35,314.55,No,0,74,3442,,0.0010347265,0,0,Very low risk
4570-QHXHL,1,United States,California,Santa Ana,92704,"33.719869, -117.907063",33.719869,-117.907063,Female,No,No,No,9,Yes,No,DSL,No,No,No,No,No,No,Month-to-month,Yes,Electronic check,43.75,405.7,No,0,70,5644,,0.0010245973,0,0,Very low risk
9389-ACWBI,1,United States,California,Richvale,95974,"39.495768, -121.747472",39.495768,-121.747472,Female,No,Yes,Yes,5,Yes,No,Fiber optic,No,No,No,No,No,No,Month-to-month,No,Credit card (automatic),69.95,320.4,No,0,73,3850,,0.0010125982,0,0,Very low risk
8805-JNRAZ,1,United States,California,Huntington Beach,92646,"33.666301, -117.969501",33.666301,-117.969501,Female,No,No,No,2,Yes,No,DSL,No,Yes,No,No,No,No,Month-to-month,No,Mailed check,49.2,103.7,No,0,75,2342,,0.0010070595,0,0,Very low risk
2203-GHNWN,1,United States,California,Julian,92036,"32.980678, -116.262854",32.980678,-116.262854,Female,No,Yes,No,24,Yes,Yes,Fiber optic,No,No,Yes,No,No,No,Month-to-month,Yes,Mailed check,79.65,1928.7,No,0,72,3816,,0.000997139,0,0,Very low risk
6542-LWGXJ,1,United States,California,Pixley,93256,"35.957019, -119.330928",35.957019,-119.330928,Male,No,Yes,No,3,No,No phone service,DSL,No,No,No,No,No,No,Month-to-month,No,Mailed check,25.0,78.25,No,0,70,2730,,0.000993813,0,0,Very low risk
2971-SGAFL,1,United States,California,Millbrae,94030,"37.601248, -122.403099",37.601248,-122.403099,Female,No,No,No,13,Yes,Yes,DSL,Yes,No,Yes,No,Yes,Yes,Month-to-month,Yes,Electronic check,78.75,995.35,No,0,79,5631,,0.0009937288,0,0,Very low risk
4581-LNWUM,1,United States,California,San Pablo,94806,"37.980269, -122.342635",37.980269,-122.342635,Female,No,No,No,13,No,No phone service,DSL,No,No,Yes,No,Yes,Yes,Month-to-month,No,Electronic check,49.15,649.4,No,0,78,3000,,0.0009922415,0,0,Very low risk
8709-KRDVL,1,United States,California,Scott Bar,96085,"41.737962, -123.07557",41.737962,-123.07557,Female,No,No,No,33,Yes,Yes,Fiber optic,No,Yes,No,No,Yes,Yes,Month-to-month,Yes,Electronic check,100.0,3320.6,No,0,76,4643,,0.0009921055,0,0,Very low risk
2988-PLAHS,1,United States,California,Sierraville,96126,"39.559709, -120.345639",39.559709,-120.345639,Female,No,No,No,3,Yes,No,DSL,No,No,Yes,No,Yes,Yes,One year,Yes,Electronic check,69.95,220.45,No,0,67,2754,,0.0009808891,0,0,Very low risk
3466-RITXD,1,United States,California,Twin Bridges,95735,"38.805481, -120.13287",38.805481,-120.13287,Male,No,No,No,26,Yes,Yes,Fiber optic,Yes,Yes,No,No,Yes,No,Month-to-month,Yes,Credit card (automatic),92.4,2349.8,No,0,75,5461,,0.0009787757,0,0,Very low risk
9822-WMWVG,1,United States,California,Grand Terrace,92313,"34.029175, -117.307211",34.029175,-117.307211,Female,No,No,No,41,Yes,Yes,Fiber optic,Yes,Yes,Yes,Yes,Yes,No,Month-to-month,Yes,Electronic check,106.5,4282.4,No,0,75,4434,,0.00097401097,0,0,Very low risk
5213-TWWJU,1,United States,California,Richmond,94804,"37.921034, -122.341798",37.921034,-122.341798,Male,No,No,No,28,Yes,No,Fiber optic,No,No,Yes,Yes,No,Yes,Month-to-month,No,Electronic check,91.0,2626.15,No,0,66,2448,,0.0009667248,0,0,Very low risk
0899-LIIBW,1,United States,California,Forks Of Salmon,96031,"41.232128, -123.194748",41.232128,-123.194748,Male,No,Yes,No,34,Yes,Yes,Fiber optic,No,No,Yes,No,Yes,Yes,Month-to-month,No,Electronic check,100.85,3527.3,No,0,76,5891,,0.00096665946,0,0,Very low risk
0730-KOAVE,1,United States,California,Redwood City,94062,"37.410567, -122.297152",37.410567,-122.297152,Male,No,No,No,30,Yes,Yes,Fiber optic,Yes,Yes,No,No,No,Yes,Month-to-month,Yes,Credit card (automatic),94.3,2679.7,No,0,75,4219,,0.0009649314,0,0,Very low risk
4760-THGOT,1,United States,California,San Jose,95134,"37.42765, -121.945416",37.42765,-121.945416,Female,No,Yes,No,43,Yes,Yes,Fiber optic,Yes,Yes,No,No,No,Yes,Month-to-month,Yes,Electronic check,94.1,4107.3,No,0,71,4392,,0.0009507192,0,0,Very low risk
1436-ZMJAN,1,United States,California,Gerber,96035,"40.03194, -122.176023",40.03194,-122.176023,Female,No,Yes,No,10,Yes,No,DSL,No,No,Yes,No,Yes,Yes,Month-to-month,Yes,Credit card (automatic),67.8,653.15,No,0,79,2709,,0.00094926916,0,0,Very low risk
9450-TRJUU,1,United States,California,Bakersfield,93306,"35.449881, -118.841442",35.449881,-118.841442,Male,No,No,No,35,Yes,Yes,Fiber optic,No,No,No,No,Yes,No,Month-to-month,No,Electronic check,83.15,2848.45,No,0,65,2332,,0.00094909273,0,0,Very low risk
7928-VJYAB,1,United States,California,Lemoore,93245,"36.303666, -119.825657",36.303666,-119.825657,Male,No,Yes,Yes,11,Yes,No,Fiber optic,No,No,No,No,Yes,Yes,Month-to-month,No,Electronic check,90.6,1020.2,No,0,65,2004,,0.0009424965,0,0,Very low risk
4993-JCRGJ,1,United States,California,Holtville,92250,"32.811001, -115.152865",32.811001,-115.152865,Male,No,No,No,26,Yes,Yes,Fiber optic,No,No,Yes,Yes,No,No,Month-to-month,Yes,Mailed check,84.3,2281.6,No,0,66,5471,,0.0009345132,0,0,Very low risk
8620-RJPZN,1,United States,California,Los Altos,94022,"37.349546, -122.134356",37.349546,-122.134356,Female,No,No,No,1,Yes,No,No,No internet service,No internet service,No internet service,No internet service,No internet service,No internet service,Month-to-month,No,Electronic check,20.7,20.7,No,0,68,3061,,0.00092960056,0,0,Very low risk
8818-DOPVL,1,United States,California,El Cerrito,94530,"37.924838, -122.289145",37.924838,-122.289145,Female,Yes,No,No,46,Yes,Yes,Fiber optic,No,Yes,Yes,No,Yes,Yes,Month-to-month,Yes,Electronic check,104.45,4863.85,No,0,76,4103,,0.0009278494,0,0,Very low risk
5186-EJEGL,1,United States,California,Escondido,92026,"33.21846, -117.116916",33.21846,-117.116916,Male,No,No,No,9,Yes,No,DSL,Yes,No,Yes,Yes,Yes,No,Month-to-month,Yes,Mailed check,69.5,653.25,No,0,72,3628,,0.0009244714,0,0,Very low risk
5144-TVGLP,1,United States,California,Los Angeles,90002,"33.949255, -118.246978",33.949255,-118.246978,Male,Yes,No,No,38,Yes,Yes,Fiber optic,No,No,No,No,Yes,Yes,Month-to-month,No,Electronic check,94.75,3653.0,No,0,71,3654,,0.000923335,0,0,Very low risk
5600-PDUJF,1,United States,California,Los Angeles,90047,"33.958149, -118.308441",33.958149,-118.308441,Male,No,No,No,6,Yes,No,DSL,No,No,No,Yes,No,No,Month-to-month,Yes,Credit card (automatic),49.5,312.7,No,0,75,5552,,0.00092327164,0,0,Very low risk
2386-OWURY,1,United States,California,Yucaipa,92399,"34.04597, -117.011825",34.04597,-117.011825,Female,No,No,No,58,Yes,No,Fiber optic,No,No,No,Yes,Yes,Yes,Month-to-month,Yes,Electronic check,95.3,5817.7,No,0,68,6460,,0.00092046265,0,0,Very low risk
4468-YDOVK,1,United States,California,Richmond,94805,"37.941456, -122.320968",37.941456,-122.320968,Male,No,No,Yes,5,Yes,No,DSL,No,No,No,Yes,No,No,Month-to-month,Yes,Bank transfer (automatic),48.65,235.2,No,0,68,3307,,0.0009097764,0,0,Very low risk
5351-QESIO,1,United States,California,San Diego,92122,"32.85723, -117.209774",32.85723,-117.209774,Male,No,No,Yes,1,No,No phone service,DSL,No,No,No,No,No,No,Month-to-month,No,Mailed check,24.2,24.2,No,0,80,4276,,0.00090553105,0,0,Very low risk
1310-QRITU,1,United States,California,Hinkley,92347,"34.983808, -117.239306",34.983808,-117.239306,Female,No,No,No,18,Yes,Yes,DSL,No,No,No,No,No,No,Month-to-month,Yes,Electronic check,50.3,913.3,No,0,65,5877,,0.00090204866,0,0,Very low risk
1465-LNTLJ,1,United States,California,Santa Barbara,93109,"34.406256, -119.726936",34.406256,-119.726936,Male,Yes,Yes,No,8,Yes,No,DSL,No,No,Yes,Yes,No,Yes,Month-to-month,Yes,Credit card (automatic),64.4,581.7,No,0,78,4537,,0.0008974108,0,0,Very low risk
2692-PFYTJ,1,United States,California,Hercules,94547,"37.991259, -122.214945",37.991259,-122.214945,Female,No,No,No,1,Yes,Yes,No,No internet service,No internet service,No internet service,No internet service,No internet service,No internet service,Month-to-month,Yes,Mailed check,25.75,25.75,No,0,67,2569,,0.000875869,0,0,Very low risk
1194-SPVSP,1,United States,California,Soquel,95073,"37.023669, -121.946461",37.023669,-121.946461,Male,No,No,No,1,Yes,No,No,No internet service,No internet service,No internet service,No internet service,No internet service,No internet service,Month-to-month,No,Bank transfer (automatic),19.65,19.65,No,0,79,3625,,0.0008708153,0,0,Very low risk
9122-UMROB,1,United States,California,Los Angeles,90010,"34.062125, -118.315709",34.062125,-118.315709,Male,No,No,No,1,Yes,No,No,No internet service,No internet service,No internet service,No internet service,No internet service,No internet service,Month-to-month,No,Mailed check,20.3,20.3,No,0,80,4270,,0.0008708153,0,0,Very low risk
0668-OGMHD,1,United States,California,Santa Rosa,95405,"38.439696, -122.668817",38.439696,-122.668817,Female,No,Yes,No,21,No,No phone service,DSL,Yes,No,No,No,No,No,Month-to-month,No,Electronic check,28.5,629.35,No,0,77,3766,,0.0008570983,0,0,Very low risk
8455-HIRAQ,1,United States,California,Carmichael,95608,"38.626128, -121.328011",38.626128,-121.328011,Female,No,No,No,8,Yes,No,DSL,No,No,No,No,No,No,Month-to-month,No,Mailed check,44.45,369.3,No,0,65,4909,,0.00085260114,0,0,Very low risk
2700-LUEVA,1,United States,California,Oakland,94618,"37.84551, -122.235181",37.84551,-122.235181,Male,No,No,No,1,Yes,No,No,No internet service,No internet service,No internet service,No internet service,No internet service,No internet service,Month-to-month,No,Credit card (automatic),20.75,20.75,No,0,76,2791,,0.0008511093,0,0,Very low risk
2522-AHJXR,1,United States,California,Death Valley,92328,"36.27688, -117.033326",36.27688,-117.033326,Male,No,Yes,No,60,Yes,Yes,Fiber optic,Yes,No,Yes,Yes,Yes,Yes,Month-to-month,Yes,Bank transfer (automatic),109.45,6572.85,No,0,77,4350,,0.00084783835,0,0,Very low risk
8749-CLJXC,1,United States,California,Ahwahnee,93601,"37.375816, -119.739935",37.375816,-119.739935,Male,No,No,No,1,Yes,No,No,No internet service,No internet service,No internet service,No internet service,No internet service,No internet service,Month-to-month,No,Mailed check,20.05,20.05,No,0,79,2067,,0.00084240263,0,0,Very low risk
7789-CRUVC,1,United States,California,San Diego,92107,"32.741852, -117.243453",32.741852,-117.243453,Female,Yes,Yes,No,61,Yes,Yes,Fiber optic,Yes,Yes,Yes,Yes,No,No,Month-to-month,Yes,Credit card (automatic),94.2,5895.45,No,0,76,5274,,0.00082136045,0,0,Very low risk
3173-NVMPX,1,United States,California,Newport Beach,92663,"33.62251, -117.927024",33.62251,-117.927024,Female,No,Yes,Yes,9,Yes,Yes,DSL,No,Yes,No,No,No,No,Month-to-month,Yes,Mailed check,55.3,501.2,No,0,80,4291,,0.00081874884,0,0,Very low risk
9629-NHXFW,1,United States,California,Downey,90241,"33.940884, -118.128628",33.940884,-118.128628,Female,No,Yes,Yes,1,Yes,No,No,No internet service,No internet service,No internet service,No internet service,No internet service,No internet service,Month-to-month,Yes,Mailed check,19.4,19.4,No,0,72,3160,,0.0008171557,0,0,Very low risk
4402-FTBXC,1,United States,California,Hopland,95449,"38.93706, -123.118111",38.93706,-123.118111,Male,No,No,No,54,Yes,No,Fiber optic,Yes,No,Yes,No,Yes,No,Month-to-month,No,Mailed check,89.8,4667.0,No,0,67,4980,,0.00081419287,0,0,Very low risk
9097-ZUBYC,1,United States,California,North San Juan,95960,"39.423046, -120.984472",39.423046,-120.984472,Male,No,Yes,No,14,Yes,No,DSL,No,No,No,Yes,No,No,Month-to-month,No,Bank transfer (automatic),48.8,664.4,No,0,77,2168,,0.00080607407,0,0,Very low risk
1346-PJWTK,1,United States,California,Corona,92880,"33.918043, -117.617809",33.918043,-117.617809,Male,No,Yes,No,61,Yes,No,Fiber optic,No,Yes,Yes,Yes,No,Yes,Month-to-month,No,Credit card (automatic),94.15,5731.85,No,0,70,4806,,0.0008017161,0,0,Very low risk
3930-ZGWVE,1,United States,California,Stanton,90680,"33.801869, -117.995068",33.801869,-117.995068,Male,No,No,No,1,Yes,No,No,No internet service,No internet service,No internet service,No internet service,No internet service,No internet service,Month-to-month,No,Mailed check,19.75,19.75,No,0,68,2484,,0.0008007731,0,0,Very low risk
7395-XWZOY,1,United States,California,Suisun City,94585,"38.197907, -122.017258",38.197907,-122.017258,Male,No,No,No,20,No,No phone service,DSL,Yes,Yes,Yes,Yes,Yes,No,Month-to-month,Yes,Credit card (automatic),55.0,1165.55,No,0,68,4481,,0.0007884718,0,0,Very low risk
6483-OATDN,1,United States,California,Monrovia,91016,"34.1528, -118.000482",34.1528,-118.000482,Male,No,Yes,Yes,8,Yes,No,DSL,Yes,No,No,No,No,No,Month-to-month,Yes,Credit card (automatic),51.3,411.6,No,0,66,2545,,0.000773623,0,0,Very low risk
3948-FVVRP,1,United States,California,Santa Maria,93455,"34.818227, -120.418784",34.818227,-120.418784,Male,No,Yes,Yes,9,Yes,No,DSL,No,Yes,No,Yes,No,No,Month-to-month,No,Mailed check,54.8,452.8,No,0,73,2848,,0.0007689815,0,0,Very low risk
6429-SHBCB,1,United States,California,Maxwell,95955,"39.281194, -122.226568",39.281194,-122.226568,Male,No,No,No,19,Yes,Yes,DSL,No,No,No,No,Yes,Yes,Month-to-month,No,Mailed check,69.6,1394.55,No,0,77,3349,,0.0007609708,0,0,Very low risk
0471-ARVMX,1,United States,California,Kelseyville,95451,"38.93496, -122.792243",38.93496,-122.792243,Female,Yes,Yes,No,62,Yes,Yes,Fiber optic,Yes,No,Yes,No,Yes,Yes,One year,Yes,Electronic check,104.85,6312.9,No,0,68,5061,,0.00075046666,0,0,Very low risk
3466-WAESX,1,United States,California,Rancho Cucamonga,91701,"34.132275, -117.611478",34.132275,-117.611478,Male,No,No,Yes,16,Yes,Yes,DSL,Yes,Yes,No,No,No,Yes,Month-to-month,Yes,Electronic check,69.1,1083.7,No,0,71,5172,,0.00073645095,0,0,Very low risk
6815-ABQFQ,1,United States,California,Silverado,92676,"33.782346, -117.635263",33.782346,-117.635263,Male,No,Yes,No,56,Yes,Yes,Fiber optic,No,Yes,No,Yes,Yes,Yes,One year,Yes,Electronic check,107.25,6033.3,No,0,70,5800,,0.0007313706,0,0,Very low risk
8495-PRWFH,1,United States,California,Waterford,95386,"37.669516, -120.626964",37.669516,-120.626964,Female,Yes,No,No,42,Yes,Yes,DSL,No,No,Yes,No,No,No,Month-to-month,No,Electronic check,55.65,2421.75,No,0,80,5831,,0.0007060361,0,0,Very low risk
0265-PSUAE,1,United States,California,Lotus,95651,"38.815515, -120.916997",38.815515,-120.916997,Female,No,Yes,Yes,16,Yes,No,Fiber optic,Yes,No,Yes,No,Yes,Yes,Month-to-month,No,Bank transfer (automatic),100.7,1522.7,No,0,72,3337,,0.0007044217,0,0,Very low risk
2972-YDYUW,1,United States,California,Posey,93260,"35.861928, -118.636698",35.861928,-118.636698,Female,No,No,No,57,Yes,Yes,Fiber optic,No,Yes,No,Yes,No,Yes,One year,No,Electronic check,94.7,5468.95,No,0,70,4507,,0.000703388,0,0,Very low risk
0816-TSPHQ,1,United States,California,Kettleman City,93239,"35.996923, -120.000951",35.996923,-120.000951,Male,No,No,No,2,Yes,No,No,No internet service,No internet service,No internet service,No internet service,No internet service,No internet service,Month-to-month,No,Mailed check,20.75,44.2,No,0,79,3976,,0.00069749577,0,0,Very low risk
3354-OADJP,1,United States,California,Bolinas,94924,"37.943087, -122.72379",37.943087,-122.72379,Female,No,No,No,8,Yes,No,DSL,Yes,No,No,Yes,No,No,One year,No,Bank transfer (automatic),54.25,447.75,No,0,69,2237,,0.0006946659,0,0,Very low risk
3756-VNWDH,1,United States,California,Pasadena,91101,"34.146635, -118.139225",34.146635,-118.139225,Male,Yes,Yes,No,65,Yes,Yes,Fiber optic,Yes,No,No,No,Yes,Yes,One year,Yes,Electronic check,100.75,6674.65,No,0,66,4368,,0.0006943508,0,0,Very low risk
9972-VAFJJ,1,United States,California,San Diego,92116,"32.765299, -117.122565",32.765299,-117.122565,Female,Yes,Yes,No,53,Yes,No,Fiber optic,No,Yes,Yes,Yes,Yes,No,One year,Yes,Electronic check,94.0,4871.45,No,0,73,6355,,0.0006916549,0,0,Very low risk
1051-GEJLJ,1,United States,California,San Gregorio,94074,"37.331762, -122.341444",37.331762,-122.341444,Female,No,No,No,2,Yes,No,No,No internet service,No internet service,No internet service,No internet service,No internet service,No internet service,Month-to-month,No,Mailed check,19.5,27.55,No,0,74,4836,,0.000689556,0,0,Very low risk
1217-VASWC,1,United States,California,Avila Beach,93424,"35.186644, -120.728305",35.186644,-120.728305,Male,Yes,Yes,No,43,Yes,No,Fiber optic,No,Yes,Yes,No,Yes,Yes,One year,Yes,Bank transfer (automatic),100.55,4304.0,No,0,65,4499,,0.00068530487,0,0,Very low risk
7733-UDMTP,1,United States,California,Fresno,93726,"36.793601, -119.761131",36.793601,-119.761131,Female,Yes,No,No,57,No,No phone service,DSL,No,Yes,Yes,No,Yes,Yes,Month-to-month,Yes,Electronic check,55.0,3094.05,No,0,76,4622,,0.0006848139,0,0,Very low risk
3680-CTHUH,1,United States,California,Kneeland,95549,"40.664483, -123.865325",40.664483,-123.865325,Male,No,No,No,60,Yes,Yes,Fiber optic,Yes,Yes,Yes,Yes,Yes,Yes,One year,Yes,Credit card (automatic),116.6,7049.5,No,0,74,5680,,0.00067841215,0,0,Very low risk
6198-PNNSZ,1,United States,California,Valley Springs,95252,"38.156971, -120.849231",38.156971,-120.849231,Female,No,Yes,No,56,Yes,Yes,Fiber optic,Yes,Yes,Yes,No,Yes,Yes,One year,No,Bank transfer (automatic),109.8,6109.65,No,0,77,5648,,0.00067841215,0,0,Very low risk
9115-YQHGA,1,United States,California,Lemoore,93245,"36.303666, -119.825657",36.303666,-119.825657,Male,No,No,No,40,Yes,No,DSL,No,No,No,Yes,No,No,Month-to-month,Yes,Electronic check,51.1,2092.9,No,0,67,3355,,0.0006736992,0,0,Very low risk
4396-KLSEH,1,United States,California,Bakersfield,93311,"35.16207, -119.194488",35.16207,-119.194488,Male,No,No,No,4,Yes,No,No,No internet service,No internet service,No internet service,No internet service,No internet service,No internet service,Month-to-month,Yes,Electronic check,19.85,63.0,No,0,71,5918,,0.000673694,0,0,Very low risk
0516-UXRMT,1,United States,California,Oxnard,93033,"34.156629, -119.117218",34.156629,-119.117218,Female,No,No,No,62,Yes,Yes,Fiber optic,Yes,Yes,Yes,No,No,No,One year,Yes,Electronic check,92.05,5755.8,No,0,71,5801,,0.00066476304,0,0,Very low risk
4753-PADAS,1,United States,California,Bieber,96009,"41.083464, -121.107929",41.083464,-121.107929,Female,No,Yes,No,67,Yes,Yes,Fiber optic,No,Yes,Yes,No,Yes,Yes,One year,Yes,Bank transfer (automatic),105.7,6816.95,No,0,68,5027,,0.0006621845,0,0,Very low risk
5140-FOMCQ,1,United States,California,Oakland,94602,"37.803883, -122.208417",37.803883,-122.208417,Female,No,Yes,No,59,Yes,Yes,Fiber optic,Yes,Yes,Yes,No,Yes,Yes,One year,Yes,Credit card (automatic),109.15,6557.75,No,0,67,5186,,0.0006621845,0,0,Very low risk
4075-JFPGR,1,United States,California,Rancho Cucamonga,91730,"34.10097, -117.57882",34.10097,-117.57882,Female,No,Yes,No,51,Yes,No,Fiber optic,Yes,Yes,Yes,No,Yes,No,One year,Yes,Electronic check,93.5,4619.55,No,0,68,5561,,0.000660647,0,0,Very low risk
0373-AIVNJ,1,United States,California,Sacramento,95814,"38.584505, -121.491956",38.584505,-121.491956,Male,No,No,No,9,No,No phone service,DSL,Yes,Yes,Yes,No,No,No,One year,No,Mailed check,39.55,373.0,No,0,67,3755,,0.0006583309,0,0,Very low risk
1370-GGAWX,1,United States,California,Beverly Hills,90211,"34.063947, -118.383001",34.063947,-118.383001,Female,No,No,No,46,Yes,Yes,Fiber optic,No,Yes,Yes,No,No,Yes,One year,Yes,Electronic check,94.15,4408.45,No,0,70,3924,,0.00065810635,0,0,Very low risk
0178-CIIKR,1,United States,California,Crows Landing,95313,"37.435664, -121.049056",37.435664,-121.049056,Female,No,No,No,3,Yes,No,No,No internet service,No internet service,No internet service,No internet service,No internet service,No internet service,Month-to-month,No,Mailed check,19.95,58.0,No,0,74,5949,,0.00065475306,0,0,Very low risk
4237-CLSMM,1,United States,California,Highland,92346,"34.129677, -117.154277",34.129677,-117.154277,Male,No,Yes,No,2,Yes,No,No,No internet service,No internet service,No internet service,No internet service,No internet service,No internet service,Month-to-month,No,Mailed check,20.0,38.0,No,0,77,4823,,0.00065475306,0,0,Very low risk
3339-EAQNV,1,United States,California,Palermo,95968,"39.435756, -121.552071",39.435756,-121.552071,Male,Yes,Yes,No,72,Yes,Yes,Fiber optic,No,Yes,No,No,Yes,Yes,One year,Yes,Credit card (automatic),97.25,7133.1,No,0,69,6156,,0.0006514858,0,0,Very low risk
0997-YTLNY,1,United States,California,Escondido,92029,"33.079834, -117.134275",33.079834,-117.134275,Female,No,No,Yes,19,Yes,No,DSL,No,No,No,Yes,No,No,Month-to-month,No,Mailed check,48.8,953.65,No,0,74,3749,,0.00063626975,0,0,Very low risk
8930-XOTDP,1,United States,California,North Hollywood,91606,"34.187599, -118.387125",34.187599,-118.387125,Female,No,Yes,Yes,18,Yes,No,DSL,No,No,No,No,Yes,No,Month-to-month,No,Mailed check,55.95,1082.8,No,0,76,2035,,0.00063626975,0,0,Very low risk
9143-CANJF,1,United States,California,Topaz,96133,"38.636052, -119.489162",38.636052,-119.489162,Female,No,Yes,Yes,24,Yes,No,DSL,Yes,No,No,Yes,No,No,Month-to-month,No,Electronic check,55.15,1319.85,No,0,80,2200,,0.0006267805,0,0,Very low risk
2040-OBMLJ,1,United States,California,Dunlap,93621,"36.789213, -119.140338",36.789213,-119.140338,Male,No,No,No,31,Yes,Yes,Fiber optic,No,No,No,Yes,No,No,One year,No,Credit card (automatic),81.7,2548.65,No,0,68,4850,,0.0006095736,0,0,Very low risk
1261-FWTTE,1,United States,California,Los Angeles,90067,"34.057496, -118.413959",34.057496,-118.413959,Male,Yes,No,No,23,No,No phone service,DSL,No,No,No,No,No,Yes,Month-to-month,Yes,Bank transfer (automatic),34.65,768.45,No,0,67,2307,,0.00060310523,0,0,Very low risk
5049-MUBWG,1,United States,California,Carmel By The Sea,93921,"36.554618, -121.922239",36.554618,-121.922239,Male,No,No,No,26,Yes,No,DSL,Yes,No,No,Yes,Yes,Yes,One year,No,Bank transfer (automatic),75.0,1908.35,No,0,79,4705,,0.0006021495,0,0,Very low risk
5236-XMZJY,1,United States,California,Los Angeles,90031,"34.085807, -118.206617",34.085807,-118.206617,Female,No,No,No,42,Yes,No,DSL,Yes,Yes,Yes,No,No,No,Month-to-month,No,Bank transfer (automatic),59.65,2536.55,No,0,80,3048,,0.0005888821,0,0,Very low risk
9972-NKTFD,1,United States,California,Forest Ranch,95942,"40.077028, -121.494168",40.077028,-121.494168,Female,No,No,No,28,Yes,No,DSL,No,Yes,No,Yes,No,No,Month-to-month,No,Bank transfer (automatic),54.65,1517.5,No,0,73,3185,,0.0005865937,0,0,Very low risk
3893-JRNFS,1,United States,California,Palmdale,93550,"34.536232, -118.082935",34.536232,-118.082935,Male,No,No,No,68,No,No phone service,DSL,No,No,Yes,No,No,Yes,Month-to-month,Yes,Bank transfer (automatic),39.9,2796.35,No,0,69,6270,,0.00058237277,0,0,Very low risk
5951-AOFIH,1,United States,California,San Jose,95122,"37.32886, -121.834567",37.32886,-121.834567,Male,No,No,No,33,Yes,No,DSL,No,Yes,Yes,No,Yes,No,Month-to-month,Yes,Credit card (automatic),66.4,2245.4,No,0,69,3843,,0.00058084883,0,0,Very low risk
1744-JHKYS,1,United States,California,Pasadena,91105,"34.13946, -118.166649",34.13946,-118.166649,Female,No,Yes,No,34,Yes,Yes,No,No internet service,No internet service,No internet service,No internet service,No internet service,No internet service,Month-to-month,No,Electronic check,24.7,780.2,No,0,72,3421,,0.0005786336,0,0,Very low risk
3524-WQDSG,1,United States,California,Corte Madera,94925,"37.924014, -122.511694",37.924014,-122.511694,Female,No,Yes,Yes,43,Yes,Yes,Fiber optic,No,No,Yes,No,Yes,Yes,Month-to-month,Yes,Bank transfer (automatic),99.3,4209.95,No,0,73,3280,,0.0005783491,0,0,Very low risk
9209-NWPGU,1,United States,California,Niland,92257,"33.345825, -115.596574",33.345825,-115.596574,Male,No,No,No,44,Yes,No,DSL,Yes,No,No,Yes,Yes,No,One year,No,Electronic check,65.4,2774.55,No,0,76,5827,,0.00057749473,0,0,Very low risk
0076-LVEPS,1,United States,California,Tujunga,91042,"34.296574, -118.244839",34.296574,-118.244839,Male,No,No,Yes,29,No,No phone service,DSL,Yes,Yes,Yes,Yes,No,No,Month-to-month,Yes,Mailed check,45.0,1242.45,No,0,73,3290,,0.00057685,0,0,Very low risk
7426-WEIJX,1,United States,California,Olympic Valley,96146,"39.191797, -120.212401",39.191797,-120.212401,Male,Yes,Yes,Yes,60,Yes,Yes,Fiber optic,Yes,No,No,No,No,No,Month-to-month,Yes,Electronic check,80.95,4859.1,No,0,71,6214,,0.0005725354,0,0,Very low risk
1097-FSPVW,1,United States,California,Pioneertown,92268,"34.201108, -116.593456",34.201108,-116.593456,Female,No,No,No,42,Yes,No,DSL,Yes,No,Yes,No,No,No,Month-to-month,No,Credit card (automatic),54.55,2455.05,No,0,72,5387,,0.0005674655,0,0,Very low risk
7919-ZODZZ,1,United States,California,Antioch,94509,"37.980057, -121.801599",37.980057,-121.801599,Female,No,Yes,Yes,10,Yes,No,DSL,No,Yes,Yes,No,No,Yes,One year,Yes,Mailed check,65.9,660.05,No,0,78,5289,,0.00056711887,0,0,Very low risk
4016-BJKTZ,1,United States,California,San Jose,95136,"37.270938, -121.851046",37.270938,-121.851046,Female,No,No,No,25,Yes,Yes,Fiber optic,No,Yes,Yes,Yes,Yes,Yes,Two year,No,Electronic check,108.9,2809.05,No,0,80,4398,,0.00056491187,0,0,Very low risk
9256-JTBNZ,1,United States,California,Potter Valley,95469,"39.408634, -123.045516",39.408634,-123.045516,Female,No,No,No,11,Yes,No,No,No internet service,No internet service,No internet service,No internet service,No internet service,No internet service,Month-to-month,No,Bank transfer (automatic),20.3,246.3,No,0,72,4188,,0.00055739615,0,0,Very low risk
0725-CXOTM,1,United States,California,Manteca,95337,"37.750822, -121.238423",37.750822,-121.238423,Female,No,No,No,36,Yes,Yes,DSL,Yes,No,Yes,Yes,Yes,Yes,One year,Yes,Credit card (automatic),89.65,3348.1,No,0,68,4844,,0.0005553804,0,0,Very low risk
5753-QQWPW,1,United States,California,Aliso Viejo,92656,"33.571259, -117.731917",33.571259,-117.731917,Female,No,No,No,28,Yes,No,DSL,Yes,Yes,No,Yes,No,No,One year,Yes,Electronic check,59.9,1654.7,No,0,69,4131,,0.0005534943,0,0,Very low risk
3729-OWRVL,1,United States,California,Pixley,93256,"35.957019, -119.330928",35.957019,-119.330928,Male,Yes,No,No,65,Yes,Yes,Fiber optic,Yes,No,Yes,Yes,Yes,Yes,Two year,Yes,Electronic check,110.35,7246.15,No,0,79,4295,,0.0005480076,0,0,Very low risk
2923-ARZLG,1,United States,California,La Verne,91750,"34.144703, -117.770299",34.144703,-117.770299,Male,No,Yes,Yes,0,Yes,No,No,No internet service,No internet service,No internet service,No internet service,No internet service,No internet service,One year,Yes,Mailed check,19.7,0.0,No,0,69,4890,,0.0005434054,0,0,Very low risk
9364-YKUVW,1,United States,California,Valley Center,92082,"33.25283, -116.986079",33.25283,-116.986079,Male,No,No,No,15,Yes,No,No,No internet service,No internet service,No internet service,No internet service,No internet service,No internet service,Month-to-month,Yes,Mailed check,19.8,309.4,No,0,73,2681,,0.0005420749,0,0,Very low risk
2323-ARSVR,1,United States,California,Milpitas,95035,"37.441931, -121.878502",37.441931,-121.878502,Male,No,Yes,No,67,Yes,No,Fiber optic,Yes,Yes,Yes,Yes,Yes,Yes,Two year,Yes,Electronic check,111.05,7321.05,No,0,67,6103,,0.00054027623,0,0,Very low risk
7233-IOQNP,1,United States,California,Gazelle,96034,"41.411315, -122.697236",41.411315,-122.697236,Female,No,Yes,No,43,No,No phone service,DSL,Yes,No,No,Yes,No,No,Month-to-month,No,Bank transfer (automatic),34.0,1505.35,No,0,74,5409,,0.0005381151,0,0,Very low risk
0052-YNYOT,1,United States,California,Calexico,92231,"32.690654, -115.431225",32.690654,-115.431225,Female,No,No,No,67,Yes,No,No,No internet service,No internet service,No internet service,No internet service,No internet service,No internet service,One year,No,Electronic check,20.55,1343.4,No,0,72,5462,,0.00053613074,0,0,Very low risk
1074-AMIOH,1,United States,California,San Francisco,94127,"37.736535, -122.45732",37.736535,-122.45732,Female,No,Yes,Yes,53,Yes,No,Fiber optic,No,Yes,Yes,Yes,Yes,Yes,Month-to-month,Yes,Bank transfer (automatic),108.25,5935.1,No,0,73,5989,,0.0005355577,0,0,Very low risk
5018-LXQQG,1,United States,California,Torrance,90505,"33.807882, -118.347957",33.807882,-118.347957,Female,No,Yes,Yes,30,Yes,No,DSL,Yes,No,No,Yes,No,Yes,Month-to-month,No,Bank transfer (automatic),66.3,1923.5,No,0,80,4631,,0.00052545633,0,0,Very low risk
3181-MIZBN,1,United States,California,Jenner,95450,"38.505995, -123.187019",38.505995,-123.187019,Male,No,Yes,Yes,16,Yes,No,No,No internet service,No internet service,No internet service,No internet service,No internet service,No internet service,Month-to-month,No,Electronic check,19.75,313.4,No,0,68,3677,,0.0005220193,0,0,Very low risk
5537-UXXVS,1,United States,California,Citrus Heights,95621,"38.69549, -121.307864",38.69549,-121.307864,Female,No,Yes,No,20,Yes,No,No,No internet service,No internet service,No internet service,No internet service,No internet service,No internet service,Month-to-month,No,Bank transfer (automatic),19.25,375.25,No,0,68,4137,,0.0005217293,0,0,Very low risk
0788-DXBFY,1,United States,California,Tustin,92780,"33.735802, -117.818805",33.735802,-117.818805,Male,No,Yes,No,58,Yes,No,No,No internet service,No internet service,No internet service,No internet service,No internet service,No internet service,One year,Yes,Electronic check,19.55,1108.8,No,0,72,4801,,0.00052039226,0,0,Very low risk
8735-NBLWT,1,United States,California,Foresthill,95631,"39.031876, -120.811141",39.031876,-120.811141,Male,No,No,Yes,9,Yes,No,No,No internet service,No internet service,No internet service,No internet service,No internet service,No internet service,Month-to-month,No,Mailed check,20.4,184.1,No,0,67,4195,,0.0005138749,0,0,Very low risk
4377-VDHYI,1,United States,California,Patterson,95363,"37.410236, -121.320337",37.410236,-121.320337,Male,No,Yes,Yes,32,Yes,No,Fiber optic,Yes,Yes,No,No,No,Yes,One year,Yes,Electronic check,90.8,3023.85,No,0,80,2722,,0.0005114878,0,0,Very low risk
1174-FGIFN,1,United States,California,Squaw Valley,93675,"36.719141, -119.202677",36.719141,-119.202677,Female,No,Yes,Yes,28,Yes,Yes,Fiber optic,No,No,No,Yes,No,Yes,One year,Yes,Electronic check,90.45,2509.25,No,0,74,5823,,0.0005057573,0,0,Very low risk
5324-KTGCG,1,United States,California,Emeryville,94608,"37.83726, -122.287648",37.83726,-122.287648,Male,No,Yes,No,71,Yes,No,No,No internet service,No internet service,No internet service,No internet service,No internet service,No internet service,One year,No,Electronic check,20.85,1539.75,No,0,67,4837,,0.00050468097,0,0,Very low risk
0134-XWXCE,1,United States,California,Santa Monica,90403,"34.031529, -118.491156",34.031529,-118.491156,Female,Yes,No,No,44,Yes,No,DSL,No,No,Yes,Yes,Yes,Yes,One year,No,Bank transfer (automatic),74.85,3268.05,No,0,71,3253,,0.0005040762,0,0,Very low risk
4353-HYOJD,1,United States,California,Monrovia,91016,"34.1528, -118.000482",34.1528,-118.000482,Female,No,Yes,Yes,27,Yes,No,DSL,No,Yes,No,No,No,No,Month-to-month,No,Mailed check,49.85,1336.15,No,0,75,5580,,0.00049461314,0,0,Very low risk
5155-AZQPB,1,United States,California,San Diego,92114,"32.707892, -117.05512",32.707892,-117.05512,Female,No,Yes,Yes,28,Yes,Yes,DSL,No,No,No,No,No,No,Month-to-month,No,Mailed check,49.9,1410.25,No,0,74,5250,,0.00049461314,0,0,Very low risk
2233-TXSIU,1,United States,California,Grass Valley,95945,"39.194539, -120.988066",39.194539,-120.988066,Male,No,Yes,Yes,17,No,No phone service,DSL,Yes,No,Yes,No,Yes,No,One year,No,Credit card (automatic),44.45,792.15,No,0,73,3522,,0.0004939737,0,0,Very low risk
2061-VVFST,1,United States,California,Whittier,90606,"33.976678, -118.065875",33.976678,-118.065875,Female,No,Yes,No,37,Yes,No,No,No internet service,No internet service,No internet service,No internet service,No internet service,No internet service,Month-to-month,No,Bank transfer (automatic),19.5,805.2,No,0,72,3924,,0.0004931773,0,0,Very low risk
1395-OFUWC,1,United States,California,Los Angeles,90067,"34.057496, -118.413959",34.057496,-118.413959,Male,No,Yes,Yes,43,No,No phone service,DSL,No,Yes,No,No,No,No,Month-to-month,No,Credit card (automatic),29.3,1224.05,No,0,70,4741,,0.00049072335,0,0,Very low risk
2001-EWBQU,1,United States,California,Stockton,95210,"38.033219, -121.297433",38.033219,-121.297433,Female,No,No,No,60,Yes,Yes,Fiber optic,No,Yes,Yes,No,Yes,Yes,Two year,No,Electronic check,104.7,6333.8,No,0,75,6186,,0.0004873888,0,0,Very low risk
9330-VOFSZ,1,United States,California,Princeton,95970,"39.424957, -122.039307",39.424957,-122.039307,Female,No,Yes,No,60,Yes,Yes,Fiber optic,No,Yes,Yes,Yes,Yes,Yes,Two year,Yes,Credit card (automatic),110.8,6640.7,No,0,79,5942,,0.00048660339,0,0,Very low risk
6583-SZVGP,1,United States,California,Indio,92203,"33.752938, -116.230055",33.752938,-116.230055,Male,No,No,No,48,Yes,Yes,Fiber optic,No,Yes,Yes,No,Yes,Yes,Two year,Yes,Bank transfer (automatic),108.1,5067.45,No,0,76,5994,,0.00048410325,0,0,Very low risk
0257-KXZGU,1,United States,California,Santa Clara,95051,"37.348129, -121.98469",37.348129,-121.98469,Female,No,Yes,Yes,32,Yes,Yes,DSL,No,Yes,Yes,No,No,No,Month-to-month,No,Bank transfer (automatic),62.45,2045.55,No,0,74,5442,,0.00048391084,0,0,Very low risk
9860-LISIZ,1,United States,California,Palm Springs,92264,"33.745746, -116.514215",33.745746,-116.514215,Female,No,No,No,34,Yes,No,No,No internet service,No internet service,No internet service,No internet service,No internet service,No internet service,Month-to-month,No,Mailed check,20.35,673.2,No,0,68,2864,,0.0004813782,0,0,Very low risk
6322-HRPFA,1,United States,California,Los Angeles,90026,"34.078991, -118.263804",34.078991,-118.263804,Male,No,Yes,Yes,49,Yes,No,DSL,Yes,Yes,No,Yes,No,No,Month-to-month,No,Credit card (automatic),59.6,2970.3,No,0,79,4986,,0.00047919262,0,0,Very low risk
1470-PSXNM,1,United States,California,San Diego,92110,"32.76501, -117.19938",32.76501,-117.19938,Male,No,Yes,Yes,49,Yes,Yes,Fiber optic,No,Yes,Yes,No,Yes,No,One year,Yes,Electronic check,93.65,4520.15,No,0,65,5542,,0.0004594215,0,0,Very low risk
0074-HDKDG,1,United States,California,San Jose,95126,"37.327069, -121.916819",37.327069,-121.916819,Male,No,Yes,No,25,Yes,No,DSL,Yes,Yes,Yes,No,No,No,One year,Yes,Bank transfer (automatic),61.6,1611.0,No,0,66,3807,,0.0004590796,0,0,Very low risk
6421-SZVEM,1,United States,California,Carson,90745,"33.822295, -118.26411",33.822295,-118.26411,Female,No,Yes,Yes,28,Yes,No,Fiber optic,Yes,No,No,No,No,Yes,One year,Yes,Bank transfer (automatic),82.85,2320.8,No,0,75,5802,,0.0004575078,0,0,Very low risk
1952-DVVSW,1,United States,California,Colfax,95713,"39.084645, -120.894014",39.084645,-120.894014,Female,No,Yes,No,10,Yes,No,No,No internet service,No internet service,No internet service,No internet service,No internet service,No internet service,One year,No,Mailed check,20.1,184.4,No,0,77,3509,,0.00045340284,0,0,Very low risk
4981-FLTMF,1,United States,California,Springville,93265,"36.245926, -118.693138",36.245926,-118.693138,Female,No,Yes,Yes,57,Yes,Yes,DSL,Yes,Yes,No,Yes,No,No,Month-to-month,No,Bank transfer (automatic),65.2,3687.85,No,0,76,4491,,0.00045177163,0,0,Very low risk
7010-ZMVBF,1,United States,California,Thermal,92274,"33.53604, -116.119222",33.53604,-116.119222,Female,No,Yes,Yes,18,Yes,No,No,No internet service,No internet service,No internet service,No internet service,No internet service,No internet service,Month-to-month,No,Mailed check,20.45,357.0,No,0,71,2047,,0.00045166916,0,0,Very low risk
9473-CBZOP,1,United States,California,Avila Beach,93424,"35.186644, -120.728305",35.186644,-120.728305,Female,No,No,No,28,Yes,Yes,DSL,Yes,No,Yes,No,No,No,One year,No,Mailed check,59.0,1654.45,No,0,67,4891,,0.00044992447,0,0,Very low risk
5820-PTRYM,1,United States,California,Chula Vista,91913,"32.64164, -116.985026",32.64164,-116.985026,Female,Yes,Yes,No,56,Yes,Yes,DSL,Yes,Yes,Yes,Yes,No,No,One year,Yes,Credit card (automatic),68.45,4014.0,No,0,79,4368,,0.00044658137,0,0,Very low risk
6968-URWQU,1,United States,California,Redlands,92374,"34.064073, -117.166158",34.064073,-117.166158,Male,No,Yes,No,43,Yes,No,DSL,No,No,No,No,Yes,No,One year,Yes,Mailed check,56.35,2391.15,No,0,70,4928,,0.00044155208,0,0,Very low risk
9746-UGFAC,1,United States,California,Carlotta,95528,"40.497283, -123.93037",40.497283,-123.93037,Female,No,No,No,22,Yes,No,No,No internet service,No internet service,No internet service,No internet service,No internet service,No internet service,One year,No,Bank transfer (automatic),20.85,450.65,No,0,67,3171,,0.00044031505,0,0,Very low risk
7375-WMVMT,1,United States,California,Wildomar,92595,"33.617108, -117.253349",33.617108,-117.253349,Male,Yes,Yes,No,71,Yes,No,Fiber optic,No,Yes,Yes,Yes,No,Yes,Two year,Yes,Credit card (automatic),95.5,6707.15,No,0,80,6412,,0.00043934822,0,0,Very low risk
9534-NSXEM,1,United States,California,Watsonville,95076,"36.931654, -121.752383",36.931654,-121.752383,Male,No,No,No,26,Yes,No,No,No internet service,No internet service,No internet service,No internet service,No internet service,No internet service,One year,Yes,Credit card (automatic),20.65,595.5,No,0,79,2194,,0.0004310846,0,0,Very low risk
8777-PVYGU,1,United States,California,Burson,95225,"38.183918, -120.898817",38.183918,-120.898817,Female,No,Yes,No,52,Yes,No,DSL,Yes,No,Yes,No,Yes,No,One year,Yes,Mailed check,64.3,3410.6,No,0,73,4405,,0.00043033776,0,0,Very low risk
5442-BXVND,1,United States,California,San Diego,92117,"32.825086, -117.199424",32.825086,-117.199424,Female,No,Yes,Yes,33,Yes,Yes,No,No internet service,No internet service,No internet service,No internet service,No internet service,No internet service,Month-to-month,No,Bank transfer (automatic),24.25,838.5,No,0,73,5531,,0.00042985805,0,0,Very low risk
4627-MIHJH,1,United States,California,Stockton,95210,"38.033219, -121.297433",38.033219,-121.297433,Female,Yes,No,No,69,Yes,Yes,Fiber optic,Yes,No,Yes,Yes,Yes,Yes,Two year,No,Credit card (automatic),110.25,7467.55,No,0,69,4948,,0.00042820742,0,0,Very low risk
7279-NMVJC,1,United States,California,Compton,90220,"33.88151, -118.234451",33.88151,-118.234451,Female,No,No,No,17,Yes,No,No,No internet service,No internet service,No internet service,No internet service,No internet service,No internet service,One year,No,Bank transfer (automatic),19.9,323.15,No,0,70,2093,,0.00042787447,0,0,Very low risk
4359-INNWN,1,United States,California,Dunsmuir,96025,"41.212695, -122.392067",41.212695,-122.392067,Female,No,No,No,17,Yes,No,No,No internet service,No internet service,No internet service,No internet service,No internet service,No internet service,One year,No,Credit card (automatic),20.05,337.9,No,0,70,4828,,0.00042787447,0,0,Very low risk
5014-WUQMG,1,United States,California,Hornbrook,96044,"41.962127, -122.527696",41.962127,-122.527696,Male,No,Yes,Yes,47,Yes,No,Fiber optic,Yes,Yes,Yes,No,No,Yes,One year,Yes,Electronic check,96.1,4391.45,No,0,68,5793,,0.00042670913,0,0,Very low risk
3506-OVLKD,1,United States,California,Wilmington,90744,"33.782068, -118.262263",33.782068,-118.262263,Male,No,No,No,35,Yes,Yes,No,No internet service,No internet service,No internet service,No internet service,No internet service,No internet service,One year,No,Bank transfer (automatic),26.2,954.9,No,0,80,4419,,0.00042211878,0,0,Very low risk
5808-TOTXO,1,United States,California,Oakland,94605,"37.758019, -122.138678",37.758019,-122.138678,Female,No,No,Yes,3,Yes,No,No,No internet service,No internet service,No internet service,No internet service,No internet service,No internet service,One year,Yes,Credit card (automatic),20.55,57.4,No,0,69,2774,,0.0004195101,0,0,Very low risk
2368-GAKKQ,1,United States,California,Sylmar,91342,"34.321621, -118.399841",34.321621,-118.399841,Female,No,No,No,70,Yes,Yes,Fiber optic,Yes,Yes,Yes,Yes,Yes,Yes,Two year,Yes,Bank transfer (automatic),113.65,7939.25,No,0,75,6424,,0.00041874818,0,0,Very low risk
0164-APGRB,1,United States,California,Calistoga,94515,"38.629618, -122.593216",38.629618,-122.593216,Female,No,No,No,72,Yes,Yes,Fiber optic,Yes,Yes,Yes,Yes,Yes,Yes,Two year,Yes,Electronic check,114.9,8496.7,No,0,69,4589,,0.00041720778,0,0,Very low risk
7492-TAFJD,1,United States,California,Long Beach,90803,"33.760458, -118.129725",33.760458,-118.129725,Male,No,Yes,No,7,No,No phone service,DSL,Yes,Yes,Yes,No,No,No,Two year,No,Mailed check,38.55,280.0,No,0,70,3345,,0.00041643888,0,0,Very low risk
5917-RYRMG,1,United States,California,Jolon,93928,"35.930782, -121.189757",35.930782,-121.189757,Male,Yes,No,No,32,Yes,No,No,No internet service,No internet service,No internet service,No internet service,No internet service,No internet service,One year,No,Credit card (automatic),19.8,587.7,No,0,78,3836,,0.00041534269,0,0,Very low risk
8089-UZWLX,1,United States,California,El Nido,95317,"37.127386, -120.506422",37.127386,-120.506422,Female,Yes,No,No,71,Yes,Yes,Fiber optic,No,No,Yes,No,Yes,Yes,Two year,No,Bank transfer (automatic),104.05,7413.55,No,0,70,4113,,0.00041515345,0,0,Very low risk
3985-HOYPM,1,United States,California,Washington,95986,"39.34128, -120.786867",39.34128,-120.786867,Male,No,No,No,26,Yes,No,No,No internet service,No internet service,No internet service,No internet service,No internet service,No internet service,One year,No,Mailed check,19.4,525.55,No,0,71,4602,,0.00040546534,0,0,Very low risk
4304-TSPVK,1,United States,California,Tupman,93276,"35.316263, -119.402559",35.316263,-119.402559,Female,No,Yes,No,68,Yes,Yes,Fiber optic,Yes,Yes,Yes,Yes,Yes,Yes,Two year,No,Bank transfer (automatic),114.9,7843.55,No,0,77,5782,,0.00040332158,0,0,Very low risk
3324-OIRTO,1,United States,California,Glennville,93226,"35.735694, -118.738483",35.735694,-118.738483,Male,No,Yes,Yes,71,Yes,No,Fiber optic,Yes,Yes,Yes,No,Yes,Yes,One year,Yes,Bank transfer (automatic),104.65,7288.4,No,0,74,6101,,0.0004019651,0,0,Very low risk
8433-WPJTV,1,United States,California,French Camp,95231,"37.873283, -121.292034",37.873283,-121.292034,Female,Yes,Yes,Yes,65,Yes,Yes,Fiber optic,No,No,Yes,Yes,Yes,Yes,One year,Yes,Bank transfer (automatic),103.9,6767.1,No,0,75,5669,,0.0004019651,0,0,Very low risk
3766-EJLFL,1,United States,California,Mill Creek,96061,"40.331975, -121.460674",40.331975,-121.460674,Female,No,Yes,Yes,68,Yes,Yes,Fiber optic,Yes,No,Yes,Yes,Yes,Yes,Two year,Yes,Bank transfer (automatic),109.05,7508.55,No,0,80,6391,,0.00040097692,0,0,Very low risk
4530-NDRKU,1,United States,California,Auburn,95603,"38.912881, -121.082766",38.912881,-121.082766,Female,No,Yes,Yes,42,Yes,No,No,No internet service,No internet service,No internet service,No internet service,No internet service,No internet service,One year,Yes,Electronic check,19.05,761.85,No,0,80,5091,,0.00040066973,0,0,Very low risk
6823-SIDFQ,1,United States,California,Parker Dam,92267,"34.273872, -114.192901",34.273872,-114.192901,Male,No,No,No,28,Yes,No,No,No internet service,No internet service,No internet service,No internet service,No internet service,No internet service,One year,No,Credit card (automatic),18.25,534.7,No,0,67,5327,,0.00039990386,0,0,Very low risk
2812-REYAT,1,United States,California,Chilcoot,96105,"39.872961, -120.198876",39.872961,-120.198876,Female,No,Yes,No,49,Yes,No,No,No internet service,No internet service,No internet service,No internet service,No internet service,No internet service,One year,Yes,Bank transfer (automatic),20.05,923.1,No,0,72,5579,,0.00039135118,0,0,Very low risk
5313-FPXWG,1,United States,California,Three Rivers,93271,"36.413433, -118.854708",36.413433,-118.854708,Male,No,No,No,51,Yes,Yes,No,No internet service,No internet service,No internet service,No internet service,No internet service,No internet service,One year,Yes,Bank transfer (automatic),24.6,1266.4,No,0,75,4886,,0.00038883803,0,0,Very low risk
3115-CZMZD,1,United States,California,Independence,93526,"36.869584, -118.189241",36.869584,-118.189241,Male,No,No,No,0,Yes,No,No,No internet service,No internet service,No internet service,No internet service,No internet service,No internet service,Two year,No,Mailed check,20.25,0.0,No,0,68,5504,,0.0003868843,0,0,Very low risk
5170-PTRKA,1,United States,California,Atherton,94027,"37.454924, -122.203168",37.454924,-122.203168,Female,No,Yes,No,49,No,No phone service,DSL,Yes,No,No,Yes,No,No,One year,Yes,Credit card (automatic),35.8,1782.0,No,0,69,4865,,0.00038552057,0,0,Very low risk
5702-KVQRD,1,United States,California,Topaz,96133,"38.636052, -119.489162",38.636052,-119.489162,Male,No,Yes,No,71,Yes,No,DSL,Yes,No,Yes,Yes,Yes,Yes,Two year,Yes,Electronic check,82.55,5832.65,No,0,68,4668,,0.00037989885,0,0,Very low risk
9351-HXDMR,1,United States,California,Lytle Creek,92358,"34.238162, -117.534306",34.238162,-117.534306,Male,No,Yes,No,72,Yes,Yes,Fiber optic,Yes,No,Yes,Yes,Yes,Yes,Two year,Yes,Credit card (automatic),110.9,8240.85,No,0,67,4938,,0.00037888615,0,0,Very low risk
6953-PBDIN,1,United States,California,Fort Bidwell,96112,"41.932207, -120.135941",41.932207,-120.135941,Male,No,Yes,No,70,Yes,Yes,DSL,No,Yes,Yes,Yes,Yes,No,Two year,No,Bank transfer (automatic),72.95,5265.55,No,0,70,6466,,0.0003761133,0,0,Very low risk
8015-IHCGW,1,United States,California,Garden Grove,92844,"33.766476, -117.969795",33.766476,-117.969795,Female,No,Yes,Yes,72,Yes,Yes,Fiber optic,Yes,Yes,Yes,Yes,Yes,Yes,Two year,Yes,Electronic check,115.5,8425.15,No,0,65,4017,,0.0003725409,0,0,Very low risk
2877-VDUER,1,United States,California,Camp Nelson,93208,"36.057458, -118.591951",36.057458,-118.591951,Female,No,Yes,Yes,35,No,No phone service,DSL,No,No,No,Yes,Yes,No,One year,No,Mailed check,40.9,1383.6,No,0,78,5691,,0.0003661528,0,0,Very low risk
6726-NNFWD,1,United States,California,Murrieta,92562,"33.548869, -117.334165",33.548869,-117.334165,Female,Yes,Yes,No,71,Yes,No,Fiber optic,No,Yes,Yes,No,No,Yes,Two year,No,Credit card (automatic),89.45,6435.25,No,0,72,6004,,0.0003657017,0,0,Very low risk
3396-DKDEL,1,United States,California,King City,93930,"36.220761, -120.980777",36.220761,-120.980777,Female,No,Yes,Yes,70,Yes,Yes,Fiber optic,Yes,Yes,Yes,Yes,Yes,Yes,Two year,Yes,Credit card (automatic),115.15,8250.0,No,0,80,4388,,0.00035767903,0,0,Very low risk
8591-TKMZH,1,United States,California,Claremont,91711,"34.127621, -117.717863",34.127621,-117.717863,Male,No,Yes,Yes,59,Yes,Yes,Fiber optic,Yes,Yes,No,Yes,Yes,Yes,Two year,Yes,Mailed check,111.1,6555.2,No,0,76,4952,,0.00034622045,0,0,Very low risk
4419-UJMUS,1,United States,California,Wildomar,92595,"33.617108, -117.253349",33.617108,-117.253349,Male,No,Yes,Yes,69,Yes,Yes,Fiber optic,No,No,No,Yes,Yes,Yes,Two year,Yes,Electronic check,99.35,6856.45,No,0,73,4637,,0.00034426374,0,0,Very low risk
3812-LRZIR,1,United States,California,Desert Hot Springs,92240,"33.948558, -116.516976",33.948558,-116.516976,Female,No,Yes,Yes,27,Yes,Yes,No,No internet service,No internet service,No internet service,No internet service,No internet service,No internet service,Two year,No,Electronic check,24.5,761.95,No,0,67,2645,,0.0003417523,0,0,Very low risk
0661-KBKPA,1,United States,California,Seaside,93955,"36.625114, -121.823565",36.625114,-121.823565,Male,No,Yes,Yes,53,Yes,Yes,DSL,No,No,Yes,Yes,Yes,Yes,One year,Yes,Mailed check,78.75,3942.45,No,0,73,5052,,0.00033937246,0,0,Very low risk
8701-DGLVH,1,United States,California,Elk Grove,95624,"38.434138, -121.30587",38.434138,-121.30587,Male,No,No,No,51,Yes,No,No,No internet service,No internet service,No internet service,No internet service,No internet service,No internet service,Two year,No,Mailed check,20.45,1042.65,No,0,65,6097,,0.00033781337,0,0,Very low risk
1741-WTPON,1,United States,California,Westport,95488,"39.724433, -123.767578",39.724433,-123.767578,Male,No,Yes,Yes,56,Yes,Yes,Fiber optic,Yes,Yes,Yes,Yes,Yes,Yes,Two year,No,Mailed check,115.85,6567.9,No,0,75,4937,,0.00033701432,0,0,Very low risk
5204-HMGYF,1,United States,California,La Crescenta,91214,"34.239636, -118.245259",34.239636,-118.245259,Female,No,Yes,Yes,49,Yes,No,DSL,Yes,Yes,Yes,Yes,Yes,Yes,One year,Yes,Mailed check,87.2,4345.0,No,0,68,4567,,0.00033558646,0,0,Very low risk
4012-YCFAI,1,United States,California,Riverside,92508,"33.885499, -117.324959",33.885499,-117.324959,Male,No,Yes,No,60,Yes,No,DSL,Yes,Yes,No,Yes,No,No,Two year,Yes,Mailed check,61.35,3766.2,No,0,79,6174,,0.00032562175,0,0,Very low risk
4227-OJHAL,1,United States,California,El Centro,92243,"32.770393, -115.60915",32.770393,-115.60915,Female,No,Yes,Yes,68,Yes,Yes,DSL,Yes,Yes,Yes,No,Yes,No,One year,Yes,Credit card (automatic),73.0,5163.0,No,0,67,4156,,0.0003246642,0,0,Very low risk
9220-ZNKJI,1,United States,California,Cobb,95426,"38.838088, -122.73203",38.838088,-122.73203,Female,Yes,Yes,No,55,Yes,No,Fiber optic,No,No,Yes,Yes,Yes,No,Two year,No,Credit card (automatic),88.8,4805.3,No,0,73,4291,,0.00032387278,0,0,Very low risk
3508-VLHCZ,1,United States,California,Lakewood,90715,"33.841027, -118.078097",33.841027,-118.078097,Female,No,Yes,Yes,71,Yes,Yes,DSL,Yes,Yes,Yes,Yes,Yes,Yes,Two year,Yes,Credit card (automatic),90.55,6239.05,No,0,66,6009,,0.0003232688,0,0,Very low risk
0420-TXVSG,1,United States,California,San Jose,95112,"37.343827, -121.883119",37.343827,-121.883119,Male,No,Yes,No,66,Yes,Yes,DSL,Yes,Yes,Yes,No,No,No,Two year,Yes,Credit card (automatic),66.1,4428.45,No,0,73,5933,,0.00032067776,0,0,Very low risk
3717-FDJFU,1,United States,California,Montgomery Creek,96065,"40.877552, -121.885884",40.877552,-121.885884,Male,No,No,Yes,5,Yes,No,No,No internet service,No internet service,No internet service,No internet service,No internet service,No internet service,Two year,No,Mailed check,20.45,106.9,No,0,75,3353,,0.00031926326,0,0,Very low risk
8207-VVMYB,1,United States,California,Clayton,94517,"37.881842, -121.848111",37.881842,-121.848111,Female,No,Yes,No,70,Yes,Yes,No,No internet service,No internet service,No internet service,No internet service,No internet service,No internet service,Two year,Yes,Bank transfer (automatic),26.0,2006.95,No,0,76,6170,,0.00031377614,0,0,Very low risk
6248-BSHKG,1,United States,California,Soledad,93960,"36.414216, -121.360597",36.414216,-121.360597,Male,No,Yes,Yes,61,Yes,No,No,No internet service,No internet service,No internet service,No internet service,No internet service,No internet service,One year,No,Mailed check,20.4,1226.45,No,0,77,5897,,0.00030879286,0,0,Very low risk
1494-EJZDW,1,United States,California,Nice,95464,"39.12334, -122.838198",39.12334,-122.838198,Female,No,Yes,Yes,10,Yes,No,No,No internet service,No internet service,No internet service,No internet service,No internet service,No internet service,Two year,No,Mailed check,20.15,220.8,No,0,74,2836,,0.00030680242,0,0,Very low risk
5774-QPLTF,1,United States,California,El Nido,95317,"37.127386, -120.506422",37.127386,-120.506422,Male,No,Yes,Yes,50,Yes,No,No,No internet service,No internet service,No internet service,No internet service,No internet service,No internet service,One year,Yes,Mailed check,20.35,938.95,No,0,71,6391,,0.00030624893,0,0,Very low risk
4955-VCWBI,1,United States,California,Markleeville,96120,"38.735789, -119.85798",38.735789,-119.85798,Female,No,Yes,Yes,43,Yes,No,No,No internet service,No internet service,No internet service,No internet service,No internet service,No internet service,One year,No,Mailed check,20.0,817.95,No,0,76,4882,,0.0003039571,0,0,Very low risk
7216-KAOID,1,United States,California,Santa Rosa,95401,"38.460517, -122.790335",38.460517,-122.790335,Male,No,Yes,Yes,41,Yes,No,No,No internet service,No internet service,No internet service,No internet service,No internet service,No internet service,One year,No,Bank transfer (automatic),19.5,798.2,No,0,72,2446,,0.0003039571,0,0,Very low risk
3200-MNQTF,1,United States,California,Raisin City,93652,"36.594542, -119.905245",36.594542,-119.905245,Male,No,Yes,No,67,Yes,Yes,DSL,Yes,Yes,Yes,Yes,No,No,Two year,No,Credit card (automatic),70.9,4677.1,No,0,80,4361,,0.00030276176,0,0,Very low risk
5057-RKGLH,1,United States,California,Daggett,92327,"34.875144, -116.821698",34.875144,-116.821698,Female,No,Yes,Yes,9,Yes,No,No,No internet service,No internet service,No internet service,No internet service,No internet service,No internet service,Two year,No,Mailed check,20.35,191.1,No,0,70,5352,,0.000299461,0,0,Very low risk
9906-NHHVC,1,United States,California,Macdoel,96058,"41.769709, -121.92063",41.769709,-121.92063,Female,Yes,No,No,65,No,No phone service,DSL,No,Yes,Yes,No,Yes,Yes,Two year,Yes,Bank transfer (automatic),53.5,3517.9,No,0,76,5693,,0.00029921328,0,0,Very low risk
1271-UODNO,1,United States,California,San Jose,95118,"37.255479, -121.889838",37.255479,-121.889838,Male,No,No,No,39,Yes,Yes,DSL,No,No,No,Yes,No,No,Two year,Yes,Credit card (automatic),53.85,2200.7,No,0,79,2380,,0.00029783946,0,0,Very low risk
9648-BCHKM,1,United States,California,Palmdale,93550,"34.536232, -118.082935",34.536232,-118.082935,Female,No,Yes,Yes,18,Yes,Yes,No,No internet service,No internet service,No internet service,No internet service,No internet service,No internet service,Two year,Yes,Credit card (automatic),24.65,471.35,No,0,78,5231,,0.00029542376,0,0,Very low risk
2346-LOCWC,1,United States,California,Arbuckle,95912,"38.982373, -122.047751",38.982373,-122.047751,Female,No,Yes,Yes,58,Yes,No,No,No internet service,No internet service,No internet service,No internet service,No internet service,No internet service,Two year,No,Credit card (automatic),20.5,1191.4,No,0,72,6186,,0.0002942645,0,0,Very low risk
2990-IAJSV,1,United States,California,San Francisco,94110,"37.750021, -122.415201",37.750021,-122.415201,Male,No,No,No,72,Yes,Yes,DSL,Yes,Yes,Yes,Yes,Yes,Yes,Two year,No,Bank transfer (automatic),92.0,6632.75,No,0,68,4200,,0.0002935726,0,0,Very low risk
7641-TQFHN,1,United States,California,Fresno,93704,"36.799648, -119.801247",36.799648,-119.801247,Male,No,No,Yes,39,Yes,Yes,Fiber optic,No,No,No,Yes,Yes,Yes,Two year,No,Mailed check,100.55,3895.35,No,0,71,3124,,0.00029329062,0,0,Very low risk
5893-PYOLZ,1,United States,California,San Leandro,94578,"37.704384, -122.126703",37.704384,-122.126703,Male,No,No,No,56,Yes,No,DSL,No,Yes,Yes,Yes,Yes,Yes,Two year,Yes,Credit card (automatic),81.8,4534.45,No,0,75,4399,,0.00029310558,0,0,Very low risk
0909-SELIE,1,United States,California,Clearlake Oaks,95423,"39.07116, -122.598542",39.07116,-122.598542,Male,No,Yes,No,61,Yes,Yes,DSL,Yes,Yes,Yes,Yes,No,Yes,Two year,Yes,Bank transfer (automatic),80.8,4860.85,No,0,72,4302,,0.00029310558,0,0,Very low risk
0559-CKHUS,1,United States,California,Pleasanton,94588,"37.685052, -121.912061",37.685052,-121.912061,Female,No,Yes,No,29,Yes,No,No,No internet service,No internet service,No internet service,No internet service,No internet service,No internet service,Two year,Yes,Mailed check,19.55,521.8,No,0,77,5758,,0.00028767574,0,0,Very low risk
7408-OFWXJ,1,United States,California,Fresno,93728,"36.757345, -119.818274",36.757345,-119.818274,Female,No,Yes,No,72,Yes,Yes,DSL,Yes,Yes,Yes,Yes,Yes,Yes,Two year,No,Credit card (automatic),89.8,6510.45,No,0,66,5762,,0.00028715946,0,0,Very low risk
3910-MRQOY,1,United States,California,Orick,95555,"41.336354, -124.044354",41.336354,-124.044354,Female,No,Yes,No,72,Yes,No,No,No internet service,No internet service,No internet service,No internet service,No internet service,No internet service,Two year,No,Bank transfer (automatic),19.4,1496.45,No,0,79,5398,,0.00028332826,0,0,Very low risk
6374-AFWOX,1,United States,California,Long Beach,90815,"33.797638, -118.11662",33.797638,-118.11662,Male,No,Yes,No,46,Yes,No,DSL,Yes,Yes,Yes,Yes,No,No,Two year,No,Mailed check,65.65,3047.15,No,0,79,2680,,0.00028332826,0,0,Very low risk
1023-BQXZE,1,United States,California,Stockton,95203,"37.954089, -121.329761",37.954089,-121.329761,Male,No,No,No,57,Yes,No,DSL,Yes,No,Yes,No,Yes,Yes,Two year,Yes,Bank transfer (automatic),74.35,4317.35,No,0,71,5548,,0.0002823965,0,0,Very low risk
8590-YFFQO,1,United States,California,Morgan Hill,95037,"37.161544, -121.649371",37.161544,-121.649371,Male,No,Yes,No,70,Yes,No,DSL,Yes,Yes,Yes,Yes,No,No,Two year,No,Credit card (automatic),64.95,4523.25,No,0,78,5669,,0.00027677734,0,0,Very low risk
8347-GDTMP,1,United States,California,Ripon,95366,"37.750778, -121.13238",37.750778,-121.13238,Female,No,Yes,No,64,Yes,No,No,No internet service,No internet service,No internet service,No internet service,No internet service,No internet service,Two year,No,Credit card (automatic),19.45,1225.65,No,0,78,5113,,0.00027677734,0,0,Very low risk
0513-RBGPE,1,United States,California,Rancho Santa Fe,92091,"32.99356, -117.207121",32.99356,-117.207121,Male,No,Yes,No,37,Yes,Yes,DSL,Yes,No,Yes,Yes,No,No,Two year,Yes,Credit card (automatic),62.8,2278.75,No,0,66,5229,,0.000274017,0,0,Very low risk
5803-NQJZO,1,United States,California,Bakersfield,93305,"35.391733, -118.984109",35.391733,-118.984109,Male,No,Yes,No,72,Yes,Yes,DSL,Yes,Yes,Yes,Yes,No,No,Two year,Yes,Bank transfer (automatic),67.8,4804.65,No,0,74,5242,,0.00027302108,0,0,Very low risk
5334-AFQJB,1,United States,California,Simi Valley,93065,"34.269449, -118.768471",34.269449,-118.768471,Male,Yes,No,No,72,Yes,Yes,No,No internet service,No internet service,No internet service,No internet service,No internet service,No internet service,Two year,Yes,Credit card (automatic),25.1,1789.9,No,0,74,5751,,0.00027302108,0,0,Very low risk
6164-HAQTX,1,United States,California,Boonville,95415,"39.025867, -123.381544",39.025867,-123.381544,Male,No,No,No,71,No,No phone service,DSL,Yes,Yes,Yes,Yes,Yes,No,Two year,No,Bank transfer (automatic),53.95,3888.65,No,0,76,4094,,0.00027302108,0,0,Very low risk
7167-PCEYD,1,United States,California,Ridgecrest,93555,"35.603913, -117.67828",35.603913,-117.67828,Male,No,No,No,67,Yes,No,No,No internet service,No internet service,No internet service,No internet service,No internet service,No internet service,Two year,Yes,Mailed check,19.8,1311.3,No,0,75,4260,,0.00027302108,0,0,Very low risk
6119-SPUDB,1,United States,California,Woodland,95695,"38.71967, -121.862416",38.71967,-121.862416,Male,No,No,No,46,No,No phone service,DSL,Yes,No,Yes,Yes,No,No,Two year,No,Mailed check,38.25,1755.35,No,0,73,2653,,0.00027302108,0,0,Very low risk
2984-RGEYA,1,United States,California,Winnetka,91306,"34.209532, -118.577563",34.209532,-118.577563,Female,No,Yes,No,69,Yes,No,No,No internet service,No internet service,No internet service,No internet service,No internet service,No internet service,Two year,No,Bank transfer (automatic),19.75,1375.4,No,0,72,5325,,0.00027302108,0,0,Very low risk
9950-MTGYX,1,United States,California,San Jose,95139,"37.218705, -121.762429",37.218705,-121.762429,Male,No,Yes,Yes,28,Yes,No,No,No internet service,No internet service,No internet service,No internet service,No internet service,No internet service,Two year,Yes,Credit card (automatic),20.3,487.95,No,0,73,2948,,0.00027283063,0,0,Very low risk
1047-RNXZV,1,United States,California,Glendale,91208,"34.195386, -118.238508",34.195386,-118.238508,Male,No,No,No,43,Yes,No,No,No internet service,No internet service,No internet service,No internet service,No internet service,No internet service,Two year,No,Mailed check,19.55,876.15,No,0,67,4871,,0.0002695146,0,0,Very low risk
9135-HSWOC,1,United States,California,Fremont,94555,"37.555473, -122.080312",37.555473,-122.080312,Male,No,Yes,Yes,64,Yes,No,No,No internet service,No internet service,No internet service,No internet service,No internet service,No internet service,Two year,Yes,Bank transfer (automatic),19.7,1274.05,No,0,79,5431,,0.00026870717,0,0,Very low risk
9114-DPSIA,1,United States,California,Stockton,95205,"37.965695, -121.260051",37.965695,-121.260051,Male,No,Yes,Yes,72,Yes,Yes,DSL,Yes,Yes,Yes,Yes,No,Yes,Two year,No,Credit card (automatic),81.0,5750.0,No,0,77,4237,,0.00026854378,0,0,Very low risk
6292-TOSSS,1,United States,California,Mt Baldy,91759,"34.231318, -117.662032",34.231318,-117.662032,Male,No,No,No,50,Yes,Yes,No,No internet service,No internet service,No internet service,No internet service,No internet service,No internet service,Two year,No,Bank transfer (automatic),24.9,1195.25,No,0,68,4297,,0.0002682101,0,0,Very low risk
4698-KVLLG,1,United States,California,San Quentin,94964,"37.942551, -122.491642",37.942551,-122.491642,Female,Yes,No,No,51,Yes,No,No,No internet service,No internet service,No internet service,No internet service,No internet service,No internet service,Two year,No,Credit card (automatic),19.6,967.9,No,0,68,4224,,0.0002682101,0,0,Very low risk
9588-YRFHY,1,United States,California,Santee,92071,"32.847336, -116.997605",32.847336,-116.997605,Male,No,No,No,49,Yes,No,No,No internet service,No internet service,No internet service,No internet service,No internet service,No internet service,Two year,Yes,Credit card (automatic),19.9,1022.6,No,0,71,5240,,0.0002682101,0,0,Very low risk
8727-XDPUD,1,United States,California,Sacramento,95829,"38.486502, -121.334051",38.486502,-121.334051,Male,No,No,No,37,No,No phone service,DSL,No,No,No,No,Yes,No,Two year,No,Credit card (automatic),35.8,1316.9,No,0,68,5658,,0.00026778365,0,0,Very low risk
8619-IJNDK,1,United States,California,Santa Ana,92703,"33.748635, -117.906125",33.748635,-117.906125,Female,No,Yes,No,71,Yes,No,DSL,Yes,Yes,Yes,Yes,No,No,Two year,No,Credit card (automatic),64.05,4492.9,No,0,71,4374,,0.00026648754,0,0,Very low risk
6681-ZSEXG,1,United States,California,Rancho Cordova,95742,"38.591134, -121.161585",38.591134,-121.161585,Male,No,Yes,No,56,Yes,Yes,DSL,No,Yes,Yes,No,No,No,Two year,No,Credit card (automatic),59.5,3389.25,No,0,71,5477,,0.00026648754,0,0,Very low risk
6370-ZVHDV,1,United States,California,Buellton,93427,"34.631362, -120.238218",34.631362,-120.238218,Female,No,Yes,No,61,Yes,Yes,No,No internet service,No internet service,No internet service,No internet service,No internet service,No internet service,Two year,No,Bank transfer (automatic),25.3,1554.9,No,0,71,4501,,0.00026648754,0,0,Very low risk
2169-RRLFW,1,United States,California,Capay,95607,"38.681651, -122.130569",38.681651,-122.130569,Female,No,Yes,No,71,Yes,Yes,No,No internet service,No internet service,No internet service,No internet service,No internet service,No internet service,Two year,No,Credit card (automatic),25.6,1888.25,No,0,68,5063,,0.00026648754,0,0,Very low risk
6134-KWTBV,1,United States,California,Covina,91724,"34.08111, -117.853935",34.08111,-117.853935,Male,No,No,No,62,Yes,Yes,No,No internet service,No internet service,No internet service,No internet service,No internet service,No internet service,Two year,No,Bank transfer (automatic),23.4,1429.65,No,0,67,5822,,0.00026648754,0,0,Very low risk
0625-AFOHS,1,United States,California,Ferndale,95536,"40.4785, -124.301372",40.4785,-124.301372,Female,No,Yes,Yes,29,Yes,No,No,No internet service,No internet service,No internet service,No internet service,No internet service,No internet service,Two year,No,Mailed check,20.2,558.8,No,0,69,2784,,0.00026630188,0,0,Very low risk
9755-JHNMN,1,United States,California,Bakersfield,93304,"35.339796, -119.023552",35.339796,-119.023552,Female,No,No,No,49,Yes,No,DSL,Yes,Yes,Yes,Yes,No,No,Two year,No,Bank transfer (automatic),67.4,3306.85,No,0,66,5075,,0.0002606659,0,0,Very low risk
7157-SMCFK,1,United States,California,Valencia,91355,"34.43987, -118.644609",34.43987,-118.644609,Male,No,No,Yes,61,Yes,No,No,No internet service,No internet service,No internet service,No internet service,No internet service,No internet service,Two year,No,Mailed check,19.75,1124.2,No,0,76,5411,,0.00026060577,0,0,Very low risk
5181-OABFK,1,United States,California,Rescue,95672,"38.724322, -120.991237",38.724322,-120.991237,Female,No,Yes,Yes,56,Yes,No,DSL,Yes,Yes,Yes,No,No,No,Two year,Yes,Credit card (automatic),61.3,3346.8,No,0,72,4173,,0.000258932,0,0,Very low risk
0463-TXOAK,1,United States,California,Madison,95653,"38.674276, -121.961866",38.674276,-121.961866,Male,No,No,Yes,52,Yes,Yes,No,No internet service,No internet service,No internet service,No internet service,No internet service,No internet service,Two year,No,Credit card (automatic),25.6,1334.5,No,0,76,5662,,0.000258932,0,0,Very low risk
0794-YVSGE,1,United States,California,Pasadena,91101,"34.146635, -118.139225",34.146635,-118.139225,Male,No,Yes,Yes,72,Yes,No,No,No internet service,No internet service,No internet service,No internet service,No internet service,No internet service,Two year,No,Bank transfer (automatic),20.3,1401.15,No,0,76,5265,,0.000258932,0,0,Very low risk
2230-XTUWL,1,United States,California,Madera,93637,"36.902954, -120.194274",36.902954,-120.194274,Female,No,Yes,Yes,48,Yes,No,No,No internet service,No internet service,No internet service,No internet service,No internet service,No internet service,Two year,No,Mailed check,19.55,883.35,No,0,68,5461,,0.00025436922,0,0,Very low risk
1574-DYCWE,1,United States,California,Mendota,93640,"36.687292, -120.437354",36.687292,-120.437354,Female,No,Yes,Yes,51,Yes,No,No,No internet service,No internet service,No internet service,No internet service,No internet service,No internet service,Two year,No,Mailed check,19.95,1028.75,No,0,69,4057,,0.00025436922,0,0,Very low risk
8292-ITGYJ,1,United States,California,Campo Seco,95226,"38.233879, -120.861666",38.233879,-120.861666,Female,No,Yes,Yes,45,Yes,Yes,No,No internet service,No internet service,No internet service,No internet service,No internet service,No internet service,Two year,Yes,Bank transfer (automatic),24.65,1138.8,No,0,67,3043,,0.00025436922,0,0,Very low risk
1166-PQLGG,1,United States,California,Redwood City,94065,"37.527497, -122.230941",37.527497,-122.230941,Female,No,Yes,Yes,72,Yes,No,No,No internet service,No internet service,No internet service,No internet service,No internet service,No internet service,Two year,No,Bank transfer (automatic),19.55,1463.45,No,0,68,4424,,0.00025273554,0,0,Very low risk
0174-QRVVY,1,United States,California,San Marcos,92078,"33.119028, -117.166036",33.119028,-117.166036,Male,No,Yes,Yes,71,Yes,Yes,No,No internet service,No internet service,No internet service,No internet service,No internet service,No internet service,Two year,No,Credit card (automatic),25.35,1847.55,No,0,68,5747,,0.00025273554,0,0,Very low risk
8165-ZJRNM,1,United States,California,Pittsburg,94565,"38.006047, -121.916834",38.006047,-121.916834,Female,No,Yes,Yes,72,Yes,Yes,No,No internet service,No internet service,No internet service,No internet service,No internet service,No internet service,Two year,No,Bank transfer (automatic),23.75,1679.25,No,0,67,4923,,0.00025273554,0,0,Very low risk
5845-BZZIB,1,United States,California,Frazier Park,93222,"34.907911, -119.234281",34.907911,-119.234281,Male,No,Yes,Yes,35,Yes,No,No,No internet service,No internet service,No internet service,No internet service,No internet service,No internet service,Two year,No,Mailed check,20.1,655.3,No,0,65,4517,,0.00025198725,0,0,Very low risk
4779-ZGICK,1,United States,California,Los Angeles,90057,"34.061918, -118.277939",34.061918,-118.277939,Male,No,Yes,Yes,48,Yes,Yes,No,No internet service,No internet service,No internet service,No internet service,No internet service,No internet service,Two year,No,Mailed check,23.55,1173.35,No,0,66,5019,,0.00024881228,0,0,Very low risk
5606-AMZBO,1,United States,California,Rosamond,93560,"34.903052, -118.411251",34.903052,-118.411251,Female,No,Yes,No,10,Yes,Yes,Fiber optic,Yes,No,No,No,No,No,Month-to-month,Yes,Credit card (automatic),78.15,765.15,No,0,26,3403,,0.00024263086,0,0,Very low risk
4983-CCWMC,1,United States,California,Creston,93432,"35.480896, -120.469476",35.480896,-120.469476,Male,No,No,No,3,Yes,No,Fiber optic,No,No,No,No,No,No,Month-to-month,Yes,Mailed check,69.6,207.4,No,0,39,5487,,0.00024263086,0,0,Very low risk
7952-OBOYL,1,United States,California,Upland,91786,"34.105493, -117.660934",34.105493,-117.660934,Male,No,No,No,3,Yes,No,Fiber optic,No,No,Yes,Yes,Yes,No,Month-to-month,Yes,Mailed check,89.85,244.45,No,0,53,4096,,0.00024263086,0,0,Very low risk
8541-QVFKM,1,United States,California,Long Beach,90807,"33.830099, -118.182239",33.830099,-118.182239,Female,No,No,No,8,Yes,Yes,Fiber optic,No,No,No,No,No,No,Month-to-month,Yes,Electronic check,73.5,632.2,No,0,61,5777,,0.00024263086,0,0,Very low risk
1628-BIZYP,1,United States,California,Brentwood,94513,"37.908242, -121.682472",37.908242,-121.682472,Male,No,No,No,1,Yes,No,Fiber optic,No,Yes,No,No,No,Yes,Month-to-month,Yes,Electronic check,85.0,85.0,No,0,46,5754,,0.00024263086,0,0,Very low risk
8622-ZLFKO,1,United States,California,Fresno,93710,"36.822715, -119.761826",36.822715,-119.761826,Female,No,Yes,No,6,Yes,Yes,Fiber optic,No,Yes,No,No,No,Yes,Month-to-month,Yes,Electronic check,90.75,512.25,No,0,54,4297,,0.00024263086,0,0,Very low risk
9334-GWGOW,1,United States,California,Mc Kittrick,93251,"35.38381, -119.730885",35.38381,-119.730885,Male,Yes,Yes,No,7,Yes,Yes,Fiber optic,No,No,No,No,No,No,Month-to-month,Yes,Electronic check,74.85,485.25,No,0,44,2259,,0.00024263086,0,0,Very low risk
5542-TBBWB,1,United States,California,Lakeport,95453,"39.080469, -122.955176",39.080469,-122.955176,Male,No,No,No,1,Yes,No,Fiber optic,No,No,No,No,No,No,Month-to-month,Yes,Electronic check,69.9,69.9,No,0,26,3358,,0.00024263086,0,0,Very low risk
9717-QEBGU,1,United States,California,Leggett,95585,"39.873371, -123.741474",39.873371,-123.741474,Male,No,No,No,2,Yes,No,Fiber optic,No,No,No,No,No,No,Month-to-month,Yes,Electronic check,70.3,144.0,No,0,37,2980,,0.00024263086,0,0,Very low risk
2077-MPJQO,1,United States,California,Menlo Park,94025,"37.449551, -122.183762",37.449551,-122.183762,Male,Yes,Yes,No,7,Yes,Yes,Fiber optic,No,No,No,No,No,No,Month-to-month,Yes,Electronic check,75.4,533.05,No,0,41,3533,,0.00024263086,0,0,Very low risk
8739-XNIKG,1,United States,California,Bakersfield,93301,"35.383937, -119.020428",35.383937,-119.020428,Female,No,No,No,5,Yes,Yes,Fiber optic,No,No,No,No,Yes,No,Month-to-month,Yes,Electronic check,84.0,424.75,No,0,54,4456,,0.00024263086,0,0,Very low risk
4115-NZRKS,1,United States,California,San Diego,92102,"32.716007, -117.117462",32.716007,-117.117462,Female,Yes,No,No,7,Yes,No,Fiber optic,No,No,No,No,Yes,Yes,Month-to-month,Yes,Electronic check,89.15,574.35,No,0,25,2415,,0.00024263086,0,0,Very low risk
6630-UJZMY,1,United States,California,Palo Alto,94306,"37.416159, -122.131337",37.416159,-122.131337,Female,Yes,Yes,No,4,Yes,Yes,Fiber optic,No,No,No,No,Yes,No,Month-to-month,Yes,Electronic check,83.25,308.05,No,0,37,5251,,0.00024263086,0,0,Very low risk
9741-YLNTD,1,United States,California,Greenfield,93927,"36.248708, -121.386617",36.248708,-121.386617,Male,No,No,No,6,Yes,Yes,Fiber optic,No,No,No,Yes,No,Yes,Month-to-month,Yes,Bank transfer (automatic),87.95,522.35,No,0,47,2684,,0.00024263086,0,0,Very low risk
6969-MVBAI,1,United States,California,Davis Creek,96108,"41.750354, -120.403885",41.750354,-120.403885,Female,Yes,No,No,9,Yes,Yes,Fiber optic,No,No,Yes,No,Yes,No,Month-to-month,Yes,Electronic check,90.1,816.8,No,0,48,2893,,0.00024263086,0,0,Very low risk
3030-YDNRM,1,United States,California,Pasadena,91107,"34.159007, -118.087353",34.159007,-118.087353,Male,No,No,No,8,Yes,Yes,Fiber optic,No,No,No,No,No,No,Month-to-month,Yes,Electronic check,74.85,572.45,No,0,40,5514,,0.00024263086,0,0,Very low risk
2254-DLXRI,1,United States,California,Burbank,91504,"34.213049, -118.317651",34.213049,-118.317651,Female,No,No,No,1,Yes,Yes,Fiber optic,No,Yes,No,No,No,No,Month-to-month,Yes,Mailed check,79.15,79.15,No,0,57,2742,,0.00024263086,0,0,Very low risk
1016-DJTSV,1,United States,California,Santee,92071,"32.847336, -116.997605",32.847336,-116.997605,Male,Yes,No,No,8,Yes,No,Fiber optic,No,No,No,No,No,No,Month-to-month,Yes,Electronic check,69.7,572.85,No,0,20,5242,,0.00024263086,0,0,Very low risk
6077-BDPXA,1,United States,California,Merced,95340,"37.255637, -120.493537",37.255637,-120.493537,Female,No,No,No,3,Yes,No,Fiber optic,No,No,No,No,No,No,Month-to-month,Yes,Electronic check,70.15,194.2,No,0,26,2228,,0.00024263086,0,0,Very low risk
8161-QYMTT,1,United States,California,Santa Maria,93454,"34.943523, -120.256729",34.943523,-120.256729,Male,No,No,No,7,Yes,Yes,Fiber optic,No,No,No,No,Yes,Yes,Month-to-month,Yes,Electronic check,94.1,701.3,No,0,22,5259,,0.00024263086,0,0,Very low risk
5760-FXFVO,1,United States,California,Pleasant Grove,95668,"38.833554, -121.498102",38.833554,-121.498102,Male,No,No,No,6,Yes,No,Fiber optic,Yes,Yes,No,No,No,No,Month-to-month,Yes,Electronic check,78.95,494.95,No,0,35,4093,,0.00024263086,0,0,Very low risk
7363-QTBIW,1,United States,California,Scotts Valley,95066,"37.070177, -122.010077",37.070177,-122.010077,Female,No,Yes,No,9,Yes,No,Fiber optic,No,No,No,No,No,Yes,Month-to-month,Yes,Electronic check,79.75,769.1,No,0,62,4654,,0.00024263086,0,0,Very low risk
8266-VBFQL,1,United States,California,Jamul,91935,"32.695681, -116.798386",32.695681,-116.798386,Male,No,No,No,4,Yes,No,Fiber optic,No,No,Yes,Yes,No,Yes,Month-to-month,Yes,Electronic check,90.4,356.65,No,0,35,3314,,0.00024263086,0,0,Very low risk
2325-NBPZG,1,United States,California,Novato,94949,"38.067204, -122.524004",38.067204,-122.524004,Female,No,No,No,3,Yes,No,Fiber optic,Yes,No,No,No,No,No,Month-to-month,Yes,Electronic check,74.55,233.65,No,0,58,5125,,0.00024263086,0,0,Very low risk
6034-YMTOB,1,United States,California,Arcadia,91007,"34.128284, -118.047732",34.128284,-118.047732,Female,No,No,No,5,Yes,No,Fiber optic,No,No,No,Yes,No,No,Month-to-month,Yes,Mailed check,75.65,399.45,No,0,40,2296,,0.00024263086,0,0,Very low risk
6856-RAURS,1,United States,California,Rio Oso,95674,"38.954144, -121.482536",38.954144,-121.482536,Female,No,No,No,2,Yes,Yes,Fiber optic,No,No,No,No,No,No,Month-to-month,Yes,Mailed check,74.9,136.05,No,0,62,2044,,0.00024263086,0,0,Very low risk
1475-VWVDO,1,United States,California,Dos Palos,93620,"37.045728, -120.630682",37.045728,-120.630682,Male,No,No,No,7,Yes,No,Fiber optic,No,No,Yes,No,No,No,Month-to-month,Yes,Electronic check,74.9,490.55,No,0,52,5335,,0.00024263086,0,0,Very low risk
2754-SDJRD,1,United States,California,Somis,93066,"34.297628, -119.014627",34.297628,-119.014627,Female,Yes,No,No,8,Yes,Yes,Fiber optic,No,No,No,Yes,Yes,Yes,Month-to-month,Yes,Credit card (automatic),100.15,908.55,No,0,42,5157,,0.00024263086,0,0,Very low risk
4927-WWOOZ,1,United States,California,Pacific Grove,93950,"36.618337, -121.926417",36.618337,-121.926417,Male,No,Yes,No,2,Yes,Yes,Fiber optic,No,No,Yes,No,Yes,No,Month-to-month,Yes,Electronic check,91.45,171.45,No,0,32,4889,,0.00024263086,0,0,Very low risk
3717-OEAUQ,1,United States,California,Ione,95640,"38.33788, -120.954202",38.33788,-120.954202,Male,No,No,No,2,Yes,No,Fiber optic,No,No,No,No,No,No,Month-to-month,No,Mailed check,70.7,129.2,No,0,38,2388,,0.00023912168,0,0,Very low risk
3966-HRMZA,1,United States,California,Bishop,93514,"37.04584, -118.397236",37.04584,-118.397236,Female,Yes,No,No,3,Yes,No,Fiber optic,No,No,Yes,No,No,No,Month-to-month,No,Mailed check,75.05,202.9,No,0,56,3545,,0.00023912168,0,0,Very low risk
8775-ERLNB,1,United States,California,Indio,92203,"33.752938, -116.230055",33.752938,-116.230055,Male,Yes,Yes,No,1,Yes,Yes,Fiber optic,No,No,No,No,No,No,Month-to-month,No,Electronic check,74.3,74.3,No,0,47,2968,,0.00023912168,0,0,Very low risk
0258-NOKBL,1,United States,California,Fortuna,95540,"40.584991, -124.121504",40.584991,-124.121504,Male,No,No,No,3,Yes,No,Fiber optic,No,Yes,Yes,No,No,Yes,Month-to-month,No,Electronic check,90.4,268.45,No,0,61,5625,,0.00023912168,0,0,Very low risk
6705-LXORM,1,United States,California,Perris,92570,"33.787298, -117.320676",33.787298,-117.320676,Female,Yes,Yes,No,5,Yes,No,Fiber optic,No,No,No,No,No,No,Month-to-month,No,Electronic check,70.05,302.6,No,0,24,2064,,0.00023912168,0,0,Very low risk
0581-BXBUB,1,United States,California,Penn Valley,95946,"39.203817, -121.19584",39.203817,-121.19584,Female,Yes,No,No,4,Yes,No,Fiber optic,No,Yes,No,No,No,No,Month-to-month,No,Electronic check,72.75,317.75,No,0,50,4503,,0.00023912168,0,0,Very low risk
2694-CIUMO,1,United States,California,Los Angeles,90033,"34.050198, -118.210946",34.050198,-118.210946,Female,No,No,No,12,Yes,Yes,Fiber optic,No,No,No,Yes,No,No,Month-to-month,Yes,Credit card (automatic),79.55,958.25,No,0,62,3445,,0.00023815673,0,0,Very low risk
3292-PBZEJ,1,United States,California,Greenview,96037,"41.528541, -122.955018",41.528541,-122.955018,Male,Yes,No,No,11,Yes,Yes,Fiber optic,No,Yes,Yes,Yes,Yes,Yes,Month-to-month,Yes,Electronic check,111.4,1183.05,No,0,28,3175,,0.00023815673,0,0,Very low risk
1319-YLZJG,1,United States,California,Dutch Flat,95714,"39.197215, -120.83679",39.197215,-120.83679,Male,No,Yes,No,12,Yes,No,Fiber optic,Yes,Yes,Yes,No,No,No,Month-to-month,Yes,Electronic check,84.6,959.9,No,0,31,2499,,0.00023815673,0,0,Very low risk
2501-XWWTZ,1,United States,California,San Clemente,92673,"33.4725, -117.584273",33.4725,-117.584273,Male,No,No,No,11,Yes,No,Fiber optic,No,No,No,No,No,No,Month-to-month,No,Electronic check,70.2,760.05,No,0,34,2535,,0.00023367596,0,0,Very low risk
3338-CVVEH,1,United States,California,Chula Vista,91913,"32.64164, -116.985026",32.64164,-116.985026,Male,No,No,No,12,Yes,Yes,Fiber optic,No,No,No,No,Yes,Yes,Month-to-month,No,Electronic check,94.55,1173.55,No,0,25,5674,,0.00023367596,0,0,Very low risk
5133-POWUA,1,United States,California,Somerset,95684,"38.606703, -120.586659",38.606703,-120.586659,Male,No,No,No,1,Yes,No,DSL,No,No,No,No,No,No,Month-to-month,Yes,Mailed check,45.8,45.8,No,0,30,2614,,0.00022281136,0,0,Very low risk
9572-WUKSB,1,United States,California,South Pasadena,91030,"34.110444, -118.156957",34.110444,-118.156957,Male,No,Yes,No,3,No,No phone service,DSL,No,No,No,Yes,No,No,Month-to-month,Yes,Electronic check,29.9,92.25,No,0,23,4416,,0.00022281136,0,0,Very low risk
8757-TFHHJ,1,United States,California,San Jose,95128,"37.316146, -121.936285",37.316146,-121.936285,Male,No,No,No,1,Yes,No,DSL,Yes,No,No,No,No,No,Month-to-month,Yes,Credit card (automatic),49.8,49.8,No,0,24,2978,,0.00022281136,0,0,Very low risk
1536-HBSWP,1,United States,California,Terra Bella,93270,"35.939068, -119.043666",35.939068,-119.043666,Female,No,No,No,1,Yes,No,DSL,No,No,No,Yes,No,No,Month-to-month,Yes,Electronic check,49.9,49.9,No,0,56,4667,,0.00022281136,0,0,Very low risk
9992-UJOEL,1,United States,California,Elk,95432,"39.108252, -123.645121",39.108252,-123.645121,Male,No,No,No,2,Yes,No,DSL,No,Yes,No,No,No,No,Month-to-month,Yes,Mailed check,50.3,92.75,No,0,33,5870,,0.00022281136,0,0,Very low risk
9638-JIQYA,1,United States,California,Ballico,95303,"37.4695, -120.672724",37.4695,-120.672724,Male,No,No,No,2,No,No phone service,DSL,No,No,No,No,No,No,Month-to-month,Yes,Credit card (automatic),24.9,49.7,No,0,41,4033,,0.00022281136,0,0,Very low risk
5501-TVMGM,1,United States,California,Canby,96015,"41.486953, -120.913975",41.486953,-120.913975,Male,No,No,No,1,Yes,No,DSL,No,No,No,No,No,Yes,Month-to-month,Yes,Electronic check,55.25,55.25,No,0,49,3255,,0.00022281136,0,0,Very low risk
9752-ZNQUT,1,United States,California,Visalia,93291,"36.391777, -119.372842",36.391777,-119.372842,Female,No,No,No,1,Yes,No,DSL,No,Yes,No,No,No,No,Month-to-month,Yes,Electronic check,48.6,48.6,No,0,24,3704,,0.00022281136,0,0,Very low risk
4301-VVZKA,1,United States,California,San Francisco,94123,"37.800254, -122.436975",37.800254,-122.436975,Male,No,Yes,No,16,Yes,Yes,Fiber optic,No,No,No,No,No,No,Month-to-month,Yes,Electronic check,75.4,1189.4,No,0,51,5432,,0.00022195136,0,0,Very low risk
8445-DNBAE,1,United States,California,Sacramento,95814,"38.584505, -121.491956",38.584505,-121.491956,Male,No,No,Yes,1,Yes,Yes,DSL,No,No,No,No,No,No,Month-to-month,Yes,Electronic check,50.05,50.05,No,0,61,5523,,0.0002216502,0,0,Very low risk
3365-SAIGS,1,United States,California,Rancho Santa Fe,92067,"33.012751, -117.200617",33.012751,-117.200617,Female,No,No,No,17,Yes,No,Fiber optic,No,Yes,No,No,Yes,No,Month-to-month,Yes,Electronic check,83.55,1329.15,No,0,59,5564,,0.0002205258,0,0,Very low risk
5609-IMCGG,1,United States,California,Suisun City,94585,"38.197907, -122.017258",38.197907,-122.017258,Female,No,No,No,15,Yes,Yes,Fiber optic,Yes,No,Yes,No,No,No,Month-to-month,Yes,Credit card (automatic),84.35,1302.65,No,0,35,3314,,0.0002205258,0,0,Very low risk
6557-BZXLQ,1,United States,California,Cabazon,92230,"33.929812, -116.76058",33.929812,-116.76058,Male,Yes,No,No,16,Yes,No,Fiber optic,No,No,No,No,No,No,Month-to-month,No,Electronic check,69.65,1043.3,No,0,63,5610,,0.0002177754,0,0,Very low risk
7055-HNEOJ,1,United States,California,El Dorado Hills,95762,"38.684437, -121.055634",38.684437,-121.055634,Male,No,Yes,No,3,Yes,No,DSL,No,No,Yes,Yes,No,No,Month-to-month,Yes,Mailed check,55.8,154.55,No,0,48,2662,,0.00021772413,0,0,Very low risk
6048-QBXKL,1,United States,California,Madison,95653,"38.674276, -121.961866",38.674276,-121.961866,Female,Yes,No,No,2,Yes,Yes,DSL,No,Yes,No,No,No,No,Month-to-month,Yes,Credit card (automatic),56.55,118.25,No,0,33,2069,,0.00021772413,0,0,Very low risk
5382-SOYZL,1,United States,California,Concord,94519,"37.990118, -122.012188",37.990118,-122.012188,Male,No,No,No,22,Yes,Yes,Fiber optic,No,No,No,No,Yes,Yes,Month-to-month,Yes,Electronic check,95.1,2162.6,No,0,61,3729,,0.00021745007,0,0,Very low risk
2439-LYPMQ,1,United States,California,Milford,96121,"40.181279, -120.392967",40.181279,-120.392967,Male,Yes,Yes,No,38,Yes,Yes,Fiber optic,No,Yes,Yes,No,Yes,Yes,Month-to-month,Yes,Electronic check,102.6,4009.2,No,0,40,5469,,0.00021745007,0,0,Very low risk
5461-QKNTN,1,United States,California,Catheys Valley,95306,"37.394411, -120.127262",37.394411,-120.127262,Male,Yes,Yes,No,43,Yes,Yes,Fiber optic,No,Yes,No,Yes,Yes,No,Month-to-month,Yes,Electronic check,94.3,3953.15,No,0,63,2040,,0.00021745007,0,0,Very low risk
9944-AEXBM,1,United States,California,Casmalia,93429,"34.866032, -120.536546",34.866032,-120.536546,Male,No,No,No,32,Yes,Yes,Fiber optic,No,No,No,No,No,Yes,Month-to-month,Yes,Bank transfer (automatic),85.65,2664.3,No,0,26,2383,,0.00021745007,0,0,Very low risk
2669-QVCRG,1,United States,California,Forest Ranch,95942,"40.077028, -121.494168",40.077028,-121.494168,Female,No,No,No,41,Yes,Yes,Fiber optic,Yes,No,No,No,No,No,Month-to-month,Yes,Credit card (automatic),81.3,3190.65,No,0,62,2299,,0.00021745007,0,0,Very low risk
5226-NOZFC,1,United States,California,Modesto,95358,"37.612612, -121.108568",37.612612,-121.108568,Male,No,No,No,26,Yes,No,Fiber optic,No,Yes,No,No,Yes,No,Month-to-month,Yes,Electronic check,85.75,2146.5,No,0,64,3178,,0.00021745007,0,0,Very low risk
9279-CJEOJ,1,United States,California,Anaheim,92801,"33.844983, -117.952151",33.844983,-117.952151,Female,Yes,No,No,21,Yes,Yes,Fiber optic,No,No,No,No,Yes,Yes,Month-to-month,Yes,Bank transfer (automatic),95.4,2025.1,No,0,47,5691,,0.00021745007,0,0,Very low risk
2665-NPTGL,1,United States,California,Sheep Ranch,95250,"38.244806, -120.417301",38.244806,-120.417301,Female,Yes,Yes,No,26,Yes,Yes,Fiber optic,No,No,Yes,No,Yes,Yes,Month-to-month,Yes,Bank transfer (automatic),98.1,2510.7,No,0,38,3114,,0.00021745007,0,0,Very low risk
0581-MDMPW,1,United States,California,San Jose,95148,"37.339533, -121.777179",37.339533,-121.777179,Female,No,No,No,24,Yes,Yes,Fiber optic,No,No,Yes,No,Yes,No,Month-to-month,Yes,Credit card (automatic),88.95,2072.75,No,0,37,5557,,0.00021745007,0,0,Very low risk
1169-WCVAK,1,United States,California,Fresno,93710,"36.822715, -119.761826",36.822715,-119.761826,Male,No,Yes,No,19,Yes,Yes,Fiber optic,Yes,Yes,No,Yes,No,No,Month-to-month,Yes,Credit card (automatic),88.8,1672.35,No,0,63,4600,,0.00021745007,0,0,Very low risk
4647-MUZON,1,United States,California,Port Hueneme,93041,"34.110124, -119.100972",34.110124,-119.100972,Female,No,Yes,No,18,Yes,No,Fiber optic,No,No,Yes,No,Yes,Yes,Month-to-month,Yes,Credit card (automatic),95.95,1745.5,No,0,20,5009,,0.00021745007,0,0,Very low risk
7855-DIWPO,1,United States,California,Sloughhouse,95683,"38.470423, -121.114897",38.470423,-121.114897,Female,No,No,No,21,Yes,No,Fiber optic,No,No,No,No,No,No,Month-to-month,Yes,Electronic check,68.65,1493.2,No,0,21,2006,,0.00021745007,0,0,Very low risk
2178-PMGCJ,1,United States,California,Long Beach,90802,"33.752524, -118.210737",33.752524,-118.210737,Male,No,No,No,22,Yes,No,Fiber optic,No,No,No,No,No,No,Month-to-month,Yes,Mailed check,69.7,1490.4,No,0,32,4838,,0.00021745007,0,0,Very low risk
7278-CKDNC,1,United States,California,Fresno,93701,"36.749403, -119.787574",36.749403,-119.787574,Male,Yes,No,No,24,Yes,Yes,Fiber optic,No,Yes,No,No,No,No,Month-to-month,Yes,Electronic check,80.5,2088.45,No,0,40,4422,,0.00021745007,0,0,Very low risk
0682-USIXD,1,United States,California,Diamond Bar,91765,"33.992416, -117.807874",33.992416,-117.807874,Female,No,Yes,No,21,Yes,No,Fiber optic,No,No,No,Yes,Yes,No,Month-to-month,Yes,Electronic check,86.05,1818.9,No,0,23,2937,,0.00021745007,0,0,Very low risk
2800-QQUSO,1,United States,California,Riverside,92505,"33.920907, -117.489426",33.920907,-117.489426,Male,No,No,No,42,Yes,Yes,Fiber optic,No,No,No,Yes,Yes,Yes,Month-to-month,Yes,Electronic check,100.3,4222.95,No,0,33,3286,,0.00021745007,0,0,Very low risk
2227-JRSJX,1,United States,California,Monterey Park,91754,"34.050322, -118.147037",34.050322,-118.147037,Female,No,No,No,21,Yes,No,Fiber optic,No,Yes,No,Yes,Yes,Yes,Month-to-month,Yes,Bank transfer (automatic),99.15,1956.4,No,0,36,5324,,0.00021745007,0,0,Very low risk
2190-BCXEC,1,United States,California,Death Valley,92328,"36.27688, -117.033326",36.27688,-117.033326,Female,No,Yes,No,40,Yes,Yes,Fiber optic,No,No,No,Yes,No,No,Month-to-month,Yes,Credit card (automatic),78.85,3126.85,No,0,45,5257,,0.00021745007,0,0,Very low risk
9576-SYUHJ,1,United States,California,Long Beach,90815,"33.797638, -118.11662",33.797638,-118.11662,Male,No,No,No,37,Yes,Yes,Fiber optic,Yes,No,No,No,Yes,No,Month-to-month,Yes,Electronic check,91.15,3369.25,No,0,37,3194,,0.00021745007,0,0,Very low risk
4067-HLYQI,1,United States,California,Colton,92324,"34.030915, -117.273201",34.030915,-117.273201,Female,No,No,No,33,Yes,No,Fiber optic,No,No,No,No,No,No,Month-to-month,Yes,Bank transfer (automatic),70.4,2406.1,No,0,29,4860,,0.00021745007,0,0,Very low risk
3312-ZWLGF,1,United States,California,Acton,93510,"34.501452, -118.207862",34.501452,-118.207862,Male,Yes,Yes,No,29,Yes,Yes,Fiber optic,No,No,No,Yes,No,No,Month-to-month,Yes,Electronic check,79.3,2414.55,No,0,21,3172,,0.00021745007,0,0,Very low risk
9767-FFLEM,1,United States,California,Westmorland,92281,"33.03679, -115.60503",33.03679,-115.60503,Male,No,No,No,38,Yes,No,Fiber optic,No,No,No,No,No,No,Month-to-month,Yes,Credit card (automatic),69.5,2625.25,No,0,35,4591,,0.00021745007,0,0,Very low risk
9819-FBNSV,1,United States,California,El Cajon,92019,"32.785165, -116.862648",32.785165,-116.862648,Male,Yes,Yes,No,37,Yes,No,Fiber optic,No,No,No,No,No,No,Month-to-month,Yes,Bank transfer (automatic),72.25,2575.45,No,0,20,4121,,0.00021745007,0,0,Very low risk
2604-IJPDU,1,United States,California,Encino,91316,"34.150354, -118.518292",34.150354,-118.518292,Female,No,Yes,No,20,Yes,No,Fiber optic,Yes,Yes,No,Yes,Yes,No,Month-to-month,Yes,Electronic check,96.55,1901.65,No,0,36,4382,,0.00021745007,0,0,Very low risk
0410-IPFTY,1,United States,California,Long Beach,90822,"33.778436, -118.118648",33.778436,-118.118648,Female,No,Yes,No,31,Yes,No,Fiber optic,No,Yes,No,No,No,Yes,Month-to-month,Yes,Bank transfer (automatic),83.85,2674.15,No,0,56,4283,,0.00021745007,0,0,Very low risk
3197-ARFOY,1,United States,California,Ontario,91761,"34.035602, -117.591528",34.035602,-117.591528,Female,Yes,No,No,19,Yes,No,Fiber optic,Yes,Yes,No,Yes,Yes,Yes,Month-to-month,Yes,Mailed check,105.0,2007.25,No,0,59,3524,,0.00021745007,0,0,Very low risk
6507-ZJSUR,1,United States,California,Albion,95410,"39.225694, -123.717354",39.225694,-123.717354,Male,Yes,Yes,No,23,Yes,No,Fiber optic,No,No,No,No,Yes,Yes,Month-to-month,Yes,Electronic check,90.45,2117.25,No,0,24,5272,,0.00021745007,0,0,Very low risk
9508-ILZDG,1,United States,California,Dillon Beach,94929,"38.24458, -122.956268",38.24458,-122.956268,Female,Yes,No,No,34,Yes,Yes,Fiber optic,No,Yes,No,Yes,Yes,No,Month-to-month,Yes,Electronic check,96.35,3190.25,No,0,32,5425,,0.00021745007,0,0,Very low risk
9167-APMXZ,1,United States,California,Long Beach,90810,"33.819814, -118.222416",33.819814,-118.222416,Female,No,No,No,22,Yes,Yes,Fiber optic,No,No,No,No,Yes,No,Month-to-month,Yes,Bank transfer (automatic),84.15,1821.95,No,0,32,3549,,0.00021745007,0,0,Very low risk
3312-UUMZW,1,United States,California,San Jose,95117,"37.311088, -121.961786",37.311088,-121.961786,Male,No,Yes,No,32,Yes,Yes,Fiber optic,No,Yes,No,No,Yes,Yes,Month-to-month,Yes,Credit card (automatic),98.85,3145.9,No,0,61,3981,,0.00021745007,0,0,Very low risk
5650-YLIBA,1,United States,California,Lakeport,95453,"39.080469, -122.955176",39.080469,-122.955176,Male,No,No,No,31,Yes,Yes,Fiber optic,No,Yes,No,No,No,No,Month-to-month,Yes,Electronic check,81.15,2640.55,No,0,25,3031,,0.00021745007,0,0,Very low risk
3569-EDBPQ,1,United States,California,Pine Grove,95665,"38.400264, -120.641274",38.400264,-120.641274,Female,No,No,No,24,Yes,Yes,Fiber optic,Yes,No,No,Yes,No,No,Month-to-month,Yes,Electronic check,84.35,1938.05,No,0,31,2198,,0.00021745007,0,0,Very low risk
0082-OQIQY,1,United States,California,Farmington,95230,"37.956963, -120.863055",37.956963,-120.863055,Male,No,No,No,29,Yes,No,Fiber optic,No,No,No,Yes,Yes,Yes,Month-to-month,Yes,Electronic check,94.2,2607.6,No,0,60,4561,,0.00021745007,0,0,Very low risk
2960-NKRSO,1,United States,California,Mad River,95552,"40.390301, -123.412327",40.390301,-123.412327,Male,No,No,No,24,Yes,No,Fiber optic,No,Yes,Yes,Yes,No,No,Month-to-month,Yes,Electronic check,85.95,2107.15,No,0,52,5421,,0.00021745007,0,0,Very low risk
0599-XNYDO,1,United States,California,Graton,95444,"38.434362, -122.86891",38.434362,-122.86891,Female,No,Yes,No,20,Yes,No,Fiber optic,No,No,No,No,No,No,Month-to-month,Yes,Bank transfer (automatic),69.8,1540.35,No,0,33,5456,,0.00021745007,0,0,Very low risk
4013-GUXND,1,United States,California,Lancaster,93534,"34.727529, -118.153098",34.727529,-118.153098,Male,No,No,No,1,Yes,No,No,No internet service,No internet service,No internet service,No internet service,No internet service,No internet service,Month-to-month,No,Mailed check,20.8,20.8,No,0,38,3678,,0.00021742165,0,0,Very low risk
3976-NLDEZ,1,United States,California,Mira Loma,91752,"33.999992, -117.535395",33.999992,-117.535395,Male,No,No,No,1,Yes,No,No,No internet service,No internet service,No internet service,No internet service,No internet service,No internet service,Month-to-month,No,Mailed check,20.6,20.6,No,0,52,5370,,0.00021742165,0,0,Very low risk
1942-OQFRW,1,United States,California,Forest Knolls,94933,"38.010092, -122.689442",38.010092,-122.689442,Male,No,No,No,1,Yes,No,DSL,No,No,No,No,No,No,Month-to-month,No,Electronic check,44.0,44.0,No,0,61,2785,,0.00021733338,0,0,Very low risk
1816-FLZDK,1,United States,California,Fawnskin,92333,"34.274846, -116.937581",34.274846,-116.937581,Male,No,No,No,1,No,No phone service,DSL,No,No,No,Yes,No,No,Month-to-month,No,Mailed check,29.15,29.15,No,0,40,3923,,0.00021733338,0,0,Very low risk
3594-KADLU,1,United States,California,Witter Springs,95493,"39.222323, -122.985488",39.222323,-122.985488,Male,No,Yes,No,3,No,No phone service,DSL,Yes,No,No,Yes,No,No,Month-to-month,No,Mailed check,35.1,101.1,No,0,35,3610,,0.00021733338,0,0,Very low risk
1471-GIQKQ,1,United States,California,Niland,92257,"33.345825, -115.596574",33.345825,-115.596574,Female,No,No,No,1,Yes,No,DSL,No,Yes,No,No,No,No,Month-to-month,No,Electronic check,49.95,49.95,No,0,32,5230,,0.00021733338,0,0,Very low risk
6158-HDPXZ,1,United States,California,San Diego,92128,"33.000269, -117.072093",33.000269,-117.072093,Male,No,No,No,1,No,No phone service,DSL,No,No,No,No,No,No,Month-to-month,No,Mailed check,25.35,25.35,No,0,51,4193,,0.00021733338,0,0,Very low risk
1895-QTKDO,1,United States,California,San Jacinto,92583,"33.796568, -116.924723",33.796568,-116.924723,Female,No,No,No,1,Yes,No,DSL,No,No,No,No,No,No,Month-to-month,No,Credit card (automatic),43.95,43.95,No,0,20,5684,,0.00021733338,0,0,Very low risk
2672-OJQZP,1,United States,California,Stockton,95203,"37.954089, -121.329761",37.954089,-121.329761,Female,No,No,No,1,Yes,No,DSL,No,No,No,No,No,No,Month-to-month,No,Mailed check,44.75,44.75,No,0,30,4118,,0.00021733338,0,0,Very low risk
4706-DGAHW,1,United States,California,California Hot Springs,93207,"35.865795, -118.69759",35.865795,-118.69759,Male,Yes,No,No,1,Yes,No,DSL,No,No,No,No,No,No,Month-to-month,No,Electronic check,45.2,45.2,No,0,44,4576,,0.00021733338,0,0,Very low risk
5630-AHZIL,1,United States,California,El Segundo,90245,"33.917145, -118.401554",33.917145,-118.401554,Female,No,No,Yes,3,Yes,No,DSL,Yes,No,No,Yes,No,Yes,Month-to-month,Yes,Bank transfer (automatic),64.5,177.4,No,0,54,5613,,0.00021658948,0,0,Very low risk
5207-PLSTK,1,United States,California,La Habra,90631,"33.940619, -117.9513",33.940619,-117.9513,Male,No,Yes,Yes,1,Yes,No,DSL,Yes,No,No,No,No,No,Month-to-month,Yes,Mailed check,48.75,48.75,No,0,58,5068,,0.0002164751,0,0,Very low risk
1622-HSHSF,1,United States,California,Biggs,95917,"39.457388, -121.818201",39.457388,-121.818201,Female,No,No,No,1,Yes,No,No,No internet service,No internet service,No internet service,No internet service,No internet service,No internet service,Month-to-month,Yes,Mailed check,19.55,19.55,No,0,58,5607,,0.0002148529,0,0,Very low risk
7853-WNZSY,1,United States,California,El Nido,95317,"37.127386, -120.506422",37.127386,-120.506422,Male,No,No,No,1,Yes,No,No,No internet service,No internet service,No internet service,No internet service,No internet service,No internet service,Month-to-month,Yes,Credit card (automatic),19.75,19.75,No,0,33,5809,,0.0002148529,0,0,Very low risk
2369-FEVNO,1,United States,California,Long Beach,90806,"33.802664, -118.179971",33.802664,-118.179971,Male,No,No,No,1,Yes,No,No,No internet service,No internet service,No internet service,No internet service,No internet service,No internet service,Month-to-month,Yes,Mailed check,19.9,19.9,No,0,52,4590,,0.0002148529,0,0,Very low risk
7018-WBJNK,1,United States,California,San Fernando,91340,"34.286131, -118.435969",34.286131,-118.435969,Male,No,No,Yes,13,Yes,No,Fiber optic,No,No,No,No,Yes,No,Month-to-month,Yes,Credit card (automatic),78.3,1033.95,No,0,26,5566,,0.00021428987,0,0,Very low risk
1833-TCXKK,1,United States,California,San Bernardino,92408,"34.084909, -117.258107",34.084909,-117.258107,Male,No,Yes,No,45,Yes,Yes,Fiber optic,No,Yes,Yes,No,Yes,Yes,Month-to-month,Yes,Bank transfer (automatic),107.75,4882.8,No,0,27,3301,,0.00021370429,0,0,Very low risk
1751-NCDLI,1,United States,California,Castroville,95012,"36.784481, -121.759054",36.784481,-121.759054,Male,Yes,Yes,No,46,Yes,Yes,Fiber optic,No,No,Yes,No,Yes,Yes,Month-to-month,Yes,Electronic check,98.85,4564.9,No,0,41,2641,,0.00021370429,0,0,Very low risk
5575-TPIZQ,1,United States,California,Buellton,93427,"34.631362, -120.238218",34.631362,-120.238218,Male,No,No,No,46,Yes,Yes,Fiber optic,Yes,No,No,No,Yes,No,Month-to-month,Yes,Credit card (automatic),89.15,4245.55,No,0,43,5593,,0.00021370429,0,0,Very low risk
2587-EKXTS,1,United States,California,San Diego,92116,"32.765299, -117.122565",32.765299,-117.122565,Male,No,No,No,44,Yes,Yes,Fiber optic,Yes,Yes,Yes,No,Yes,Yes,Month-to-month,Yes,Electronic check,111.5,4915.15,No,0,26,2827,,0.00021370429,0,0,Very low risk
6710-HSJRD,1,United States,California,Newport Coast,92657,"33.603282, -117.821841",33.603282,-117.821841,Male,No,Yes,No,61,Yes,Yes,Fiber optic,No,Yes,Yes,Yes,Yes,Yes,Month-to-month,Yes,Electronic check,114.1,7132.15,No,0,64,5239,,0.00021370429,0,0,Very low risk
2277-DJJDL,1,United States,California,La Grange,95329,"37.666587, -120.411517",37.666587,-120.411517,Male,Yes,Yes,No,60,Yes,Yes,Fiber optic,No,No,No,Yes,Yes,Yes,Month-to-month,Yes,Electronic check,99.0,6017.9,No,0,40,4763,,0.00021370429,0,0,Very low risk
0058-EVZWM,1,United States,California,Stockton,95209,"38.044523, -121.348048",38.044523,-121.348048,Female,No,Yes,No,55,Yes,Yes,Fiber optic,Yes,No,No,No,Yes,No,Month-to-month,Yes,Bank transfer (automatic),89.8,4959.6,No,0,42,5875,,0.00021370429,0,0,Very low risk
9278-VZKCD,1,United States,California,Norco,92860,"33.925833, -117.559639",33.925833,-117.559639,Female,Yes,Yes,No,52,Yes,Yes,Fiber optic,Yes,Yes,Yes,No,Yes,Yes,Month-to-month,Yes,Electronic check,109.1,5647.95,No,0,49,4428,,0.00021370429,0,0,Very low risk
6173-GOLSU,1,United States,California,Oak View,93022,"34.404544, -119.302118",34.404544,-119.302118,Male,Yes,Yes,No,67,Yes,Yes,Fiber optic,No,No,No,No,Yes,Yes,Month-to-month,Yes,Credit card (automatic),94.65,6079.0,No,0,47,4228,,0.00021370429,0,0,Very low risk
5331-RGMTT,1,United States,California,Point Arena,95468,"38.911299, -123.609588",38.911299,-123.609588,Male,Yes,Yes,No,54,Yes,Yes,Fiber optic,No,No,Yes,No,Yes,Yes,Month-to-month,Yes,Credit card (automatic),99.05,5295.7,No,0,34,4011,,0.00021370429,0,0,Very low risk
6377-WHAOX,1,United States,California,Gualala,95445,"38.848082, -123.50608",38.848082,-123.50608,Female,No,Yes,No,60,Yes,Yes,Fiber optic,No,Yes,Yes,No,Yes,Yes,Month-to-month,Yes,Electronic check,106.15,6411.25,No,0,32,4115,,0.00021370429,0,0,Very low risk
4840-ORQXB,1,United States,California,Sierra Madre,91024,"34.168686, -118.057505",34.168686,-118.057505,Female,Yes,No,No,56,Yes,Yes,Fiber optic,No,Yes,Yes,No,Yes,Yes,Month-to-month,No,Electronic check,104.75,5841.35,No,0,35,5128,,0.00021370429,0,0,Very low risk
8785-CJSHH,1,United States,California,West Sacramento,95691,"38.627951, -121.593287",38.627951,-121.593287,Female,No,Yes,No,60,Yes,Yes,Fiber optic,No,Yes,No,No,Yes,Yes,Month-to-month,Yes,Electronic check,99.8,5985.75,No,0,38,6213,,0.00021370429,0,0,Very low risk
4983-CLMLV,1,United States,California,Escondido,92027,"33.141265, -116.967221",33.141265,-116.967221,Female,No,Yes,No,52,Yes,Yes,Fiber optic,No,Yes,No,Yes,Yes,Yes,Month-to-month,Yes,Credit card (automatic),102.7,5138.1,No,0,63,4044,,0.00021370429,0,0,Very low risk
1110-KYLGQ,1,United States,California,Campbell,95008,"37.279689, -121.954567",37.279689,-121.954567,Female,No,No,No,63,Yes,Yes,Fiber optic,Yes,Yes,Yes,No,Yes,Yes,Month-to-month,No,Credit card (automatic),108.25,6780.1,No,0,39,5331,,0.00021370429,0,0,Very low risk
1035-IPQPU,1,United States,California,Parker Dam,92267,"34.273872, -114.192901",34.273872,-114.192901,Female,Yes,Yes,No,63,Yes,Yes,Fiber optic,No,Yes,Yes,No,Yes,Yes,Month-to-month,Yes,Electronic check,103.5,6479.4,No,0,53,5187,,0.00021370429,0,0,Very low risk
2452-KDRRH,1,United States,California,Mi Wuk Village,95346,"38.121601, -120.133915",38.121601,-120.133915,Male,Yes,No,No,67,Yes,Yes,Fiber optic,No,No,Yes,No,Yes,Yes,Month-to-month,Yes,Credit card (automatic),101.4,6841.05,No,0,28,5269,,0.00021370429,0,0,Very low risk
1302-UHBDD,1,United States,California,Ladera Ranch,92694,"33.569186, -117.640055",33.569186,-117.640055,Male,Yes,No,No,20,Yes,No,Fiber optic,No,No,No,No,Yes,Yes,Month-to-month,No,Electronic check,89.95,1648.45,No,0,33,4812,,0.00021335878,0,0,Very low risk
9812-GHVRI,1,United States,California,Clements,95227,"38.227285, -121.02789",38.227285,-121.02789,Female,No,No,No,40,Yes,Yes,Fiber optic,No,No,No,No,No,Yes,Month-to-month,No,Bank transfer (automatic),83.85,3532.25,No,0,31,4294,,0.00021335878,0,0,Very low risk
7504-UWHNB,1,United States,California,Vallejo,94591,"38.105733, -122.186338",38.105733,-122.186338,Male,No,No,No,25,Yes,No,Fiber optic,No,No,No,No,No,No,Month-to-month,No,Electronic check,69.75,1729.35,No,0,26,3080,,0.00021335878,0,0,Very low risk
6481-ESCNL,1,United States,California,Clayton,94517,"37.881842, -121.848111",37.881842,-121.848111,Female,No,No,No,29,Yes,Yes,Fiber optic,No,No,Yes,No,Yes,Yes,Month-to-month,No,Bank transfer (automatic),100.55,2878.75,No,0,53,4847,,0.00021335878,0,0,Very low risk
4526-ZJJTM,1,United States,California,San Mateo,94403,"37.538309, -122.305109",37.538309,-122.305109,Female,Yes,Yes,No,25,Yes,No,Fiber optic,No,Yes,Yes,No,No,Yes,Month-to-month,No,Bank transfer (automatic),88.4,2191.15,No,0,51,4849,,0.00021335878,0,0,Very low risk
3094-JOJAI,1,United States,California,Maxwell,95955,"39.281194, -122.226568",39.281194,-122.226568,Male,No,No,No,18,Yes,Yes,Fiber optic,No,No,No,No,No,No,Month-to-month,No,Mailed check,74.15,1387.0,No,0,49,2643,,0.00021335878,0,0,Very low risk
5016-IBERQ,1,United States,California,Simi Valley,93063,"34.296813, -118.685703",34.296813,-118.685703,Male,No,Yes,No,23,Yes,Yes,Fiber optic,No,Yes,Yes,No,No,No,Month-to-month,No,Electronic check,84.25,1968.1,No,0,33,2781,,0.00021335878,0,0,Very low risk
6234-PFPXL,1,United States,California,Sacramento,95829,"38.486502, -121.334051",38.486502,-121.334051,Male,No,Yes,No,22,Yes,Yes,Fiber optic,Yes,No,No,Yes,Yes,No,Month-to-month,No,Credit card (automatic),95.9,2234.95,No,0,56,3207,,0.00021335878,0,0,Very low risk
0365-TRTPY,1,United States,California,Covina,91724,"34.08111, -117.853935",34.08111,-117.853935,Female,No,No,No,37,Yes,Yes,Fiber optic,Yes,Yes,Yes,No,No,No,Month-to-month,No,Bank transfer (automatic),91.2,3382.3,No,0,44,5135,,0.00021335878,0,0,Very low risk
2139-FQHLM,1,United States,California,Corona,92879,"33.893823, -117.531446",33.893823,-117.531446,Male,No,No,No,19,Yes,No,Fiber optic,No,No,Yes,Yes,Yes,No,Month-to-month,No,Mailed check,89.95,1682.4,No,0,35,3402,,0.00021335878,0,0,Very low risk
8849-AYPTR,1,United States,California,Sacramento,95819,"38.567594, -121.437507",38.567594,-121.437507,Male,No,Yes,No,33,Yes,No,Fiber optic,No,No,No,No,Yes,Yes,Month-to-month,No,Electronic check,91.25,2964.05,No,0,57,3296,,0.00021335878,0,0,Very low risk
9112-WSNPU,1,United States,California,Monterey,93940,"36.362741, -121.869685",36.362741,-121.869685,Female,Yes,No,No,35,Yes,No,Fiber optic,No,No,No,No,No,No,Month-to-month,No,Electronic check,70.55,2419.0,No,0,45,5873,,0.00021335878,0,0,Very low risk
7404-JLKQG,1,United States,California,Glennville,93226,"35.735694, -118.738483",35.735694,-118.738483,Female,No,No,No,3,Yes,No,DSL,No,No,Yes,No,Yes,No,Month-to-month,No,Electronic check,57.55,161.45,No,0,47,4099,,0.00021237138,0,0,Very low risk
0463-WZZKO,1,United States,California,Van Nuys,91406,"34.195685, -118.490752",34.195685,-118.490752,Male,No,No,No,3,Yes,No,No,No internet service,No internet service,No internet service,No internet service,No internet service,No internet service,Month-to-month,Yes,Credit card (automatic),20.75,67.1,No,0,30,2406,,0.00021212286,0,0,Very low risk
9537-VHDTA,1,United States,California,Corona,92879,"33.893823, -117.531446",33.893823,-117.531446,Female,No,No,Yes,1,Yes,No,DSL,Yes,No,No,No,No,No,Month-to-month,No,Mailed check,51.2,51.2,No,0,51,3699,,0.00021115306,0,0,Very low risk
0531-ZZJWQ,1,United States,California,Lone Pine,93545,"36.590415, -118.073839",36.590415,-118.073839,Male,Yes,Yes,No,55,Yes,Yes,Fiber optic,No,No,No,No,No,No,Month-to-month,Yes,Electronic check,74.0,4052.4,No,0,54,4958,,0.00021042732,0,0,Very low risk
9701-CDXHR,1,United States,California,Apple Valley,92307,"34.55082, -117.122396",34.55082,-117.122396,Female,No,Yes,No,51,Yes,No,Fiber optic,No,No,No,No,No,No,Month-to-month,No,Mailed check,69.15,3649.6,No,0,55,5187,,0.00021042732,0,0,Very low risk
3865-ZYKAD,1,United States,California,Sacramento,95831,"38.494832, -121.529447",38.494832,-121.529447,Male,Yes,Yes,No,69,Yes,Yes,Fiber optic,Yes,Yes,No,No,No,No,Month-to-month,Yes,Credit card (automatic),84.9,5785.65,No,0,59,4503,,0.00021042732,0,0,Very low risk
2279-AXJJK,1,United States,California,Cazadero,95421,"38.578807, -123.19338",38.578807,-123.19338,Male,No,Yes,No,52,Yes,Yes,Fiber optic,No,Yes,No,Yes,No,Yes,Month-to-month,Yes,Credit card (automatic),95.65,5088.4,No,0,45,4465,,0.00021042732,0,0,Very low risk
4724-WXVWF,1,United States,California,Earp,92242,"34.137742, -114.36514",34.137742,-114.36514,Male,No,No,No,48,Yes,Yes,Fiber optic,Yes,No,No,Yes,No,Yes,Month-to-month,Yes,Electronic check,95.4,4445.3,No,0,33,4334,,0.00021042732,0,0,Very low risk
7398-LXGYX,1,United States,California,Pioneertown,92268,"34.201108, -116.593456",34.201108,-116.593456,Male,No,Yes,No,44,Yes,Yes,Fiber optic,Yes,No,Yes,No,No,No,Month-to-month,Yes,Credit card (automatic),84.8,3626.35,No,0,44,2770,,0.00021042732,0,0,Very low risk
7251-XFOIL,1,United States,California,Coulterville,95311,"37.722127, -120.110174",37.722127,-120.110174,Female,No,No,No,61,Yes,Yes,Fiber optic,No,No,Yes,No,No,Yes,Month-to-month,No,Mailed check,89.2,5500.6,No,0,23,5536,,0.00021042732,0,0,Very low risk
5921-NGYRH,1,United States,California,Stonyford,95979,"39.288127, -122.415841",39.288127,-122.415841,Male,No,Yes,No,64,Yes,No,Fiber optic,Yes,No,No,No,No,No,Month-to-month,Yes,Mailed check,73.55,4764.0,No,0,50,5018,,0.00021042732,0,0,Very low risk
5240-CAOYT,1,United States,California,Oak View,93022,"34.404544, -119.302118",34.404544,-119.302118,Female,No,No,No,57,Yes,Yes,Fiber optic,Yes,Yes,No,Yes,No,No,Month-to-month,Yes,Bank transfer (automatic),87.55,4884.85,No,0,43,4882,,0.00021042732,0,0,Very low risk
7460-ITWWP,1,United States,California,Oakland,94621,"37.750553, -122.197175",37.750553,-122.197175,Female,Yes,Yes,No,45,Yes,No,Fiber optic,No,No,Yes,No,No,Yes,Month-to-month,Yes,Electronic check,86.1,3861.45,No,0,41,2701,,0.00021042732,0,0,Very low risk
7529-ZDFXI,1,United States,California,La Verne,91750,"34.144703, -117.770299",34.144703,-117.770299,Male,Yes,Yes,No,57,Yes,Yes,Fiber optic,No,Yes,No,No,No,Yes,Month-to-month,Yes,Electronic check,89.85,4925.35,No,0,36,4429,,0.00021042732,0,0,Very low risk
2101-RANCD,1,United States,California,El Dorado Hills,95762,"38.684437, -121.055634",38.684437,-121.055634,Female,No,No,No,55,Yes,Yes,Fiber optic,No,No,No,No,No,No,Month-to-month,Yes,Electronic check,73.1,4144.9,No,0,46,5832,,0.00021042732,0,0,Very low risk
8058-DMYRU,1,United States,California,Glendale,91208,"34.195386, -118.238508",34.195386,-118.238508,Male,Yes,No,No,54,Yes,Yes,Fiber optic,No,Yes,No,No,No,Yes,Month-to-month,Yes,Electronic check,90.05,4931.8,No,0,23,5232,,0.00021042732,0,0,Very low risk
5136-GFPMB,1,United States,California,Spring Valley,91978,"32.730264, -116.950963",32.730264,-116.950963,Male,No,No,No,54,Yes,Yes,Fiber optic,No,No,Yes,No,No,Yes,Month-to-month,No,Credit card (automatic),89.4,4869.5,No,0,56,5871,,0.00021042732,0,0,Very low risk
1452-KIOVK,1,United States,California,Los Angeles,90007,"34.027337, -118.28515",34.027337,-118.28515,Male,No,No,Yes,22,Yes,Yes,Fiber optic,No,Yes,No,No,Yes,No,Month-to-month,Yes,Credit card (automatic),89.1,1949.4,No,0,43,4459,,0.00020994394,0,0,Very low risk
1015-OWJKI,1,United States,California,Lawndale,90260,"33.88856, -118.351813",33.88856,-118.351813,Male,No,No,No,1,Yes,No,No,No internet service,No internet service,No internet service,No internet service,No internet service,No internet service,Month-to-month,No,Mailed check,19.05,19.05,No,0,59,5279,,0.00020957054,0,0,Very low risk
6654-QGBZZ,1,United States,California,Nevada City,95959,"39.333737, -120.858667",39.333737,-120.858667,Female,No,No,No,1,Yes,No,No,No internet service,No internet service,No internet service,No internet service,No internet service,No internet service,Month-to-month,No,Mailed check,19.9,19.9,No,0,54,5057,,0.00020957054,0,0,Very low risk
8992-CEUEN,1,United States,California,Arnold,95223,"38.32153, -120.236358",38.32153,-120.236358,Female,No,No,No,1,Yes,No,No,No internet service,No internet service,No internet service,No internet service,No internet service,No internet service,Month-to-month,No,Electronic check,18.85,18.85,No,0,37,5084,,0.00020957054,0,0,Very low risk
6286-SUUWT,1,United States,California,Arnold,95223,"38.32153, -120.236358",38.32153,-120.236358,Male,No,No,No,1,Yes,No,No,No internet service,No internet service,No internet service,No internet service,No internet service,No internet service,Month-to-month,No,Mailed check,19.95,19.95,No,0,21,5916,,0.00020957054,0,0,Very low risk
2480-SQIOB,1,United States,California,Woodland Hills,91364,"34.153733, -118.593408",34.153733,-118.593408,Male,No,Yes,Yes,4,Yes,No,DSL,No,No,No,No,No,No,Month-to-month,No,Electronic check,44.8,169.65,No,0,63,2114,,0.00020936901,0,0,Very low risk
3679-XASPY,1,United States,California,Inglewood,90305,"33.958134, -118.330905",33.958134,-118.330905,Female,No,Yes,Yes,1,Yes,No,No,No internet service,No internet service,No internet service,No internet service,No internet service,No internet service,Month-to-month,No,Electronic check,19.45,19.45,No,0,26,5612,,0.00020847838,0,0,Very low risk
3587-PMCOY,1,United States,California,Placerville,95667,"38.733714, -120.795213",38.733714,-120.795213,Male,No,No,No,10,Yes,No,Fiber optic,Yes,No,Yes,No,Yes,Yes,One year,Yes,Electronic check,98.9,1064.95,No,0,50,4614,,0.0002080086,0,0,Very low risk
8713-IGZSO,1,United States,California,Salinas,93906,"36.722898, -121.633648",36.722898,-121.633648,Male,No,No,No,2,Yes,Yes,No,No internet service,No internet service,No internet service,No internet service,No internet service,No internet service,Month-to-month,No,Mailed check,24.85,62.0,No,0,57,5983,,0.0002069076,0,0,Very low risk
9842-EFSYY,1,United States,California,Markleeville,96120,"38.735789, -119.85798",38.735789,-119.85798,Female,No,No,Yes,4,No,No phone service,DSL,Yes,Yes,Yes,No,Yes,Yes,Month-to-month,Yes,Mailed check,57.2,223.75,No,0,26,2421,,0.00020501393,0,0,Very low risk
6257-RJOHI,1,United States,California,San Diego,92110,"32.76501, -117.19938",32.76501,-117.19938,Male,No,No,No,4,Yes,No,DSL,No,No,No,Yes,No,No,Month-to-month,Yes,Mailed check,50.8,202.3,No,0,47,4521,,0.00020472932,0,0,Very low risk
6402-EJMWF,1,United States,California,San Jacinto,92583,"33.796568, -116.924723",33.796568,-116.924723,Male,No,No,No,4,Yes,No,DSL,No,No,No,No,No,Yes,Month-to-month,Yes,Mailed check,55.3,238.5,No,0,31,3684,,0.00020472932,0,0,Very low risk
2277-VWCNI,1,United States,California,Brookdale,95007,"37.106902, -122.100006",37.106902,-122.100006,Female,Yes,No,No,4,Yes,Yes,DSL,No,No,No,No,No,No,Month-to-month,No,Mailed check,48.75,179.85,No,0,25,3048,,0.00020472932,0,0,Very low risk
4256-ZWTZI,1,United States,California,Morro Bay,93442,"35.369553, -120.763864",35.369553,-120.763864,Female,No,No,Yes,5,Yes,No,DSL,No,No,No,Yes,No,No,Month-to-month,Yes,Mailed check,51.0,286.8,No,0,52,2789,,0.0002044806,0,0,Very low risk
6184-DYUOB,1,United States,California,Palermo,95968,"39.435756, -121.552071",39.435756,-121.552071,Female,No,Yes,No,3,Yes,No,No,No internet service,No internet service,No internet service,No internet service,No internet service,No internet service,Month-to-month,Yes,Mailed check,19.6,55.25,No,0,29,2941,,0.00020446304,0,0,Very low risk
3594-IVHJZ,1,United States,California,French Gulch,96033,"40.740138, -122.587476",40.740138,-122.587476,Female,No,No,No,2,Yes,No,No,No internet service,No internet service,No internet service,No internet service,No internet service,No internet service,Month-to-month,Yes,Mailed check,20.45,42.45,No,0,56,2606,,0.00020446304,0,0,Very low risk
9962-BFPDU,1,United States,California,Kenwood,95452,"38.419525, -122.521585",38.419525,-122.521585,Female,No,Yes,Yes,1,Yes,No,No,No internet service,No internet service,No internet service,No internet service,No internet service,No internet service,Month-to-month,No,Mailed check,20.05,20.05,No,0,52,5811,,0.00020361075,0,0,Very low risk
2668-TZSPS,1,United States,California,Santa Rosa,95403,"38.488431, -122.752839",38.488431,-122.752839,Male,No,No,No,1,Yes,No,No,No internet service,No internet service,No internet service,No internet service,No internet service,No internet service,Month-to-month,No,Mailed check,20.45,20.45,No,0,51,2664,,0.00020272836,0,0,Very low risk
3090-QFUVD,1,United States,California,Reedley,93654,"36.636638, -119.421842",36.636638,-119.421842,Female,No,No,No,1,Yes,No,No,No internet service,No internet service,No internet service,No internet service,No internet service,No internet service,Month-to-month,No,Credit card (automatic),20.3,20.3,No,0,31,2507,,0.00020272836,0,0,Very low risk
2307-FYNNL,1,United States,California,La Mirada,90638,"33.902045, -118.008961",33.902045,-118.008961,Male,Yes,No,No,65,Yes,Yes,Fiber optic,Yes,No,Yes,Yes,Yes,Yes,Two year,Yes,Electronic check,109.05,7108.2,No,0,29,5692,,0.00020201229,0,0,Very low risk
2798-NYLMZ,1,United States,California,Los Banos,93635,"36.995162, -120.955099",36.995162,-120.955099,Male,No,Yes,No,71,Yes,Yes,Fiber optic,Yes,No,Yes,Yes,Yes,Yes,Two year,Yes,Credit card (automatic),108.55,7616.0,No,0,58,4111,,0.00020191485,0,0,Very low risk
9374-YOLBJ,1,United States,California,Upper Lake,95485,"39.220368, -122.907693",39.220368,-122.907693,Female,No,Yes,Yes,1,Yes,No,No,No internet service,No internet service,No internet service,No internet service,No internet service,No internet service,Month-to-month,No,Electronic check,19.25,19.25,No,0,27,2053,,0.00020167185,0,0,Very low risk
1335-NTIUC,1,United States,California,Pacoima,91331,"34.255442, -118.421314",34.255442,-118.421314,Male,No,No,No,9,No,No phone service,DSL,No,No,No,No,No,No,Month-to-month,Yes,Electronic check,24.95,190.25,No,0,24,5473,,0.00020146754,0,0,Very low risk
6713-OKOMC,1,United States,California,Los Angeles,90008,"34.008293, -118.346766",34.008293,-118.346766,Female,No,No,No,10,No,No phone service,DSL,Yes,No,No,No,No,No,Month-to-month,No,Mailed check,29.75,301.9,No,0,51,2013,,0.00020146754,0,0,Very low risk
9979-RGMZT,1,United States,California,Los Angeles,90022,"34.02381, -118.156582",34.02381,-118.156582,Female,No,No,No,7,Yes,No,Fiber optic,No,Yes,No,No,Yes,Yes,One year,Yes,Mailed check,94.05,633.45,No,0,38,5545,,0.00020105478,0,0,Very low risk
7764-BDPEE,1,United States,California,Hayward,94542,"37.656695, -122.048361",37.656695,-122.048361,Male,No,No,Yes,3,Yes,No,No,No internet service,No internet service,No internet service,No internet service,No internet service,No internet service,Month-to-month,No,Mailed check,20.85,60.65,No,0,38,5868,,0.00020102372,0,0,Very low risk
5027-YOCXN,1,United States,California,Cardiff By The Sea,92007,"33.015866, -117.272254",33.015866,-117.272254,Male,No,Yes,No,51,Yes,Yes,Fiber optic,Yes,Yes,No,Yes,Yes,Yes,One year,No,Credit card (automatic),110.05,5686.4,No,0,56,5604,,0.00020065221,0,0,Very low risk
7879-CGSFV,1,United States,California,Sugarloaf,92386,"34.243088, -116.830015",34.243088,-116.830015,Male,No,No,No,55,Yes,No,Fiber optic,Yes,Yes,No,No,Yes,Yes,One year,Yes,Mailed check,100.9,5552.05,No,0,22,5101,,0.00020065221,0,0,Very low risk
7134-MJPDY,1,United States,California,Moorpark,93021,"34.312945, -118.858169",34.312945,-118.858169,Female,Yes,No,No,66,Yes,Yes,Fiber optic,No,No,Yes,Yes,Yes,Yes,One year,Yes,Credit card (automatic),102.85,6976.75,No,0,40,5569,,0.00020065221,0,0,Very low risk
1360-XFJMR,1,United States,California,Washington,95986,"39.34128, -120.786867",39.34128,-120.786867,Female,No,Yes,No,67,Yes,Yes,Fiber optic,No,Yes,Yes,Yes,Yes,Yes,One year,Yes,Credit card (automatic),109.7,7344.45,No,0,24,4017,,0.00020065221,0,0,Very low risk
6284-KMNUF,1,United States,California,Twentynine Palms,92278,"34.457829, -116.139589",34.457829,-116.139589,Female,No,Yes,No,56,Yes,Yes,Fiber optic,Yes,No,No,No,Yes,Yes,One year,Yes,Electronic check,98.0,5270.6,No,0,25,4615,,0.00020065221,0,0,Very low risk
0422-UXFAP,1,United States,California,San Diego,92117,"32.825086, -117.199424",32.825086,-117.199424,Female,No,Yes,No,51,Yes,Yes,Fiber optic,No,No,Yes,No,Yes,Yes,One year,Yes,Electronic check,98.85,4947.55,No,0,43,6034,,0.00020065221,0,0,Very low risk
2293-IJWPS,1,United States,California,Piercy,95587,"39.955587, -123.681175",39.955587,-123.681175,Female,No,Yes,No,57,Yes,Yes,Fiber optic,No,No,Yes,No,Yes,Yes,One year,Yes,Credit card (automatic),100.75,5985.0,No,0,31,6354,,0.00020065221,0,0,Very low risk
2924-KHUVI,1,United States,California,Orland,95963,"39.748037, -122.302169",39.748037,-122.302169,Male,No,Yes,No,56,Yes,Yes,Fiber optic,Yes,No,No,No,Yes,Yes,One year,Yes,Electronic check,100.55,5514.95,No,0,61,4847,,0.00020065221,0,0,Very low risk
8033-VCZGH,1,United States,California,Tracy,95376,"37.680968, -121.446049",37.680968,-121.446049,Male,No,Yes,No,50,Yes,Yes,Fiber optic,Yes,No,Yes,No,Yes,Yes,One year,Yes,Electronic check,103.95,5231.3,No,0,42,4363,,0.00020065221,0,0,Very low risk
5440-VHLUL,1,United States,California,Berkeley,94710,"37.872902, -122.303708",37.872902,-122.303708,Male,No,No,No,69,Yes,Yes,Fiber optic,No,Yes,No,Yes,Yes,Yes,One year,Yes,Bank transfer (automatic),105.2,7386.05,No,0,47,6247,,0.00020065221,0,0,Very low risk
2480-EJWYP,1,United States,California,Roseville,95747,"38.784329, -121.373245",38.784329,-121.373245,Female,Yes,Yes,No,58,Yes,Yes,Fiber optic,No,Yes,No,No,Yes,Yes,One year,Yes,Bank transfer (automatic),97.8,5458.8,No,0,23,6019,,0.00020065221,0,0,Very low risk
5966-EMAZU,1,United States,California,Fort Bidwell,96112,"41.932207, -120.135941",41.932207,-120.135941,Male,No,Yes,No,64,Yes,Yes,Fiber optic,Yes,No,Yes,Yes,Yes,Yes,One year,Yes,Mailed check,108.5,6880.85,No,0,22,4576,,0.00020065221,0,0,Very low risk
4619-EVPHY,1,United States,California,Lamont,93241,"35.245035, -118.905553",35.245035,-118.905553,Female,Yes,Yes,No,20,Yes,No,Fiber optic,No,No,No,No,Yes,Yes,One year,Yes,Bank transfer (automatic),91.0,1859.5,No,0,57,3748,,0.00020003215,0,0,Very low risk
7251-LJBQN,1,United States,California,Strathmore,93267,"36.141319, -119.129075",36.141319,-119.129075,Female,Yes,No,No,40,Yes,Yes,Fiber optic,No,No,Yes,Yes,Yes,Yes,One year,Yes,Credit card (automatic),103.75,4188.4,No,0,20,3568,,0.00020003215,0,0,Very low risk
6874-SGLHU,1,United States,California,San Jose,95121,"37.304681, -121.809955",37.304681,-121.809955,Male,No,No,No,30,Yes,No,Fiber optic,No,Yes,No,No,Yes,Yes,One year,Yes,Bank transfer (automatic),97.0,3021.3,No,0,23,4126,,0.00020003215,0,0,Very low risk
1077-HUUJM,1,United States,California,Rancho Cucamonga,91730,"34.10097, -117.57882",34.10097,-117.57882,Female,No,No,Yes,7,Yes,No,Fiber optic,No,No,No,No,No,No,Month-to-month,Yes,Electronic check,71.05,472.65,No,0,49,4668,,0.00019990955,0,0,Very low risk
4693-VWVBO,1,United States,California,Valley Springs,95252,"38.156971, -120.849231",38.156971,-120.849231,Female,No,No,No,3,Yes,No,No,No internet service,No internet service,No internet service,No internet service,No internet service,No internet service,Month-to-month,No,Electronic check,19.55,61.05,No,0,46,3889,,0.00019943627,0,0,Very low risk
7017-VFULY,1,United States,California,Chatsworth,91311,"34.294142, -118.603883",34.294142,-118.603883,Female,No,Yes,No,2,Yes,No,No,No internet service,No internet service,No internet service,No internet service,No internet service,No internet service,Month-to-month,No,Bank transfer (automatic),20.1,43.15,No,0,26,4158,,0.00019943627,0,0,Very low risk
2308-STERM,1,United States,California,Armona,93202,"36.315979, -119.710852",36.315979,-119.710852,Female,No,No,No,2,Yes,No,No,No internet service,No internet service,No internet service,No internet service,No internet service,No internet service,Month-to-month,No,Mailed check,19.4,61.05,No,0,63,5816,,0.00019943627,0,0,Very low risk
7750-EYXWZ,1,United States,California,Yucca Valley,92284,"34.159534, -116.425984",34.159534,-116.425984,Female,No,No,No,12,No,No phone service,DSL,No,Yes,Yes,Yes,Yes,Yes,One year,No,Electronic check,60.65,743.3,No,0,24,3740,,0.00019823825,0,0,Very low risk
8985-OOPOS,1,United States,California,Occidental,95465,"38.415003, -122.998726",38.415003,-122.998726,Female,No,No,No,1,Yes,No,DSL,No,No,Yes,Yes,Yes,Yes,One year,No,Credit card (automatic),74.1,74.1,No,0,23,2900,,0.00019786983,0,0,Very low risk
1100-DDVRV,1,United States,California,Twain Harte,95383,"38.107441, -120.230625",38.107441,-120.230625,Male,No,Yes,No,17,No,No phone service,DSL,No,Yes,No,No,Yes,Yes,Month-to-month,Yes,Mailed check,49.8,836.35,No,0,24,5575,,0.0001972341,0,0,Very low risk
0749-IRGQE,1,United States,California,Buena Park,90621,"33.874224, -117.993368",33.874224,-117.993368,Female,Yes,Yes,No,13,No,No phone service,DSL,No,No,No,No,Yes,Yes,Month-to-month,No,Electronic check,45.3,528.45,No,0,48,4118,,0.0001972341,0,0,Very low risk
8158-WPEZG,1,United States,California,Los Angeles,90061,"33.92128, -118.274186",33.92128,-118.274186,Male,No,No,No,11,No,No phone service,DSL,No,Yes,No,Yes,No,No,Month-to-month,Yes,Electronic check,35.65,425.1,No,0,61,4986,,0.0001972341,0,0,Very low risk
5574-NXZIU,1,United States,California,Los Alamos,93440,"34.758699, -120.275839",34.758699,-120.275839,Male,No,No,No,63,Yes,No,Fiber optic,Yes,Yes,Yes,Yes,Yes,Yes,Two year,No,Credit card (automatic),109.2,7049.75,No,0,33,4273,,0.00019663997,0,0,Very low risk
2750-BJLSB,1,United States,California,Rancho Santa Fe,92067,"33.012751, -117.200617",33.012751,-117.200617,Female,No,No,No,47,Yes,No,Fiber optic,Yes,No,Yes,Yes,Yes,Yes,One year,Yes,Electronic check,103.7,4730.6,No,0,20,4543,,0.00019658636,0,0,Very low risk
1357-BIJKI,1,United States,California,Mission Viejo,92691,"33.611945, -117.665867",33.611945,-117.665867,Male,No,Yes,No,50,Yes,Yes,Fiber optic,No,Yes,No,No,Yes,Yes,One year,Yes,Electronic check,98.25,4858.7,No,0,62,5154,,0.00019658636,0,0,Very low risk
9327-QSDED,1,United States,California,Quincy,95971,"39.971228, -121.041166",39.971228,-121.041166,Male,No,No,No,8,Yes,No,DSL,No,No,No,No,No,No,Month-to-month,No,Mailed check,43.55,335.4,No,0,60,3266,,0.00019635557,0,0,Very low risk
0015-UOCOJ,1,United States,California,Simi Valley,93063,"34.296813, -118.685703",34.296813,-118.685703,Female,Yes,No,No,7,Yes,No,DSL,Yes,No,No,No,No,No,Month-to-month,Yes,Electronic check,48.2,340.35,No,0,34,5525,,0.00019635557,0,0,Very low risk
1848-LBZHY,1,United States,California,Downey,90242,"33.921793, -118.140588",33.921793,-118.140588,Female,No,Yes,No,7,Yes,No,DSL,Yes,No,No,No,No,No,Month-to-month,Yes,Bank transfer (automatic),50.3,355.1,No,0,42,2547,,0.00019635557,0,0,Very low risk
3604-WLABM,1,United States,California,San Diego,92104,"32.741499, -117.127409",32.741499,-117.127409,Female,No,No,No,10,Yes,No,DSL,No,No,Yes,Yes,No,No,Month-to-month,No,Electronic check,54.25,583.0,No,0,43,2253,,0.00019635557,0,0,Very low risk
7054-ENNGU,1,United States,California,Benicia,94510,"38.113533, -122.11926",38.113533,-122.11926,Female,No,Yes,No,9,Yes,No,DSL,No,Yes,No,No,No,No,Month-to-month,No,Mailed check,50.85,466.6,No,0,26,4623,,0.00019635557,0,0,Very low risk
6383-ZTSIW,1,United States,California,Gustine,95322,"37.147198, -121.120161",37.147198,-121.120161,Female,Yes,Yes,No,39,Yes,No,Fiber optic,Yes,Yes,No,No,Yes,Yes,One year,No,Mailed check,99.1,3877.95,No,0,22,4599,,0.00019626852,0,0,Very low risk
8166-ORCHU,1,United States,California,Oakland,94605,"37.758019, -122.138678",37.758019,-122.138678,Male,Yes,Yes,No,33,Yes,No,Fiber optic,Yes,Yes,No,Yes,No,Yes,One year,Yes,Electronic check,93.55,3055.5,No,0,21,4414,,0.00019537081,0,0,Very low risk
9909-DFRJA,1,United States,California,Goodyears Bar,95944,"39.564113, -120.868836",39.564113,-120.868836,Female,No,No,No,26,Yes,No,Fiber optic,Yes,No,Yes,Yes,No,Yes,One year,Yes,Bank transfer (automatic),95.85,2475.35,No,0,42,3834,,0.00019537081,0,0,Very low risk
2758-RNWXS,1,United States,California,Oceanside,92054,"33.351059, -117.420557",33.351059,-117.420557,Male,No,No,No,35,Yes,No,Fiber optic,Yes,No,No,Yes,No,Yes,One year,Yes,Electronic check,89.2,3251.3,No,0,39,4446,,0.00019537081,0,0,Very low risk
2720-FVBQP,1,United States,California,Mccloud,96057,"41.251322, -122.105209",41.251322,-122.105209,Female,No,Yes,Yes,6,Yes,Yes,DSL,No,No,No,No,No,No,Month-to-month,Yes,Credit card (automatic),48.95,273.25,No,0,30,3061,,0.00019507782,0,0,Very low risk
3675-EQOZA,1,United States,California,Newport Beach,92660,"33.634626, -117.874882",33.634626,-117.874882,Male,No,No,No,5,Yes,No,No,No internet service,No internet service,No internet service,No internet service,No internet service,No internet service,Month-to-month,No,Bank transfer (automatic),20.65,93.55,No,0,60,5597,,0.00019490809,0,0,Very low risk
4819-HJPIW,1,United States,California,Avery,95224,"38.208336, -120.339938",38.208336,-120.339938,Male,No,No,No,18,No,No phone service,DSL,No,No,No,No,No,No,Month-to-month,No,Mailed check,25.15,476.8,No,0,31,2675,,0.00019448316,0,0,Very low risk
2770-NSVDG,1,United States,California,San Jose,95124,"37.257063, -121.923037",37.257063,-121.923037,Male,No,Yes,No,24,No,No phone service,DSL,No,No,Yes,No,No,No,Month-to-month,No,Electronic check,29.1,688.0,No,0,33,4636,,0.00019448316,0,0,Very low risk
4524-QCSSM,1,United States,California,Encino,91436,"34.152875, -118.486056",34.152875,-118.486056,Male,No,No,No,26,No,No phone service,DSL,Yes,Yes,No,No,No,Yes,Month-to-month,Yes,Bank transfer (automatic),44.65,1156.55,No,0,33,4512,,0.00019448316,0,0,Very low risk
1559-DTODC,1,United States,California,Santa Barbara,93111,"34.460197, -119.802602",34.460197,-119.802602,Male,No,No,No,19,No,No phone service,DSL,No,No,No,No,No,No,Month-to-month,Yes,Bank transfer (automatic),25.15,468.35,No,0,54,3784,,0.00019448316,0,0,Very low risk
1360-JYXKQ,1,United States,California,South Gate,90280,"33.944624, -118.192615",33.944624,-118.192615,Female,Yes,Yes,No,54,Yes,No,Fiber optic,No,No,Yes,Yes,Yes,Yes,One year,Yes,Electronic check,99.1,5437.1,No,0,54,4118,,0.0001939441,0,0,Very low risk
2252-JHJGE,1,United States,California,Sun Valley,91352,"34.231053, -118.338307",34.231053,-118.338307,Male,No,No,No,61,Yes,Yes,Fiber optic,Yes,No,Yes,No,Yes,Yes,One year,No,Electronic check,104.0,6363.45,No,0,22,4344,,0.0001939441,0,0,Very low risk
7629-WIXZF,1,United States,California,San Rafael,94903,"38.018065, -122.546024",38.018065,-122.546024,Female,No,No,No,7,Yes,No,DSL,Yes,No,No,No,No,Yes,One year,Yes,Electronic check,59.1,369.25,No,0,29,4770,,0.00019325886,0,0,Very low risk
5081-NWSUP,1,United States,California,San Jose,95122,"37.32886, -121.834567",37.32886,-121.834567,Female,No,No,No,10,Yes,No,DSL,No,Yes,No,Yes,No,Yes,One year,No,Mailed check,64.9,685.55,No,0,62,4883,,0.00019325886,0,0,Very low risk
9480-BQJEI,1,United States,California,Sacramento,95837,"38.691607, -121.602284",38.691607,-121.602284,Male,No,No,No,62,Yes,Yes,Fiber optic,Yes,Yes,No,No,No,Yes,One year,Yes,Bank transfer (automatic),92.3,5731.45,No,0,58,6468,,0.00019297125,0,0,Very low risk
0440-UEDAI,1,United States,California,Callahan,96014,"41.388397, -122.794636",41.388397,-122.794636,Female,No,No,No,53,Yes,No,Fiber optic,No,Yes,Yes,Yes,No,Yes,One year,Yes,Credit card (automatic),94.45,5042.75,No,0,64,5452,,0.00019297125,0,0,Very low risk
5850-BDWCY,1,United States,California,Los Angeles,90045,"33.954017, -118.402447",33.954017,-118.402447,Female,No,No,No,6,Yes,No,No,No internet service,No internet service,No internet service,No internet service,No internet service,No internet service,Month-to-month,No,Mailed check,20.2,123.65,No,0,26,5029,,0.00019271953,0,0,Very low risk
6258-NGCNG,1,United States,California,Compton,90220,"33.88151, -118.234451",33.88151,-118.234451,Male,No,No,No,7,Yes,Yes,No,No internet service,No internet service,No internet service,No internet service,No internet service,No internet service,Month-to-month,No,Mailed check,23.5,173.0,No,0,33,5508,,0.00019271953,0,0,Very low risk
5402-HTOTQ,1,United States,California,Macdoel,96058,"41.769709, -121.92063",41.769709,-121.92063,Male,No,No,No,16,Yes,Yes,DSL,No,Yes,No,No,No,No,Month-to-month,No,Electronic check,55.3,875.35,No,0,25,3771,,0.00019222952,0,0,Very low risk
1629-DQQVB,1,United States,California,Keeler,93530,"36.560498, -117.962461",36.560498,-117.962461,Female,No,No,No,14,Yes,No,DSL,Yes,No,No,No,No,No,Month-to-month,No,Bank transfer (automatic),50.1,709.5,No,0,25,2331,,0.00019222952,0,0,Very low risk
2257-BOVXD,1,United States,California,Tahoe City,96145,"39.178337, -120.162806",39.178337,-120.162806,Male,No,Yes,No,14,Yes,Yes,DSL,No,No,No,Yes,Yes,No,Month-to-month,Yes,Credit card (automatic),66.6,979.5,No,0,36,3516,,0.00019222952,0,0,Very low risk
7876-BEUTG,1,United States,California,San Bruno,94066,"37.624436, -122.430661",37.624436,-122.430661,Female,No,No,No,15,Yes,Yes,DSL,No,No,No,No,No,No,Month-to-month,Yes,Mailed check,48.8,720.1,No,0,57,2577,,0.00019222952,0,0,Very low risk
7130-CTCUS,1,United States,California,Springville,93265,"36.245926, -118.693138",36.245926,-118.693138,Male,Yes,Yes,No,16,Yes,No,DSL,Yes,Yes,No,No,No,No,Month-to-month,Yes,Bank transfer (automatic),54.55,825.1,No,0,34,3324,,0.00019222952,0,0,Very low risk
9163-GHAYE,1,United States,California,Stockton,95204,"37.974498, -121.319568",37.974498,-121.319568,Female,No,No,No,15,Yes,No,DSL,No,Yes,No,No,No,No,Month-to-month,No,Electronic check,48.85,736.8,No,0,62,5584,,0.00019222952,0,0,Very low risk
6898-MDLZW,1,United States,California,Blue Lake,95525,"40.94338, -123.831799",40.94338,-123.831799,Male,No,No,No,12,Yes,No,DSL,No,Yes,No,Yes,No,No,Month-to-month,Yes,Mailed check,53.75,648.65,No,0,28,5385,,0.00019222952,0,0,Very low risk
2782-LFZVW,1,United States,California,Costa Mesa,92627,"33.645672, -117.922613",33.645672,-117.922613,Female,No,No,No,11,Yes,Yes,DSL,No,No,No,No,No,Yes,Month-to-month,Yes,Mailed check,58.95,601.6,No,0,21,3880,,0.00019222952,0,0,Very low risk
0430-IHCDJ,1,United States,California,Highland,92346,"34.129677, -117.154277",34.129677,-117.154277,Male,No,No,No,15,Yes,Yes,DSL,No,No,No,No,No,No,Month-to-month,Yes,Electronic check,49.0,749.25,No,0,25,2597,,0.00019222952,0,0,Very low risk
4672-FOTSD,1,United States,California,Dorris,96023,"41.949216, -122.050062",41.949216,-122.050062,Male,No,No,No,12,Yes,Yes,DSL,Yes,Yes,No,Yes,No,No,Month-to-month,Yes,Electronic check,67.25,832.3,No,0,56,4334,,0.00019222952,0,0,Very low risk
4226-KKDON,1,United States,California,French Camp,95231,"37.873283, -121.292034",37.873283,-121.292034,Male,No,No,No,8,Yes,No,DSL,No,Yes,No,Yes,Yes,No,Month-to-month,Yes,Electronic check,66.65,520.95,No,0,60,3804,,0.00019187226,0,0,Very low risk
8160-HOWOX,1,United States,California,San Bernardino,92407,"34.250069, -117.393949",34.250069,-117.393949,Female,No,No,No,7,Yes,No,DSL,No,No,No,No,Yes,Yes,Month-to-month,Yes,Electronic check,66.85,458.1,No,0,43,4858,,0.00019187226,0,0,Very low risk
0701-TJSEF,1,United States,California,Santa Barbara,93105,"34.037342, -119.80079",34.037342,-119.80079,Male,No,No,No,9,Yes,No,DSL,Yes,No,Yes,Yes,No,Yes,Month-to-month,Yes,Bank transfer (automatic),68.25,576.95,No,0,40,4366,,0.00019187226,0,0,Very low risk
6854-EXGSF,1,United States,California,Mt Baldy,91759,"34.231318, -117.662032",34.231318,-117.662032,Female,No,No,No,8,Yes,Yes,DSL,Yes,Yes,Yes,No,No,No,Month-to-month,Yes,Bank transfer (automatic),65.5,573.15,No,0,38,3033,,0.00019187226,0,0,Very low risk
4332-MUOEZ,1,United States,California,Moreno Valley,92553,"33.923149, -117.244933",33.923149,-117.244933,Male,Yes,Yes,No,20,Yes,No,Fiber optic,Yes,No,Yes,Yes,No,Yes,One year,No,Credit card (automatic),94.3,1818.3,No,0,32,2574,,0.0001916947,0,0,Very low risk
8190-ZTQFB,1,United States,California,Bieber,96009,"41.083464, -121.107929",41.083464,-121.107929,Male,No,No,No,41,No,No phone service,DSL,No,No,Yes,No,Yes,Yes,One year,Yes,Electronic check,51.35,2075.1,No,0,59,5622,,0.0001907275,0,0,Very low risk
1136-XGEQU,1,United States,California,Winchester,92596,"33.657433, -117.04254",33.657433,-117.04254,Female,No,Yes,No,50,Yes,Yes,DSL,No,Yes,Yes,Yes,Yes,Yes,One year,Yes,Credit card (automatic),84.15,4164.4,No,0,43,4625,,0.0001907275,0,0,Very low risk
8970-ANWXO,1,United States,California,Sacramento,95835,"38.685069, -121.543709",38.685069,-121.543709,Female,No,No,No,23,Yes,Yes,DSL,No,No,No,Yes,Yes,Yes,One year,Yes,Mailed check,73.75,1756.6,No,0,28,3483,,0.0001907275,0,0,Very low risk
8782-NUUOL,1,United States,California,Crescent Mills,95934,"40.080342, -120.957805",40.080342,-120.957805,Male,No,No,No,60,Yes,No,DSL,Yes,No,Yes,Yes,Yes,Yes,One year,No,Mailed check,79.0,4801.1,No,0,43,4807,,0.0001907275,0,0,Very low risk
9107-UKCKY,1,United States,California,Carpinteria,93013,"34.441398, -119.513163",34.441398,-119.513163,Male,No,Yes,No,61,Yes,Yes,DSL,No,Yes,Yes,No,Yes,Yes,One year,Yes,Electronic check,79.8,4914.8,No,0,24,6432,,0.0001907275,0,0,Very low risk
0484-FFVBJ,1,United States,California,Fort Bragg,95437,"39.455555, -123.683979",39.455555,-123.683979,Male,No,No,No,32,Yes,No,DSL,No,No,No,No,Yes,Yes,One year,Yes,Bank transfer (automatic),64.85,2010.95,No,0,29,4895,,0.0001907275,0,0,Very low risk
8409-WQJUX,1,United States,California,Arcata,95521,"40.839958, -124.003757",40.839958,-124.003757,Female,No,No,No,25,No,No phone service,DSL,No,No,Yes,Yes,Yes,Yes,One year,No,Electronic check,54.2,1423.15,No,0,24,4458,,0.0001907275,0,0,Very low risk
1264-FUHCX,1,United States,California,San Diego,92106,"32.71346, -117.236378",32.71346,-117.236378,Female,No,Yes,No,49,No,No phone service,DSL,No,Yes,No,Yes,Yes,Yes,One year,Yes,Credit card (automatic),56.3,2780.6,No,0,20,5913,,0.0001907275,0,0,Very low risk
3229-USWAR,1,United States,California,San Francisco,94129,"37.797526, -122.464531",37.797526,-122.464531,Female,No,No,No,34,Yes,No,DSL,Yes,No,Yes,Yes,Yes,Yes,One year,Yes,Bank transfer (automatic),79.95,2727.3,No,0,26,3570,,0.0001907275,0,0,Very low risk
7690-KPNCU,1,United States,California,Willow Creek,95573,"40.949012, -123.655847",40.949012,-123.655847,Male,No,Yes,No,64,Yes,No,DSL,Yes,No,Yes,No,Yes,Yes,One year,Yes,Credit card (automatic),73.05,4688.65,No,0,28,4515,,0.0001907275,0,0,Very low risk
4759-PXTAN,1,United States,California,Potter Valley,95469,"39.408634, -123.045516",39.408634,-123.045516,Female,No,Yes,No,59,Yes,Yes,DSL,No,Yes,No,Yes,Yes,Yes,One year,Yes,Electronic check,80.1,4693.2,No,0,26,4093,,0.0001907275,0,0,Very low risk
7838-LAZFO,1,United States,California,Hanford,93230,"36.29223, -119.622676",36.29223,-119.622676,Male,No,Yes,No,45,Yes,No,DSL,Yes,Yes,Yes,No,Yes,Yes,One year,No,Bank transfer (automatic),78.8,3597.5,No,0,37,4192,,0.0001907275,0,0,Very low risk
6968-MHOMU,1,United States,California,Princeton,95970,"39.424957, -122.039307",39.424957,-122.039307,Male,No,Yes,No,58,No,No phone service,DSL,No,No,No,No,Yes,Yes,One year,Yes,Credit card (automatic),45.0,2689.35,No,0,55,5006,,0.0001907275,0,0,Very low risk
9359-UGBTK,1,United States,California,Lockeford,95237,"38.166791, -121.14207",38.166791,-121.14207,Female,No,No,No,67,Yes,No,DSL,Yes,No,Yes,Yes,No,Yes,One year,Yes,Bank transfer (automatic),72.35,4991.5,No,0,50,4910,,0.00019013592,0,0,Very low risk
3487-EARAT,1,United States,California,Wishon,93669,"37.287758, -119.548156",37.287758,-119.548156,Female,No,Yes,No,70,Yes,No,DSL,Yes,Yes,Yes,Yes,No,Yes,One year,No,Credit card (automatic),74.1,5222.3,No,0,43,6325,,0.00019013592,0,0,Very low risk
3442-ZHHCC,1,United States,California,Coarsegold,93614,"37.212191, -119.749323",37.212191,-119.749323,Male,No,No,No,68,Yes,Yes,DSL,Yes,Yes,Yes,No,No,Yes,One year,Yes,Credit card (automatic),76.9,5023.0,No,0,53,5355,,0.00019013592,0,0,Very low risk
8582-KRHPJ,1,United States,California,Moraga,94556,"37.827946, -122.107185",37.827946,-122.107185,Male,No,No,No,50,No,No phone service,DSL,Yes,Yes,No,No,No,No,Month-to-month,Yes,Mailed check,35.0,1782.4,No,0,45,5629,,0.00018976157,0,0,Very low risk
6128-AQBMT,1,United States,California,Nicasio,94946,"38.065359, -122.665566",38.065359,-122.665566,Male,Yes,Yes,No,41,No,No phone service,DSL,No,Yes,Yes,No,Yes,Yes,Month-to-month,Yes,Electronic check,53.95,2215.4,No,0,46,3920,,0.00018976157,0,0,Very low risk
3896-RCYYE,1,United States,California,Atwater,95301,"37.321233, -120.656354",37.321233,-120.656354,Female,No,No,No,67,No,No phone service,DSL,No,No,Yes,Yes,Yes,Yes,Month-to-month,Yes,Credit card (automatic),53.4,3579.15,No,0,37,5990,,0.00018976157,0,0,Very low risk
1530-ZTDOZ,1,United States,California,Studio City,91604,"34.139082, -118.39275",34.139082,-118.39275,Female,No,Yes,No,49,No,No phone service,DSL,Yes,No,No,No,Yes,No,Month-to-month,No,Bank transfer (automatic),40.65,2070.75,No,0,29,5565,,0.00018976157,0,0,Very low risk
8671-KKKOS,1,United States,California,Newman,95360,"37.343846, -121.039391",37.343846,-121.039391,Female,No,Yes,No,46,No,No phone service,DSL,Yes,Yes,No,No,Yes,No,Month-to-month,No,Electronic check,45.55,2062.15,No,0,27,5565,,0.00018976157,0,0,Very low risk
5533-RJFTJ,1,United States,California,Lemoore,93245,"36.303666, -119.825657",36.303666,-119.825657,Male,No,No,No,49,No,No phone service,DSL,No,No,Yes,No,No,No,Month-to-month,Yes,Bank transfer (automatic),30.2,1453.1,No,0,42,5214,,0.00018976157,0,0,Very low risk
6704-UTUKK,1,United States,California,Exeter,93221,"36.301689, -119.018233",36.301689,-119.018233,Male,No,Yes,No,29,No,No phone service,DSL,No,No,No,No,Yes,Yes,Month-to-month,Yes,Electronic check,45.9,1332.4,No,0,37,5074,,0.00018976157,0,0,Very low risk
2478-EEWWM,1,United States,California,Glenn,95943,"39.597975, -122.032248",39.597975,-122.032248,Male,No,Yes,No,59,No,No phone service,DSL,No,No,No,No,Yes,Yes,Month-to-month,Yes,Electronic check,44.3,2666.75,No,0,28,5905,,0.00018976157,0,0,Very low risk
3858-XHYJO,1,United States,California,San Gabriel,91776,"34.089927, -118.095645",34.089927,-118.095645,Female,No,Yes,No,40,Yes,Yes,Fiber optic,Yes,No,Yes,No,Yes,Yes,One year,No,Bank transfer (automatic),105.75,4228.55,No,0,41,4078,,0.00018970693,0,0,Very low risk
0297-RBCSG,1,United States,California,San Francisco,94104,"37.791222, -122.402241",37.791222,-122.402241,Male,No,No,No,19,Yes,No,DSL,No,Yes,No,Yes,No,Yes,One year,Yes,Bank transfer (automatic),65.35,1231.85,No,0,39,2051,,0.00018969174,0,0,Very low risk
2212-LYASK,1,United States,California,Brea,92823,"33.924143, -117.79387",33.924143,-117.79387,Male,No,Yes,No,27,No,No phone service,DSL,No,Yes,Yes,No,No,Yes,One year,Yes,Credit card (automatic),45.85,1246.4,No,0,49,2068,,0.00018969174,0,0,Very low risk
5438-QMDDL,1,United States,California,Campo Seco,95226,"38.233879, -120.861666",38.233879,-120.861666,Female,No,Yes,No,19,Yes,No,DSL,No,Yes,No,No,No,Yes,Month-to-month,Yes,Mailed check,59.8,1130.85,No,0,32,3652,,0.00018954836,0,0,Very low risk
2087-QAREY,1,United States,California,Sequoia National Park,93262,"36.527243, -118.594938",36.527243,-118.594938,Female,No,Yes,No,22,Yes,No,DSL,No,Yes,Yes,No,No,No,Month-to-month,Yes,Mailed check,54.7,1178.75,No,0,53,5722,,0.00018954836,0,0,Very low risk
2195-VVRJF,1,United States,California,Los Angeles,90018,"34.028735, -118.317236",34.028735,-118.317236,Male,Yes,Yes,No,18,Yes,No,DSL,Yes,No,No,No,No,Yes,Month-to-month,Yes,Credit card (automatic),59.1,1011.05,No,0,30,2422,,0.00018954836,0,0,Very low risk
2446-ZKVAF,1,United States,California,Stockton,95207,"38.002125, -121.324979",38.002125,-121.324979,Male,No,Yes,No,18,Yes,Yes,DSL,No,Yes,No,No,No,No,Month-to-month,No,Credit card (automatic),56.8,1074.65,No,0,59,5558,,0.00018954836,0,0,Very low risk
2828-SLQPF,1,United States,California,San Marino,91108,"34.122671, -118.112911",34.122671,-118.112911,Male,No,No,No,19,Yes,No,DSL,No,No,No,No,No,No,Month-to-month,Yes,Bank transfer (automatic),45.0,865.85,No,0,62,4519,,0.00018954836,0,0,Very low risk
4003-FUSHP,1,United States,California,Santa Cruz,95060,"36.993451, -122.098858",36.993451,-122.098858,Male,No,No,No,19,Yes,No,DSL,No,No,No,Yes,Yes,No,Month-to-month,Yes,Credit card (automatic),61.55,1093.2,No,0,60,5831,,0.00018954836,0,0,Very low risk
1090-ESELR,1,United States,California,Fawnskin,92333,"34.274846, -116.937581",34.274846,-116.937581,Male,No,Yes,No,72,Yes,No,Fiber optic,Yes,Yes,No,Yes,Yes,Yes,Two year,No,Bank transfer (automatic),105.5,7611.55,No,0,25,5534,,0.0001889208,0,0,Very low risk
0959-WHOKV,1,United States,California,Covina,91724,"34.08111, -117.853935",34.08111,-117.853935,Male,No,No,No,42,Yes,Yes,Fiber optic,Yes,Yes,Yes,No,No,Yes,One year,Yes,Electronic check,99.0,4298.45,No,0,46,2887,,0.00018883923,0,0,Very low risk
6497-TILVL,1,United States,California,La Mirada,90638,"33.902045, -118.008961",33.902045,-118.008961,Female,No,Yes,Yes,7,Yes,No,DSL,Yes,No,No,No,No,No,Month-to-month,No,Mailed check,50.7,350.35,No,0,59,3097,,0.00018845213,0,0,Very low risk
2843-CQMEG,1,United States,California,San Diego,92120,"32.807867, -117.060993",32.807867,-117.060993,Male,No,No,No,24,Yes,No,DSL,No,Yes,No,No,No,No,Month-to-month,Yes,Mailed check,49.7,1218.25,No,0,38,2911,,0.0001883309,0,0,Very low risk
6890-PFRQX,1,United States,California,Sacramento,95819,"38.567594, -121.437507",38.567594,-121.437507,Male,No,No,No,18,Yes,Yes,DSL,Yes,No,Yes,No,Yes,No,Month-to-month,No,Mailed check,69.5,1199.4,No,0,24,4466,,0.0001883309,0,0,Very low risk
2001-MCUUW,1,United States,California,Corona,92879,"33.893823, -117.531446",33.893823,-117.531446,Male,No,No,No,46,Yes,Yes,Fiber optic,No,Yes,Yes,Yes,Yes,Yes,Two year,No,Electronic check,108.65,4903.2,No,0,25,4210,,0.0001880723,0,0,Very low risk
8819-ZBYNA,1,United States,California,Murrieta,92562,"33.548869, -117.334165",33.548869,-117.334165,Female,No,Yes,No,58,Yes,Yes,Fiber optic,Yes,Yes,No,Yes,Yes,Yes,Two year,Yes,Credit card (automatic),109.1,6393.65,No,0,57,4935,,0.0001880723,0,0,Very low risk
3694-GLTJM,1,United States,California,Corning,96021,"39.913777, -122.289984",39.913777,-122.289984,Female,No,No,No,5,Yes,No,No,No internet service,No internet service,No internet service,No internet service,No internet service,No internet service,Month-to-month,Yes,Credit card (automatic),19.65,92.05,No,0,42,2878,,0.00018786978,0,0,Very low risk
1855-CFULU,1,United States,California,Oakland,94619,"37.787186, -122.14633",37.787186,-122.14633,Female,Yes,No,No,4,Yes,No,No,No internet service,No internet service,No internet service,No internet service,No internet service,No internet service,Month-to-month,No,Mailed check,20.05,91.45,No,0,20,3460,,0.00018786978,0,0,Very low risk
2159-TURXX,1,United States,California,Weaverville,96093,"40.759401, -122.939337",40.759401,-122.939337,Male,No,No,No,5,Yes,No,No,No internet service,No internet service,No internet service,No internet service,No internet service,No internet service,Month-to-month,No,Credit card (automatic),20.05,95.55,No,0,51,2483,,0.00018786978,0,0,Very low risk
2967-MXRAV,1,United States,California,Los Angeles,90003,"33.964131, -118.272783",33.964131,-118.272783,Male,No,Yes,No,1,Yes,No,No,No internet service,No internet service,No internet service,No internet service,No internet service,No internet service,One year,No,Mailed check,18.8,18.8,No,0,51,5160,,0.00018702474,0,0,Very low risk
3077-RSNTJ,1,United States,California,Long Beach,90807,"33.830099, -118.182239",33.830099,-118.182239,Female,No,Yes,Yes,6,Yes,No,No,No internet service,No internet service,No internet service,No internet service,No internet service,No internet service,Month-to-month,No,Mailed check,19.7,113.5,No,0,43,4293,,0.00018699496,0,0,Very low risk
9788-YTFGE,1,United States,California,Fortuna,95540,"40.584991, -124.121504",40.584991,-124.121504,Male,No,No,No,7,Yes,No,No,No internet service,No internet service,No internet service,No internet service,No internet service,No internet service,Month-to-month,Yes,Mailed check,19.95,147.5,No,0,38,3331,,0.00018693595,0,0,Very low risk
1385-TQOZW,1,United States,California,Branscomb,95417,"39.710591, -123.682799",39.710591,-123.682799,Female,No,No,No,9,Yes,No,No,No internet service,No internet service,No internet service,No internet service,No internet service,No internet service,Month-to-month,Yes,Credit card (automatic),20.45,147.55,No,0,41,2392,,0.00018693595,0,0,Very low risk
1784-BXEFA,1,United States,California,Vacaville,95688,"38.419088, -122.024568",38.419088,-122.024568,Female,No,No,No,10,Yes,No,No,No internet service,No internet service,No internet service,No internet service,No internet service,No internet service,Month-to-month,Yes,Mailed check,20.55,187.35,No,0,43,3595,,0.00018693595,0,0,Very low risk
3847-BAERP,1,United States,California,Bass Lake,93604,"37.458367, -119.345011",37.458367,-119.345011,Female,No,No,No,10,Yes,No,No,No internet service,No internet service,No internet service,No internet service,No internet service,No internet service,Month-to-month,Yes,Mailed check,20.9,247.0,No,0,29,4905,,0.00018693595,0,0,Very low risk
1386-ZIKUV,1,United States,California,Glenhaven,95443,"39.045246, -122.743181",39.045246,-122.743181,Male,No,No,No,7,Yes,No,No,No internet service,No internet service,No internet service,No internet service,No internet service,No internet service,Month-to-month,Yes,Mailed check,18.95,130.55,No,0,26,4097,,0.00018693595,0,0,Very low risk
2428-ZMCTB,1,United States,California,Mountain View,94040,"37.380662, -122.086022",37.380662,-122.086022,Male,No,No,No,10,Yes,No,No,No internet service,No internet service,No internet service,No internet service,No internet service,No internet service,Month-to-month,No,Credit card (automatic),19.75,208.25,No,0,62,3926,,0.00018693595,0,0,Very low risk
5863-OOKCL,1,United States,California,Cayucos,93430,"35.511833, -120.918713",35.511833,-120.918713,Female,No,No,No,10,Yes,No,No,No internet service,No internet service,No internet service,No internet service,No internet service,No internet service,Month-to-month,No,Mailed check,18.85,163.2,No,0,62,5949,,0.00018693595,0,0,Very low risk
6773-LQTVT,1,United States,California,Long Beach,90803,"33.760458, -118.129725",33.760458,-118.129725,Female,Yes,Yes,Yes,29,No,No phone service,DSL,No,Yes,Yes,No,No,No,Month-to-month,Yes,Mailed check,35.65,1025.15,No,0,46,4107,,0.00018665507,0,0,Very low risk
7663-CUXZB,1,United States,California,Fields Landing,95537,"40.726949, -124.217378",40.726949,-124.217378,Male,No,Yes,No,59,Yes,Yes,Fiber optic,Yes,Yes,Yes,Yes,Yes,Yes,Two year,No,Electronic check,113.75,6561.25,No,0,23,6251,,0.00018633339,0,0,Very low risk
9289-LBQVU,1,United States,California,Hemet,92545,"33.734933, -117.044145",33.734933,-117.044145,Male,No,Yes,No,64,Yes,Yes,DSL,No,Yes,No,Yes,No,Yes,One year,Yes,Mailed check,70.15,4480.7,No,0,49,5037,,0.00018628295,0,0,Very low risk
0254-KCJGT,1,United States,California,Bodega Bay,94923,"38.377165, -123.037957",38.377165,-123.037957,Male,No,Yes,No,52,Yes,Yes,DSL,Yes,Yes,Yes,Yes,No,Yes,One year,Yes,Credit card (automatic),81.4,4354.45,No,0,64,4628,,0.00018628295,0,0,Very low risk
4501-UYKBC,1,United States,California,Igo,96047,"40.524535, -122.647172",40.524535,-122.647172,Female,Yes,No,No,46,Yes,Yes,DSL,No,No,Yes,Yes,No,Yes,One year,Yes,Credit card (automatic),69.1,3255.35,No,0,30,3856,,0.00018628295,0,0,Very low risk
4223-BKEOR,1,United States,California,San Bernardino,92411,"34.122501, -117.320138",34.122501,-117.320138,Female,No,No,No,21,Yes,No,DSL,Yes,No,Yes,No,No,Yes,One year,No,Mailed check,64.85,1336.8,No,0,51,3302,,0.00018628295,0,0,Very low risk
7531-GQHME,1,United States,California,San Jacinto,92582,"33.806708, -117.02007",33.806708,-117.02007,Male,No,No,No,12,Yes,No,No,No internet service,No internet service,No internet service,No internet service,No internet service,No internet service,Month-to-month,No,Credit card (automatic),20.05,265.45,No,0,56,4996,,0.00018584315,0,0,Very low risk
9367-TCUYN,1,United States,California,Los Angeles,90066,"34.002028, -118.430656",34.002028,-118.430656,Female,No,No,No,12,Yes,No,No,No internet service,No internet service,No internet service,No internet service,No internet service,No internet service,Month-to-month,No,Mailed check,20.1,223.6,No,0,32,5179,,0.00018584315,0,0,Very low risk
6838-HVLXG,1,United States,California,Keyes,95328,"37.555631, -120.911653",37.555631,-120.911653,Female,No,No,No,12,Yes,No,No,No internet service,No internet service,No internet service,No internet service,No internet service,No internet service,Month-to-month,No,Mailed check,20.3,246.7,No,0,27,4177,,0.00018584315,0,0,Very low risk
6112-KTHFQ,1,United States,California,Loleta,95551,"40.665952, -124.240051",40.665952,-124.240051,Female,No,No,No,13,Yes,No,No,No internet service,No internet service,No internet service,No internet service,No internet service,No internet service,Month-to-month,Yes,Mailed check,19.3,279.3,No,0,23,5917,,0.00018584315,0,0,Very low risk
5198-EFNBM,1,United States,California,Kingsburg,93631,"36.478239, -119.52137",36.478239,-119.52137,Male,Yes,Yes,No,57,Yes,No,Fiber optic,No,Yes,Yes,No,Yes,No,One year,Yes,Electronic check,90.65,5199.8,No,0,23,5636,,0.0001852095,0,0,Very low risk
3794-NFNCH,1,United States,California,Bella Vista,96008,"40.722733, -122.109666",40.722733,-122.109666,Male,No,Yes,No,30,Yes,No,DSL,No,No,Yes,No,No,No,Month-to-month,Yes,Mailed check,50.0,1474.9,No,0,29,4715,,0.00018494637,0,0,Very low risk
9633-DENPU,1,United States,California,Long Beach,90804,"33.783047, -118.1486",33.783047,-118.1486,Female,No,Yes,No,47,Yes,No,DSL,No,Yes,No,No,Yes,No,Month-to-month,Yes,Bank transfer (automatic),58.6,2723.4,No,0,33,2613,,0.00018494637,0,0,Very low risk
3413-CSSTH,1,United States,California,Stevinson,95374,"37.316807, -120.855753",37.316807,-120.855753,Male,No,No,No,41,Yes,Yes,DSL,No,No,Yes,No,No,No,Month-to-month,Yes,Bank transfer (automatic),55.7,2237.55,No,0,26,5590,,0.00018494637,0,0,Very low risk
2155-AMQRX,1,United States,California,Norwalk,90650,"33.905963, -118.08263",33.905963,-118.08263,Female,No,No,No,28,Yes,Yes,DSL,No,No,No,Yes,No,No,Month-to-month,Yes,Credit card (automatic),54.9,1505.15,No,0,26,2885,,0.00018494637,0,0,Very low risk
4002-BQWPQ,1,United States,California,Crockett,94525,"38.049292, -122.228415",38.049292,-122.228415,Male,No,No,No,25,Yes,Yes,DSL,Yes,Yes,Yes,Yes,No,Yes,Month-to-month,No,Bank transfer (automatic),81.75,2028.8,No,0,61,5917,,0.00018494637,0,0,Very low risk
8623-ULFNQ,1,United States,California,Cerritos,90703,"33.8681, -118.067402",33.8681,-118.067402,Female,Yes,No,No,26,Yes,Yes,DSL,No,No,No,Yes,No,Yes,Month-to-month,Yes,Electronic check,66.05,1652.4,No,0,43,3225,,0.00018494637,0,0,Very low risk
3179-GBRWV,1,United States,California,San Gabriel,91775,"34.114772, -118.089431",34.114772,-118.089431,Male,Yes,Yes,No,21,Yes,No,DSL,Yes,Yes,No,No,No,Yes,Month-to-month,Yes,Bank transfer (automatic),64.95,1339.8,No,0,23,4604,,0.00018494637,0,0,Very low risk
9931-KGHOA,1,United States,California,Santa Barbara,93103,"34.438581, -119.685368",34.438581,-119.685368,Female,No,Yes,No,46,Yes,Yes,DSL,Yes,No,No,No,No,No,Month-to-month,No,Bank transfer (automatic),55.0,2473.95,No,0,40,5928,,0.00018494637,0,0,Very low risk
0289-IVARM,1,United States,California,Parlier,93648,"36.622237, -119.521126",36.622237,-119.521126,Female,No,No,No,35,Yes,No,DSL,Yes,Yes,Yes,No,No,No,Month-to-month,No,Electronic check,60.55,1982.6,No,0,34,3463,,0.00018494637,0,0,Very low risk
4945-RVMTE,1,United States,California,Blocksburg,95514,"40.309088, -123.668201",40.309088,-123.668201,Female,No,No,No,28,Yes,No,DSL,No,No,Yes,No,Yes,No,Month-to-month,Yes,Bank transfer (automatic),59.55,1646.45,No,0,37,3354,,0.00018494637,0,0,Very low risk
1852-XEMDW,1,United States,California,Mad River,95552,"40.390301, -123.412327",40.390301,-123.412327,Male,No,No,No,22,Yes,Yes,DSL,Yes,Yes,Yes,No,No,No,Month-to-month,No,Mailed check,65.05,1427.55,No,0,30,4709,,0.00018494637,0,0,Very low risk
0440-QEXBZ,1,United States,California,Mojave,93501,"35.097323, -118.171288",35.097323,-118.171288,Female,No,No,No,44,Yes,Yes,DSL,No,No,No,No,No,No,Month-to-month,Yes,Mailed check,50.15,2139.1,No,0,42,5790,,0.00018494637,0,0,Very low risk
5136-RGMZO,1,United States,California,Gardena,90247,"33.890853, -118.297967",33.890853,-118.297967,Male,No,No,No,31,Yes,Yes,DSL,No,Yes,No,Yes,Yes,No,Month-to-month,Yes,Electronic check,71.05,2168.15,No,0,37,4443,,0.00018494637,0,0,Very low risk
1730-VFMWO,1,United States,California,Petaluma,94952,"38.237018, -122.77872",38.237018,-122.77872,Female,No,Yes,No,34,Yes,No,DSL,No,No,No,Yes,No,No,Month-to-month,No,Bank transfer (automatic),50.2,1815.3,No,0,54,4352,,0.00018494637,0,0,Very low risk
6075-QMNRR,1,United States,California,Doyle,96109,"40.012675, -120.101857",40.012675,-120.101857,Female,No,No,No,52,Yes,No,DSL,Yes,No,No,No,No,No,Month-to-month,Yes,Bank transfer (automatic),49.75,2535.55,No,0,26,6334,,0.00018494637,0,0,Very low risk
5949-HGVJL,1,United States,California,Mccloud,96057,"41.251322, -122.105209",41.251322,-122.105209,Female,No,Yes,No,26,Yes,No,DSL,No,Yes,No,Yes,Yes,Yes,Month-to-month,Yes,Electronic check,73.05,1959.5,No,0,46,2753,,0.00018494637,0,0,Very low risk
5524-KHNJP,1,United States,California,Glendale,91205,"34.13658, -118.245839",34.13658,-118.245839,Male,No,Yes,No,33,Yes,No,DSL,Yes,No,Yes,No,Yes,Yes,One year,No,Credit card (automatic),74.75,2453.3,No,0,26,5344,,0.00018435111,0,0,Very low risk
0895-LMRSF,1,United States,California,Imperial Beach,91932,"32.579134, -117.119009",32.579134,-117.119009,Male,No,No,No,23,Yes,No,DSL,No,No,No,No,Yes,Yes,One year,Yes,Bank transfer (automatic),64.9,1509.8,No,0,50,3314,,0.00018435111,0,0,Very low risk
9700-ISPUP,1,United States,California,Valley Center,92082,"33.25283, -116.986079",33.25283,-116.986079,Female,No,Yes,Yes,10,Yes,No,DSL,No,Yes,No,Yes,No,Yes,Month-to-month,Yes,Electronic check,65.5,616.9,No,0,44,3137,,0.00018414942,0,0,Very low risk
3780-YVMFA,1,United States,California,Long Beach,90803,"33.760458, -118.129725",33.760458,-118.129725,Female,No,Yes,Yes,8,Yes,No,DSL,No,No,No,Yes,Yes,Yes,Month-to-month,Yes,Electronic check,68.55,564.35,No,0,58,3123,,0.00018414942,0,0,Very low risk
6734-FQAJX,1,United States,California,Somerset,95684,"38.606703, -120.586659",38.606703,-120.586659,Male,Yes,No,No,67,Yes,No,Fiber optic,Yes,Yes,No,Yes,Yes,Yes,Two year,Yes,Electronic check,105.05,7171.7,No,0,49,4143,,0.00018398534,0,0,Very low risk
9142-XMYJH,1,United States,California,Fresno,93721,"36.732694, -119.783786",36.732694,-119.783786,Female,No,No,No,29,Yes,No,No,No internet service,No internet service,No internet service,No internet service,No internet service,No internet service,Month-to-month,No,Credit card (automatic),19.35,601.6,No,0,49,5227,,0.00018325105,0,0,Very low risk
8457-XIGKN,1,United States,California,Norco,92860,"33.925833, -117.559639",33.925833,-117.559639,Male,No,No,No,20,Yes,No,No,No internet service,No internet service,No internet service,No internet service,No internet service,No internet service,Month-to-month,Yes,Credit card (automatic),19.6,356.15,No,0,27,5909,,0.00018325105,0,0,Very low risk
8780-RSYYU,1,United States,California,Dixon,95620,"38.392821, -121.799917",38.392821,-121.799917,Female,No,No,No,25,Yes,No,No,No internet service,No internet service,No internet service,No internet service,No internet service,No internet service,Month-to-month,Yes,Credit card (automatic),19.2,532.1,No,0,23,2159,,0.00018325105,0,0,Very low risk
2958-NHPPS,1,United States,California,Sacramento,95816,"38.574856, -121.46504",38.574856,-121.46504,Male,No,No,No,23,Yes,No,No,No internet service,No internet service,No internet service,No internet service,No internet service,No internet service,Month-to-month,No,Electronic check,20.85,473.9,No,0,53,4263,,0.00018325105,0,0,Very low risk
5025-GOOKI,1,United States,California,San Geronimo,94963,"38.00474, -122.663717",38.00474,-122.663717,Female,No,No,No,20,Yes,No,No,No internet service,No internet service,No internet service,No internet service,No internet service,No internet service,Month-to-month,Yes,Credit card (automatic),18.9,347.65,No,0,51,4277,,0.00018325105,0,0,Very low risk
3623-FQBOX,1,United States,California,Los Angeles,90065,"34.108833, -118.229715",34.108833,-118.229715,Male,No,No,No,21,Yes,No,No,No internet service,No internet service,No internet service,No internet service,No internet service,No internet service,Month-to-month,Yes,Mailed check,19.95,416.4,No,0,36,3632,,0.00018325105,0,0,Very low risk
5468-BPMMO,1,United States,California,Santa Cruz,95064,"37.007882, -122.065975",37.007882,-122.065975,Male,No,Yes,No,46,Yes,No,No,No internet service,No internet service,No internet service,No internet service,No internet service,No internet service,Month-to-month,No,Electronic check,19.6,851.2,No,0,59,5092,,0.00018325105,0,0,Very low risk
9313-QOLTZ,1,United States,California,Chester,96020,"40.243494, -121.154733",40.243494,-121.154733,Male,No,No,No,26,Yes,No,No,No internet service,No internet service,No internet service,No internet service,No internet service,No internet service,Month-to-month,No,Mailed check,20.9,518.3,No,0,51,5895,,0.00018325105,0,0,Very low risk
6733-LRIZX,1,United States,California,Bodega Bay,94923,"38.377165, -123.037957",38.377165,-123.037957,Male,No,No,No,35,Yes,Yes,Fiber optic,Yes,No,Yes,Yes,Yes,Yes,Two year,Yes,Electronic check,108.95,4025.5,No,0,32,5903,,0.00018307063,0,0,Very low risk
9405-GPBBG,1,United States,California,Carmel By The Sea,93921,"36.554618, -121.922239",36.554618,-121.922239,Female,No,No,No,64,Yes,Yes,Fiber optic,No,Yes,Yes,Yes,Yes,Yes,Two year,Yes,Credit card (automatic),110.5,7069.25,No,0,64,5718,,0.0001827398,0,0,Very low risk
1936-UAFEH,1,United States,California,Pioneer,95666,"38.546999, -120.271114",38.546999,-120.271114,Female,No,No,No,68,Yes,Yes,Fiber optic,Yes,Yes,No,Yes,Yes,Yes,Two year,No,Credit card (automatic),110.25,7279.35,No,0,36,5502,,0.0001827398,0,0,Very low risk
6137-NICCO,1,United States,California,Perris,92571,"33.828289, -117.201666",33.828289,-117.201666,Female,No,Yes,Yes,6,Yes,Yes,Fiber optic,No,Yes,Yes,No,Yes,No,Month-to-month,Yes,Mailed check,94.05,518.75,No,0,59,3083,,0.00018263685,0,0,Very low risk
3787-TRIAL,1,United States,California,San Ardo,93450,"35.996008, -120.85305",35.996008,-120.85305,Male,No,Yes,Yes,21,No,No phone service,DSL,No,No,No,No,No,No,Month-to-month,Yes,Electronic check,26.05,565.75,No,0,44,4302,,0.00018261508,0,0,Very low risk
9013-AQORL,1,United States,California,Ramona,92065,"33.044541, -116.833922",33.044541,-116.833922,Female,No,No,Yes,48,No,No phone service,DSL,No,Yes,Yes,No,No,Yes,Month-to-month,No,Credit card (automatic),45.55,2108.35,No,0,52,4106,,0.00018212349,0,0,Very low risk
2129-ALKBS,1,United States,California,Needles,92363,"34.711224, -114.702256",34.711224,-114.702256,Female,No,Yes,Yes,40,Yes,Yes,No,No internet service,No internet service,No internet service,No internet service,No internet service,No internet service,Month-to-month,Yes,Electronic check,26.2,1077.5,No,0,37,2211,,0.00018191888,0,0,Very low risk
6164-HXUGH,1,United States,California,Raymond,93653,"37.252057, -119.95783",37.252057,-119.95783,Female,No,Yes,Yes,6,Yes,No,No,No internet service,No internet service,No internet service,No internet service,No internet service,No internet service,Month-to-month,No,Mailed check,19.85,119.3,No,0,31,5060,,0.00018138316,0,0,Very low risk
1545-JFUML,1,United States,California,San Diego,92111,"32.805518, -117.169052",32.805518,-117.169052,Male,No,Yes,No,71,Yes,Yes,Fiber optic,Yes,Yes,Yes,No,Yes,No,Two year,Yes,Electronic check,99.0,6994.6,No,0,31,5295,,0.00018057332,0,0,Very low risk
0665-XHDJU,1,United States,California,Monte Rio,95462,"38.471049, -123.015549",38.471049,-123.015549,Male,No,Yes,No,72,Yes,Yes,Fiber optic,No,Yes,No,No,Yes,Yes,Two year,Yes,Electronic check,99.4,7285.7,No,0,51,6022,,0.00018057332,0,0,Very low risk
8809-XKHMD,1,United States,California,Sacramento,95828,"38.486938, -121.395805",38.486938,-121.395805,Male,No,Yes,No,72,Yes,Yes,Fiber optic,Yes,Yes,No,Yes,No,Yes,Two year,Yes,Bank transfer (automatic),100.55,7325.1,No,0,54,6082,,0.00018057332,0,0,Very low risk
9089-UOWJG,1,United States,California,Lotus,95651,"38.815515, -120.916997",38.815515,-120.916997,Female,No,Yes,Yes,12,Yes,No,DSL,No,No,Yes,No,Yes,No,Month-to-month,Yes,Credit card (automatic),58.35,740.55,No,0,29,5068,,0.00018049913,0,0,Very low risk
9481-SFCQY,1,United States,California,Bass Lake,93604,"37.458367, -119.345011",37.458367,-119.345011,Female,No,No,Yes,14,Yes,No,DSL,No,No,Yes,No,Yes,No,Month-to-month,Yes,Credit card (automatic),59.8,824.85,No,0,51,5962,,0.00018049913,0,0,Very low risk
7669-LCRSD,1,United States,California,Igo,96047,"40.524535, -122.647172",40.524535,-122.647172,Male,No,Yes,Yes,12,Yes,No,DSL,No,No,No,No,Yes,No,Month-to-month,Yes,Mailed check,56.3,628.65,No,0,56,2047,,0.00018049913,0,0,Very low risk
6366-XIVKZ,1,United States,California,San Jose,95122,"37.32886, -121.834567",37.32886,-121.834567,Female,No,Yes,Yes,13,Yes,No,DSL,Yes,No,Yes,No,No,Yes,Month-to-month,Yes,Mailed check,63.15,816.8,No,0,46,5916,,0.00018049913,0,0,Very low risk
0013-MHZWF,1,United States,California,Midpines,95345,"37.581496, -119.972762",37.581496,-119.972762,Female,No,No,Yes,9,Yes,No,DSL,No,No,No,Yes,Yes,Yes,Month-to-month,Yes,Credit card (automatic),69.4,571.45,No,0,55,5108,,0.00018016367,0,0,Very low risk
4560-WQAQW,1,United States,California,Mount Laguna,91948,"32.830852, -116.444601",32.830852,-116.444601,Female,No,No,No,59,Yes,Yes,DSL,Yes,No,No,Yes,No,Yes,One year,No,Bank transfer (automatic),68.7,4070.95,No,0,29,4244,,0.00018005511,0,0,Very low risk
3055-VTCGS,1,United States,California,Whittier,90605,"33.960891, -118.032222",33.960891,-118.032222,Female,No,No,No,63,Yes,No,DSL,No,No,Yes,No,No,Yes,One year,No,Credit card (automatic),58.55,3503.5,No,0,63,6312,,0.00018005511,0,0,Very low risk
6473-ULUHT,1,United States,California,San Diego,92126,"32.886925, -117.152162",32.886925,-117.152162,Male,No,Yes,Yes,16,Yes,Yes,DSL,Yes,Yes,No,Yes,Yes,Yes,Month-to-month,No,Electronic check,84.9,1398.25,No,0,43,2269,,0.00018001307,0,0,Very low risk
8741-LQOBK,1,United States,California,Elmira,95625,"38.349195, -121.902943",38.349195,-121.902943,Female,No,Yes,Yes,46,No,No phone service,DSL,Yes,Yes,No,No,No,No,Month-to-month,No,Bank transfer (automatic),35.05,1620.25,No,0,33,4829,,0.00017818176,0,0,Very low risk
7520-HQWJU,1,United States,California,Santa Ysabel,92070,"33.174725, -116.743329",33.174725,-116.743329,Female,No,Yes,Yes,66,Yes,Yes,DSL,Yes,Yes,Yes,No,No,No,Month-to-month,Yes,Bank transfer (automatic),67.45,4508.65,No,0,26,4172,,0.00017750227,0,0,Very low risk
3780-DDGSE,1,United States,California,Shoshone,92384,"35.924252, -116.188668",35.924252,-116.188668,Male,Yes,Yes,Yes,35,Yes,No,DSL,No,Yes,No,Yes,Yes,Yes,Month-to-month,Yes,Electronic check,76.05,2747.2,No,0,38,5479,,0.00017750227,0,0,Very low risk
2408-PSJVE,1,United States,California,Chino Hills,91709,"33.942895, -117.725644",33.942895,-117.725644,Male,No,Yes,Yes,44,Yes,No,DSL,No,Yes,Yes,Yes,No,No,Month-to-month,Yes,Mailed check,61.9,2924.05,No,0,63,4388,,0.00017750227,0,0,Very low risk
1492-QGCLU,1,United States,California,San Diego,92109,"32.787836, -117.232376",32.787836,-117.232376,Male,No,Yes,Yes,53,Yes,Yes,DSL,Yes,No,Yes,Yes,Yes,Yes,Month-to-month,No,Electronic check,85.7,4616.1,No,0,36,5957,,0.00017750227,0,0,Very low risk
8400-WZICQ,1,United States,California,Long Beach,90813,"33.781086, -118.199049",33.781086,-118.199049,Female,No,Yes,Yes,55,Yes,No,DSL,Yes,Yes,No,No,No,No,Month-to-month,No,Electronic check,55.7,3131.8,No,0,61,4149,,0.00017750227,0,0,Very low risk
8401-EMUWF,1,United States,California,Paramount,90723,"33.897122, -118.164432",33.897122,-118.164432,Male,No,Yes,Yes,42,Yes,Yes,DSL,Yes,Yes,No,No,Yes,No,Month-to-month,Yes,Bank transfer (automatic),69.4,3058.3,No,0,36,4701,,0.00017750227,0,0,Very low risk
7311-MQJCH,1,United States,California,Temecula,92592,"33.507255, -117.029473",33.507255,-117.029473,Female,No,No,No,5,Yes,No,No,No internet service,No internet service,No internet service,No internet service,No internet service,No internet service,One year,No,Electronic check,19.55,99.6,No,0,47,2575,,0.00017738332,0,0,Very low risk
5022-JNQEQ,1,United States,California,Esparto,95627,"38.834469, -122.127193",38.834469,-122.127193,Female,No,Yes,Yes,9,Yes,No,Fiber optic,No,No,No,Yes,No,No,Month-to-month,Yes,Electronic check,75.85,647.5,No,0,51,4843,,0.0001767416,0,0,Very low risk
9357-UJRUN,1,United States,California,Carlotta,95528,"40.497283, -123.93037",40.497283,-123.93037,Male,No,Yes,No,24,Yes,Yes,DSL,Yes,No,No,Yes,No,No,One year,Yes,Electronic check,58.35,1346.9,No,0,45,5428,,0.00017663362,0,0,Very low risk
9610-WCESF,1,United States,California,Sacramento,95828,"38.486938, -121.395805",38.486938,-121.395805,Male,No,No,No,67,No,No phone service,DSL,Yes,No,No,Yes,Yes,No,Two year,No,Electronic check,43.9,3097.2,No,0,62,6344,,0.00017658241,0,0,Very low risk
1379-FRVEB,1,United States,California,San Bernardino,92401,"34.105935, -117.2914",34.105935,-117.2914,Male,No,No,Yes,15,Yes,Yes,Fiber optic,No,Yes,No,No,Yes,No,Month-to-month,Yes,Electronic check,91.0,1430.05,No,0,48,4602,,0.00017618146,0,0,Very low risk
9586-JGQKH,1,United States,California,Cathedral City,92234,"33.829583, -116.474131",33.829583,-116.474131,Female,No,Yes,No,64,Yes,Yes,Fiber optic,No,Yes,No,Yes,Yes,Yes,Two year,Yes,Bank transfer (automatic),105.4,6794.75,No,0,24,4512,,0.00017596927,0,0,Very low risk
9313-CDOGY,1,United States,California,Imperial Beach,91932,"32.579134, -117.119009",32.579134,-117.119009,Male,No,Yes,Yes,38,Yes,No,No,No internet service,No internet service,No internet service,No internet service,No internet service,No internet service,Month-to-month,No,Electronic check,19.6,717.3,No,0,34,3854,,0.00017587532,0,0,Very low risk
7036-TYDEC,1,United States,California,San Clemente,92673,"33.4725, -117.584273",33.4725,-117.584273,Female,No,No,No,69,Yes,Yes,Fiber optic,No,No,Yes,Yes,Yes,Yes,Two year,No,Electronic check,104.0,7028.5,No,0,63,5902,,0.00017565109,0,0,Very low risk
5360-LJCNJ,1,United States,California,Tracy,95376,"37.680968, -121.446049",37.680968,-121.446049,Female,No,Yes,No,71,Yes,Yes,Fiber optic,No,Yes,Yes,No,Yes,Yes,Two year,Yes,Bank transfer (automatic),105.15,7555.0,No,0,32,5707,,0.00017556635,0,0,Very low risk
6784-XYJAE,1,United States,California,Fort Irwin,92310,"35.349241, -116.770281",35.349241,-116.770281,Female,No,No,No,36,Yes,Yes,DSL,No,No,Yes,No,No,No,One year,No,Electronic check,55.8,1941.5,No,0,25,4770,,0.00017549556,0,0,Very low risk
3069-SSVSN,1,United States,California,Hilmar,95324,"37.394536, -120.890747",37.394536,-120.890747,Female,No,No,No,1,No,No phone service,DSL,No,No,No,No,No,No,One year,No,Mailed check,25.85,25.85,No,0,55,4467,,0.00017526797,0,0,Very low risk
7266-GSSJX,1,United States,California,West Sacramento,95605,"38.592745, -121.540036",38.592745,-121.540036,Male,No,Yes,Yes,11,Yes,No,No,No internet service,No internet service,No internet service,No internet service,No internet service,No internet service,Month-to-month,Yes,Electronic check,20.45,250.8,No,0,28,2606,,0.00017450257,0,0,Very low risk
6080-TCMYC,1,United States,California,Rosemead,91770,"34.065108, -118.082791",34.065108,-118.082791,Male,No,Yes,Yes,40,Yes,Yes,Fiber optic,No,No,Yes,No,No,No,Month-to-month,Yes,Electronic check,81.2,3292.3,No,0,61,5370,,0.00017372411,0,0,Very low risk
9779-DPNEJ,1,United States,California,Nipton,92364,"35.478736, -115.516984",35.478736,-115.516984,Female,No,Yes,Yes,22,Yes,No,Fiber optic,No,No,No,No,No,Yes,Month-to-month,Yes,Electronic check,80.15,1790.65,No,0,42,4732,,0.00017372411,0,0,Very low risk
8378-LKJAF,1,United States,California,Santa Ana,92704,"33.719869, -117.907063",33.719869,-117.907063,Male,No,Yes,Yes,38,Yes,Yes,Fiber optic,No,No,Yes,No,Yes,Yes,Month-to-month,Yes,Credit card (automatic),101.15,3956.7,No,0,34,3738,,0.00017372411,0,0,Very low risk
5934-TSSAU,1,United States,California,Landers,92285,"34.341737, -116.539416",34.341737,-116.539416,Female,No,Yes,Yes,23,Yes,No,Fiber optic,No,No,Yes,No,No,No,Month-to-month,Yes,Credit card (automatic),75.3,1702.9,No,0,49,5903,,0.00017372411,0,0,Very low risk
2911-WDXMV,1,United States,California,Fontana,92335,"34.087558, -117.464096",34.087558,-117.464096,Male,No,No,Yes,18,Yes,Yes,Fiber optic,No,No,Yes,No,No,No,Month-to-month,Yes,Credit card (automatic),80.55,1406.65,No,0,37,5334,,0.00017372411,0,0,Very low risk
0377-JBKKT,1,United States,California,Gilroy,95020,"37.03889, -121.528955",37.03889,-121.528955,Male,No,Yes,Yes,22,Yes,No,DSL,Yes,Yes,No,Yes,No,No,Month-to-month,Yes,Mailed check,57.95,1271.8,No,0,41,5036,,0.0001736605,0,0,Very low risk
3639-XJHKQ,1,United States,California,San Jose,95135,"37.28682, -121.723877",37.28682,-121.723877,Female,No,No,Yes,19,Yes,No,DSL,Yes,Yes,Yes,No,No,No,Month-to-month,Yes,Electronic check,60.6,1297.8,No,0,33,2463,,0.0001736605,0,0,Very low risk
9308-ANMVE,1,United States,California,Los Olivos,93441,"34.70434, -120.02609",34.70434,-120.02609,Male,No,No,Yes,47,Yes,No,DSL,Yes,Yes,No,No,No,No,Month-to-month,Yes,Electronic check,55.3,2654.05,No,0,52,5491,,0.0001736605,0,0,Very low risk
2294-DMMUS,1,United States,California,Patterson,95363,"37.410236, -121.320337",37.410236,-121.320337,Female,No,Yes,Yes,62,Yes,Yes,DSL,No,No,No,No,Yes,Yes,Month-to-month,Yes,Credit card (automatic),70.45,4300.45,No,0,37,5057,,0.0001736605,0,0,Very low risk
1036-GUDCL,1,United States,California,Oak Park,91377,"34.19225, -118.776874",34.19225,-118.776874,Male,No,Yes,Yes,60,Yes,No,DSL,Yes,Yes,No,Yes,Yes,Yes,Month-to-month,Yes,Credit card (automatic),79.05,4663.4,No,0,60,5275,,0.0001736605,0,0,Very low risk
9822-BIIGN,1,United States,California,Los Altos,94024,"37.352911, -122.093002",37.352911,-122.093002,Male,No,Yes,Yes,53,Yes,Yes,DSL,Yes,No,No,Yes,No,Yes,Month-to-month,No,Electronic check,71.85,3827.9,No,0,52,4903,,0.0001736605,0,0,Very low risk
5061-PBXFW,1,United States,California,San Jose,95129,"37.305622, -122.000887",37.305622,-122.000887,Female,No,Yes,Yes,32,Yes,No,DSL,Yes,Yes,No,Yes,No,No,Month-to-month,No,Bank transfer (automatic),61.4,1864.65,No,0,51,2649,,0.0001736605,0,0,Very low risk
6388-TABGU,1,United States,California,Los Angeles,90011,"34.00709, -118.258681",34.00709,-118.258681,Male,No,No,No,62,Yes,No,DSL,Yes,Yes,No,No,No,No,One year,No,Bank transfer (automatic),56.15,3487.95,No,0,58,4529,,0.00017363003,0,0,Very low risk
6685-GBWJZ,1,United States,California,Los Angeles,90015,"34.039224, -118.266293",34.039224,-118.266293,Male,No,Yes,No,63,Yes,No,DSL,Yes,Yes,No,Yes,Yes,No,One year,No,Credit card (automatic),70.8,4448.8,No,0,44,5114,,0.00017363003,0,0,Very low risk
2432-TFSMK,1,United States,California,Sebastopol,95472,"38.398815, -122.861923",38.398815,-122.861923,Male,No,No,No,18,Yes,Yes,Fiber optic,No,No,Yes,No,Yes,No,One year,Yes,Credit card (automatic),89.6,1633.0,No,0,36,2269,,0.00017313787,0,0,Very low risk
3011-WQKSZ,1,United States,California,Foresthill,95631,"39.031876, -120.811141",39.031876,-120.811141,Male,No,No,Yes,19,Yes,No,No,No internet service,No internet service,No internet service,No internet service,No internet service,No internet service,Month-to-month,Yes,Electronic check,20.0,377.55,No,0,31,5188,,0.00017206861,0,0,Very low risk
4830-FAXFM,1,United States,California,Korbel,95550,"40.7666, -123.80458",40.7666,-123.80458,Male,No,No,Yes,19,Yes,Yes,No,No internet service,No internet service,No internet service,No internet service,No internet service,No internet service,Month-to-month,Yes,Credit card (automatic),24.1,439.2,No,0,35,2378,,0.00017206861,0,0,Very low risk
2171-UDMFD,1,United States,California,Chowchilla,93610,"37.100948, -120.270136",37.100948,-120.270136,Male,No,Yes,Yes,32,Yes,No,No,No internet service,No internet service,No internet service,No internet service,No internet service,No internet service,Month-to-month,Yes,Credit card (automatic),19.45,674.55,No,0,42,4363,,0.00017206861,0,0,Very low risk
1038-RQOST,1,United States,California,Zenia,95595,"40.170357, -123.417298",40.170357,-123.417298,Male,No,Yes,Yes,19,Yes,No,No,No internet service,No internet service,No internet service,No internet service,No internet service,No internet service,Month-to-month,No,Mailed check,20.6,414.95,No,0,32,2276,,0.00017206861,0,0,Very low risk
3530-VWVGU,1,United States,California,Manteca,95337,"37.750822, -121.238423",37.750822,-121.238423,Female,No,Yes,Yes,22,Yes,No,No,No internet service,No internet service,No internet service,No internet service,No internet service,No internet service,Month-to-month,No,Mailed check,19.9,400.3,No,0,43,5657,,0.00017206861,0,0,Very low risk
2969-WGHQO,1,United States,California,Bradley,93426,"35.842889, -121.004862",35.842889,-121.004862,Female,No,Yes,Yes,7,Yes,No,DSL,Yes,Yes,Yes,No,Yes,No,One year,No,Electronic check,69.45,477.05,No,0,54,3334,,0.00017206582,0,0,Very low risk
2239-CFOUJ,1,United States,California,Trinidad,95570,"41.162295, -124.027381",41.162295,-124.027381,Male,No,Yes,Yes,1,Yes,No,No,No internet service,No internet service,No internet service,No internet service,No internet service,No internet service,One year,No,Mailed check,20.4,20.4,No,0,54,4540,,0.00017182415,0,0,Very low risk
1729-VLAZJ,1,United States,California,Santa Barbara,93101,"34.419203, -119.710008",34.419203,-119.710008,Female,No,No,Yes,10,No,No phone service,DSL,Yes,Yes,No,Yes,No,No,One year,No,Mailed check,40.25,411.45,No,0,38,2876,,0.00017175455,0,0,Very low risk
2834-JKOOW,1,United States,California,Gerber,96035,"40.03194, -122.176023",40.03194,-122.176023,Female,No,No,No,15,No,No phone service,DSL,Yes,Yes,Yes,Yes,No,No,One year,No,Mailed check,45.9,693.45,No,0,51,3572,,0.00017158496,0,0,Very low risk
0868-VJRDR,1,United States,California,Cassel,96016,"40.936285, -121.572692",40.936285,-121.572692,Male,No,Yes,No,64,Yes,No,Fiber optic,Yes,Yes,No,Yes,Yes,Yes,Two year,Yes,Credit card (automatic),104.05,6605.55,No,0,36,4337,,0.0001712894,0,0,Very low risk
7356-AYNJP,1,United States,California,Stockton,95219,"38.029729, -121.387999",38.029729,-121.387999,Female,No,No,No,4,Yes,Yes,No,No internet service,No internet service,No internet service,No internet service,No internet service,No internet service,One year,No,Electronic check,23.9,97.5,No,0,57,5685,,0.0001710684,0,0,Very low risk
6527-PZFPV,1,United States,California,Los Angeles,90023,"34.017697, -118.200577",34.017697,-118.200577,Male,No,Yes,Yes,24,Yes,No,No,No internet service,No internet service,No internet service,No internet service,No internet service,No internet service,One year,Yes,Credit card (automatic),20.8,469.65,No,0,48,4654,,0.00017097464,0,0,Very low risk
5804-HYIEZ,1,United States,California,Winterhaven,92283,"32.852947, -114.850784",32.852947,-114.850784,Male,No,Yes,Yes,70,Yes,Yes,Fiber optic,Yes,Yes,No,No,Yes,Yes,Month-to-month,Yes,Electronic check,106.05,7554.05,No,0,30,4583,,0.00017073126,0,0,Very low risk
7654-YWJUF,1,United States,California,Sunland,91040,"34.282704, -118.312929",34.282704,-118.312929,Male,No,Yes,No,43,Yes,No,Fiber optic,Yes,No,Yes,Yes,No,No,One year,Yes,Bank transfer (automatic),84.25,3539.25,No,0,51,4382,,0.00017072262,0,0,Very low risk
8690-UPCZI,1,United States,California,Los Angeles,90004,"34.076259, -118.310715",34.076259,-118.310715,Male,No,Yes,Yes,29,Yes,Yes,DSL,Yes,No,No,Yes,Yes,No,One year,No,Bank transfer (automatic),69.05,1958.45,No,0,33,4459,,0.00017014929,0,0,Very low risk
7748-UMTRK,1,United States,California,San Francisco,94132,"37.722302, -122.491129",37.722302,-122.491129,Female,Yes,No,Yes,30,Yes,Yes,Fiber optic,No,No,No,Yes,Yes,Yes,Month-to-month,Yes,Electronic check,101.3,2974.5,No,0,34,2440,,0.00016996395,0,0,Very low risk
4660-IRIBM,1,United States,California,Crows Landing,95313,"37.435664, -121.049056",37.435664,-121.049056,Male,No,Yes,Yes,18,Yes,No,Fiber optic,Yes,No,Yes,No,Yes,No,Month-to-month,Yes,Mailed check,87.9,1500.5,No,0,33,5192,,0.00016996395,0,0,Very low risk
5651-YLPRD,1,United States,California,Danville,94526,"37.815459, -121.977203",37.815459,-121.977203,Female,No,Yes,Yes,32,Yes,No,Fiber optic,No,Yes,No,No,Yes,No,Month-to-month,Yes,Electronic check,86.1,2723.75,No,0,48,4970,,0.00016996395,0,0,Very low risk
8059-UDZFY,1,United States,California,Lucerne,95458,"39.141934, -122.770679",39.141934,-122.770679,Female,Yes,No,Yes,33,Yes,Yes,Fiber optic,No,Yes,Yes,No,Yes,Yes,Month-to-month,Yes,Bank transfer (automatic),105.35,3465.05,No,0,58,4738,,0.00016996395,0,0,Very low risk
4947-DSMXK,1,United States,California,Farmersville,93223,"36.29878, -119.201028",36.29878,-119.201028,Male,No,Yes,Yes,34,Yes,Yes,Fiber optic,No,Yes,No,No,Yes,Yes,Month-to-month,Yes,Bank transfer (automatic),97.7,3410.0,No,0,39,5789,,0.00016996395,0,0,Very low risk
9054-FOWNV,1,United States,California,Brentwood,94513,"37.908242, -121.682472",37.908242,-121.682472,Male,No,Yes,Yes,22,Yes,Yes,Fiber optic,No,No,Yes,No,Yes,No,Month-to-month,Yes,Electronic check,88.75,1885.15,No,0,48,5585,,0.00016996395,0,0,Very low risk
0121-SNYRK,1,United States,California,Redway,95560,"40.142256, -123.852927",40.142256,-123.852927,Male,No,No,No,50,No,No phone service,DSL,Yes,No,No,Yes,No,No,One year,Yes,Mailed check,35.4,1748.9,No,0,36,5052,,0.00016988486,0,0,Very low risk
3489-VSFRD,1,United States,California,Willits,95490,"39.492046, -123.375818",39.492046,-123.375818,Female,No,No,No,56,Yes,No,DSL,Yes,No,Yes,Yes,No,No,One year,Yes,Credit card (automatic),60.25,3282.75,No,0,40,4835,,0.00016988486,0,0,Very low risk
0230-UBYPQ,1,United States,California,Hyampom,96046,"40.648024, -123.465088",40.648024,-123.465088,Male,Yes,Yes,No,63,No,No phone service,DSL,Yes,No,No,Yes,No,No,One year,No,Bank transfer (automatic),36.1,2298.9,No,0,48,5089,,0.00016988486,0,0,Very low risk
3161-ONRWK,1,United States,California,Hydesville,95547,"40.557314, -124.081662",40.557314,-124.081662,Male,No,Yes,No,60,Yes,No,DSL,Yes,Yes,Yes,Yes,No,No,One year,Yes,Bank transfer (automatic),65.85,3928.3,No,0,48,4053,,0.00016988486,0,0,Very low risk
9052-DHNKM,1,United States,California,Redondo Beach,90277,"33.830453, -118.384565",33.830453,-118.384565,Male,No,No,No,26,Yes,Yes,DSL,Yes,Yes,No,No,No,No,One year,No,Electronic check,61.55,1581.95,No,0,30,5156,,0.00016924768,0,0,Very low risk
6349-JDHQP,1,United States,California,Fowler,93625,"36.625792, -119.672483",36.625792,-119.672483,Female,No,No,No,53,Yes,No,No,No internet service,No internet service,No internet service,No internet service,No internet service,No internet service,Two year,No,Credit card (automatic),19.85,1049.6,No,0,36,6338,,0.00016823805,0,0,Very low risk
7803-XOCCZ,1,United States,California,Anza,92539,"33.527605, -116.666551",33.527605,-116.666551,Female,No,Yes,Yes,52,Yes,No,Fiber optic,Yes,No,Yes,Yes,No,No,Month-to-month,Yes,Bank transfer (automatic),84.05,4326.8,No,0,48,6099,,0.00016811329,0,0,Very low risk
9544-PYPSJ,1,United States,California,El Cajon,92020,"32.79697, -116.969082",32.79697,-116.969082,Female,Yes,Yes,Yes,62,Yes,Yes,Fiber optic,No,Yes,Yes,No,No,Yes,Month-to-month,Yes,Credit card (automatic),96.1,6019.35,No,0,37,5868,,0.00016811329,0,0,Very low risk
0913-XWSCN,1,United States,California,Sun City,92585,"33.739412, -117.173334",33.739412,-117.173334,Male,No,Yes,Yes,55,Yes,Yes,Fiber optic,No,No,No,No,No,Yes,Month-to-month,No,Bank transfer (automatic),85.5,4713.4,No,0,20,6411,,0.00016811329,0,0,Very low risk
5161-XEUVX,1,United States,California,Lynwood,90262,"33.923573, -118.200669",33.923573,-118.200669,Male,No,Yes,No,37,Yes,Yes,Fiber optic,No,No,Yes,Yes,Yes,No,Two year,No,Mailed check,94.3,3460.95,No,0,49,2615,,0.0001681128,0,0,Very low risk
0727-BNRLG,1,United States,California,Los Angeles,90064,"34.037251, -118.423573",34.037251,-118.423573,Male,No,No,No,69,Yes,Yes,Fiber optic,No,Yes,Yes,Yes,Yes,No,Two year,Yes,Credit card (automatic),97.65,6743.55,No,0,20,5709,,0.0001681128,0,0,Very low risk
9128-CPXKI,1,United States,California,Nicolaus,95659,"38.788898, -121.608624",38.788898,-121.608624,Female,No,No,No,59,Yes,No,Fiber optic,No,No,Yes,No,Yes,Yes,Two year,No,Electronic check,95.8,5655.45,No,0,45,5470,,0.0001681128,0,0,Very low risk
2019-HDCZY,1,United States,California,Farmersville,93223,"36.29878, -119.201028",36.29878,-119.201028,Male,No,Yes,No,63,Yes,Yes,Fiber optic,No,No,Yes,No,Yes,Yes,Two year,No,Electronic check,102.6,6296.75,No,0,29,4004,,0.0001681128,0,0,Very low risk
6568-POCUI,1,United States,California,Strawberry Valley,95981,"39.58458, -121.093256",39.58458,-121.093256,Female,No,Yes,No,45,Yes,No,Fiber optic,No,No,No,Yes,Yes,Yes,Two year,Yes,Credit card (automatic),95.2,4285.8,No,0,27,3363,,0.0001681128,0,0,Very low risk
6766-HFKLA,1,United States,California,Cazadero,95421,"38.578807, -123.19338",38.578807,-123.19338,Female,No,Yes,No,56,Yes,Yes,Fiber optic,No,No,Yes,Yes,Yes,Yes,Two year,No,Bank transfer (automatic),103.2,5744.35,No,0,34,4534,,0.0001681128,0,0,Very low risk
6297-NOOPG,1,United States,California,Inyokern,93527,"36.041315, -118.188235",36.041315,-118.188235,Female,No,Yes,No,70,Yes,Yes,Fiber optic,No,Yes,Yes,Yes,Yes,Yes,Two year,Yes,Electronic check,110.5,7752.05,No,0,64,5979,,0.00016799808,0,0,Very low risk
2272-WUSPA,1,United States,California,Milford,96121,"40.181279, -120.392967",40.181279,-120.392967,Female,No,Yes,No,72,Yes,Yes,Fiber optic,Yes,Yes,Yes,No,Yes,Yes,Two year,Yes,Electronic check,110.75,7751.7,No,0,34,4848,,0.00016799808,0,0,Very low risk
0019-EFAEP,1,United States,California,La Mesa,91942,"32.782501, -117.01611",32.782501,-117.01611,Female,No,No,No,72,Yes,Yes,Fiber optic,Yes,Yes,Yes,No,Yes,No,Two year,Yes,Bank transfer (automatic),101.3,7261.25,No,0,53,5513,,0.00016780884,0,0,Very low risk
1707-HABPF,1,United States,California,Santa Barbara,93103,"34.438581, -119.685368",34.438581,-119.685368,Female,Yes,No,No,46,Yes,No,Fiber optic,No,Yes,Yes,No,Yes,No,One year,Yes,Bank transfer (automatic),91.3,4126.35,No,0,43,3191,,0.00016778149,0,0,Very low risk
4709-LKHYG,1,United States,California,Tarzana,91356,"34.157137, -118.548511",34.157137,-118.548511,Female,No,Yes,No,29,Yes,No,No,No internet service,No internet service,No internet service,No internet service,No internet service,No internet service,One year,No,Electronic check,20.0,540.05,No,0,34,3800,,0.00016769624,0,0,Very low risk
9040-KZVWO,1,United States,California,Big Bear Lake,92315,"34.242058, -116.89802",34.242058,-116.89802,Male,No,No,No,26,Yes,No,Fiber optic,No,Yes,No,No,No,No,One year,No,Bank transfer (automatic),75.5,2018.1,No,0,43,5184,,0.00016751037,0,0,Very low risk
5566-SOEZD,1,United States,California,Madeline,96119,"41.042003, -120.506086",41.042003,-120.506086,Male,No,Yes,Yes,27,Yes,No,Fiber optic,Yes,Yes,No,No,No,No,One year,Yes,Credit card (automatic),80.65,2209.75,No,0,31,5856,,0.00016730014,0,0,Very low risk
2676-SSLTO,1,United States,California,Hawaiian Gardens,90716,"33.830431, -118.074071",33.830431,-118.074071,Male,No,No,No,49,Yes,Yes,DSL,No,No,No,Yes,Yes,No,Two year,Yes,Bank transfer (automatic),66.15,3199.0,No,0,33,6138,,0.00016715743,0,0,Very low risk
8909-BOLNL,1,United States,California,San Francisco,94123,"37.800254, -122.436975",37.800254,-122.436975,Male,No,No,No,3,Yes,No,No,No internet service,No internet service,No internet service,No internet service,No internet service,No internet service,One year,No,Mailed check,21.2,52.05,No,0,29,2088,,0.00016685996,0,0,Very low risk
2926-JEJJC,1,United States,California,Angelus Oaks,92305,"34.1678, -116.86433",34.1678,-116.86433,Female,No,No,No,8,Yes,No,No,No internet service,No internet service,No internet service,No internet service,No internet service,No internet service,One year,Yes,Bank transfer (automatic),20.2,140.95,No,0,38,5066,,0.00016685996,0,0,Very low risk
3750-YHRYO,1,United States,California,Glendora,91741,"34.14649, -117.849815",34.14649,-117.849815,Male,No,Yes,No,7,Yes,No,No,No internet service,No internet service,No internet service,No internet service,No internet service,No internet service,One year,No,Mailed check,20.65,150.0,No,0,27,2874,,0.00016685996,0,0,Very low risk
5619-XZZKR,1,United States,California,Santa Maria,93454,"34.943523, -120.256729",34.943523,-120.256729,Male,No,No,No,4,Yes,No,No,No internet service,No internet service,No internet service,No internet service,No internet service,No internet service,One year,No,Mailed check,19.95,68.2,No,0,35,2195,,0.00016685996,0,0,Very low risk
7677-SJJJK,1,United States,California,Granite Bay,95746,"38.749466, -121.184196",38.749466,-121.184196,Male,No,Yes,No,8,Yes,No,No,No internet service,No internet service,No internet service,No internet service,No internet service,No internet service,One year,No,Credit card (automatic),19.9,153.95,No,0,29,3152,,0.00016685996,0,0,Very low risk
5701-GUXDC,1,United States,California,El Centro,92243,"32.770393, -115.60915",32.770393,-115.60915,Female,No,Yes,No,26,No,No phone service,DSL,Yes,No,Yes,No,No,No,One year,No,Credit card (automatic),35.4,978.6,No,0,29,2519,,0.0001668315,0,0,Very low risk
1956-YIFGE,1,United States,California,Boulevard,91905,"32.677097, -116.304991",32.677097,-116.304991,Male,No,Yes,Yes,22,Yes,No,Fiber optic,No,Yes,Yes,No,Yes,Yes,One year,Yes,Mailed check,100.05,2090.25,No,0,64,3274,,0.00016673829,0,0,Very low risk
8573-JGCZW,1,United States,California,Idyllwild,92549,"33.755039, -116.741796",33.755039,-116.741796,Male,No,No,No,17,Yes,No,No,No internet service,No internet service,No internet service,No internet service,No internet service,No internet service,One year,Yes,Bank transfer (automatic),19.65,351.55,No,0,35,4774,,0.00016588466,0,0,Very low risk
5505-OVWQW,1,United States,California,Sacramento,95815,"38.608405, -121.449942",38.608405,-121.449942,Female,No,No,No,17,Yes,No,No,No internet service,No internet service,No internet service,No internet service,No internet service,No internet service,One year,No,Mailed check,20.15,353.65,No,0,48,4650,,0.00016588466,0,0,Very low risk
7649-PHJVR,1,United States,California,Paso Robles,93446,"35.634222, -120.728341",35.634222,-120.728341,Male,No,No,No,11,Yes,No,No,No internet service,No internet service,No internet service,No internet service,No internet service,No internet service,One year,No,Mailed check,19.5,226.8,No,0,28,5825,,0.00016588466,0,0,Very low risk
2907-ILJBN,1,United States,California,Duarte,91010,"34.145695, -117.95982",34.145695,-117.95982,Female,No,Yes,No,11,Yes,No,No,No internet service,No internet service,No internet service,No internet service,No internet service,No internet service,One year,No,Mailed check,20.6,233.9,No,0,29,4047,,0.00016588466,0,0,Very low risk
2788-CJQAQ,1,United States,California,Winton,95388,"37.421299, -120.599587",37.421299,-120.599587,Male,No,No,No,13,Yes,No,No,No internet service,No internet service,No internet service,No internet service,No internet service,No internet service,One year,No,Mailed check,19.45,270.2,No,0,37,3799,,0.00016588466,0,0,Very low risk
0307-BCOPK,1,United States,California,San Francisco,94134,"37.721052, -122.413573",37.721052,-122.413573,Female,No,No,No,16,Yes,No,No,No internet service,No internet service,No internet service,No internet service,No internet service,No internet service,One year,No,Mailed check,19.05,326.65,No,0,60,4336,,0.00016588466,0,0,Very low risk
1929-ZCBHE,1,United States,California,Georgetown,95634,"38.9386, -120.785514",38.9386,-120.785514,Male,No,Yes,Yes,47,No,No phone service,DSL,Yes,No,Yes,Yes,No,No,One year,No,Electronic check,40.3,1794.8,No,0,29,5040,,0.00016585493,0,0,Very low risk
5446-DKWYW,1,United States,California,San Francisco,94103,"37.773147, -122.411287",37.773147,-122.411287,Female,Yes,Yes,Yes,61,Yes,Yes,DSL,No,No,Yes,No,Yes,No,One year,Yes,Electronic check,65.2,3965.05,No,0,30,6238,,0.00016585493,0,0,Very low risk
6967-PEJLL,1,United States,California,San Diego,92129,"32.961064, -117.134917",32.961064,-117.134917,Male,No,Yes,Yes,37,No,No phone service,DSL,Yes,No,Yes,Yes,No,No,One year,Yes,Electronic check,40.2,1525.35,No,0,48,2308,,0.00016585493,0,0,Very low risk
3733-UOCWF,1,United States,California,Helendale,92342,"34.757783, -117.33997",34.757783,-117.33997,Male,Yes,Yes,No,61,Yes,Yes,Fiber optic,No,Yes,No,Yes,No,No,One year,Yes,Bank transfer (automatic),85.55,5251.75,No,0,62,4845,,0.00016520874,0,0,Very low risk
8034-RYTVV,1,United States,California,Rancho Santa Margarita,92688,"33.624654, -117.611733",33.624654,-117.611733,Female,No,No,No,55,Yes,Yes,Fiber optic,Yes,No,Yes,No,No,No,One year,Yes,Credit card (automatic),84.25,4589.85,No,0,30,5735,,0.00016520874,0,0,Very low risk
5297-MDOIR,1,United States,California,Monterey Park,91754,"34.050322, -118.147037",34.050322,-118.147037,Female,No,Yes,No,63,Yes,No,Fiber optic,Yes,No,Yes,No,No,No,One year,Yes,Credit card (automatic),81.15,5224.5,No,0,60,5294,,0.00016520874,0,0,Very low risk
8646-JCOMS,1,United States,California,Maywood,90270,"33.988572, -118.186565",33.988572,-118.186565,Female,No,Yes,No,66,Yes,Yes,Fiber optic,No,Yes,Yes,Yes,No,No,One year,Yes,Bank transfer (automatic),90.55,6130.95,No,0,38,4958,,0.00016520874,0,0,Very low risk
7997-EASSD,1,United States,California,Redwood City,94061,"37.461251, -122.235414",37.461251,-122.235414,Female,No,Yes,No,63,Yes,Yes,Fiber optic,No,No,No,Yes,No,No,One year,Yes,Credit card (automatic),81.2,4965.1,No,0,64,6063,,0.00016520874,0,0,Very low risk
9330-DHBFL,1,United States,California,San Jose,95130,"37.277592, -121.986477",37.277592,-121.986477,Female,No,Yes,No,23,Yes,No,DSL,Yes,Yes,Yes,Yes,No,No,One year,Yes,Mailed check,66.25,1533.8,No,0,22,2072,,0.00016508417,0,0,Very low risk
8241-JUIQO,1,United States,California,Sunnyvale,94086,"37.378541, -122.020456",37.378541,-122.020456,Female,No,No,No,61,Yes,No,No,No internet service,No internet service,No internet service,No internet service,No internet service,No internet service,One year,No,Bank transfer (automatic),19.45,1336.35,No,0,26,4559,,0.00016465249,0,0,Very low risk
3251-YMVWZ,1,United States,California,San Andreas,95249,"38.196497, -120.61689",38.196497,-120.61689,Male,No,No,No,53,Yes,Yes,No,No internet service,No internet service,No internet service,No internet service,No internet service,No internet service,One year,No,Bank transfer (automatic),24.05,1301.9,No,0,20,4865,,0.00016465249,0,0,Very low risk
4121-AGSIN,1,United States,California,Ben Lomond,95005,"37.078873, -122.090386",37.078873,-122.090386,Female,No,Yes,No,58,Yes,Yes,No,No internet service,No internet service,No internet service,No internet service,No internet service,No internet service,One year,Yes,Credit card (automatic),24.5,1497.9,No,0,47,4455,,0.00016465249,0,0,Very low risk
2250-IVBWA,1,United States,California,San Jose,95112,"37.343827, -121.883119",37.343827,-121.883119,Male,No,Yes,Yes,64,Yes,No,Fiber optic,Yes,Yes,No,No,No,No,Month-to-month,No,Electronic check,81.05,5135.35,No,0,48,5168,,0.00016447455,0,0,Very low risk
5473-KHBPS,1,United States,California,Surfside,90743,"33.728273, -118.085304",33.728273,-118.085304,Female,No,Yes,Yes,52,Yes,Yes,Fiber optic,No,Yes,Yes,No,Yes,No,One year,Yes,Credit card (automatic),95.7,4976.15,No,0,31,4415,,0.0001644181,0,0,Very low risk
3571-DPYUH,1,United States,California,Temecula,92592,"33.507255, -117.029473",33.507255,-117.029473,Male,No,Yes,Yes,58,Yes,Yes,Fiber optic,No,Yes,No,Yes,Yes,No,One year,Yes,Credit card (automatic),94.7,5430.35,No,0,49,5653,,0.0001644181,0,0,Very low risk
6242-SGYTS,1,United States,California,Oakland,94603,"37.739113, -122.175602",37.739113,-122.175602,Male,No,Yes,Yes,62,Yes,Yes,Fiber optic,Yes,Yes,No,No,Yes,No,One year,Yes,Credit card (automatic),94.95,5791.85,No,0,27,4262,,0.0001644181,0,0,Very low risk
0181-RITDD,1,United States,California,San Diego,92120,"32.807867, -117.060993",32.807867,-117.060993,Male,No,Yes,Yes,62,Yes,No,Fiber optic,Yes,Yes,Yes,Yes,Yes,Yes,Two year,No,Mailed check,108.15,6825.65,No,0,43,5298,,0.00016416307,0,0,Very low risk
4039-PIMHX,1,United States,California,San Diego,92102,"32.716007, -117.117462",32.716007,-117.117462,Male,Yes,Yes,No,49,Yes,No,DSL,No,Yes,No,No,No,No,Two year,No,Mailed check,49.8,2398.4,No,0,37,4306,,0.00016414163,0,0,Very low risk
6374-NTQLP,1,United States,California,Trinity Center,96091,"41.081847, -122.700545",41.081847,-122.700545,Male,Yes,Yes,Yes,72,Yes,No,Fiber optic,Yes,No,Yes,Yes,Yes,Yes,Two year,Yes,Credit card (automatic),104.1,7447.7,No,0,54,5092,,0.00016408387,0,0,Very low risk
6519-ZHPXP,1,United States,California,Sacramento,95824,"38.517295, -121.439819",38.517295,-121.439819,Female,No,Yes,Yes,72,Yes,No,Fiber optic,Yes,Yes,Yes,Yes,Yes,Yes,Two year,Yes,Bank transfer (automatic),108.3,7679.65,No,0,33,4183,,0.00016408387,0,0,Very low risk
3567-PQTSO,1,United States,California,Junction City,96048,"40.913192, -123.06597",40.913192,-123.06597,Male,No,Yes,Yes,53,Yes,Yes,Fiber optic,No,Yes,Yes,No,Yes,Yes,One year,Yes,Electronic check,105.25,5576.3,No,0,56,6365,,0.00016386593,0,0,Very low risk
9844-FELAJ,1,United States,California,Sacramento,95833,"38.619049, -121.517552",38.619049,-121.517552,Female,Yes,Yes,Yes,70,Yes,Yes,Fiber optic,No,Yes,Yes,Yes,Yes,Yes,One year,Yes,Electronic check,107.9,7475.85,No,0,53,5899,,0.00016386593,0,0,Very low risk
6559-RAKOZ,1,United States,California,Orange Cove,93646,"36.633498, -119.298895",36.633498,-119.298895,Male,No,Yes,Yes,49,Yes,Yes,Fiber optic,No,No,No,Yes,Yes,Yes,One year,Yes,Electronic check,97.95,4917.9,No,0,53,4301,,0.00016386593,0,0,Very low risk
4937-QPZPO,1,United States,California,Snelling,95369,"37.521708, -120.426843",37.521708,-120.426843,Male,No,Yes,Yes,61,Yes,Yes,Fiber optic,No,No,Yes,No,Yes,Yes,One year,Yes,Electronic check,99.9,6241.35,No,0,31,5641,,0.00016386593,0,0,Very low risk
1131-SUEKT,1,United States,California,Hood,95639,"38.375325, -121.507935",38.375325,-121.507935,Male,No,Yes,Yes,61,Yes,No,Fiber optic,No,Yes,No,Yes,Yes,Yes,One year,Yes,Bank transfer (automatic),98.45,6145.2,No,0,64,4000,,0.00016386593,0,0,Very low risk
8024-XNAFQ,1,United States,California,Isleton,95641,"38.154823, -121.601358",38.154823,-121.601358,Female,Yes,No,No,72,Yes,Yes,Fiber optic,Yes,Yes,Yes,Yes,No,Yes,Two year,Yes,Bank transfer (automatic),107.4,7748.75,No,0,56,5294,,0.00016383188,0,0,Very low risk
0048-LUMLS,1,United States,California,Moss Beach,94038,"37.515556, -122.502311",37.515556,-122.502311,Male,No,Yes,Yes,37,Yes,No,Fiber optic,No,No,No,No,Yes,Yes,One year,No,Credit card (automatic),91.2,3247.55,No,0,55,5263,,0.00016360098,0,0,Very low risk
0327-WFZSY,1,United States,California,Samoa,95564,"40.809636, -124.189977",40.809636,-124.189977,Male,No,Yes,Yes,39,Yes,Yes,Fiber optic,No,No,Yes,No,Yes,Yes,One year,No,Electronic check,100.0,3835.55,No,0,64,5434,,0.00016360098,0,0,Very low risk
0516-OOHAR,1,United States,California,Topanga,90290,"34.115192, -118.61017",34.115192,-118.61017,Male,No,Yes,Yes,28,Yes,No,Fiber optic,No,Yes,Yes,No,Yes,Yes,One year,No,Bank transfer (automatic),100.35,2799.0,No,0,50,3411,,0.00016360098,0,0,Very low risk
9138-EFSMO,1,United States,California,Orosi,93647,"36.600185, -119.175655",36.600185,-119.175655,Male,No,Yes,Yes,26,Yes,No,Fiber optic,No,No,No,No,No,Yes,One year,No,Bank transfer (automatic),78.95,2034.25,No,0,40,4237,,0.00016360098,0,0,Very low risk
3125-RAHBV,1,United States,California,Rocklin,95765,"38.823278, -121.281856",38.823278,-121.281856,Male,No,No,No,22,Yes,No,No,No internet service,No internet service,No internet service,No internet service,No internet service,No internet service,One year,No,Credit card (automatic),20.3,467.15,No,0,55,2768,,0.00016357088,0,0,Very low risk
7369-TRPFD,1,United States,California,Chatsworth,91311,"34.294142, -118.603883",34.294142,-118.603883,Male,No,No,No,19,Yes,No,No,No internet service,No internet service,No internet service,No internet service,No internet service,No internet service,One year,No,Mailed check,18.8,279.2,No,0,43,2916,,0.00016357088,0,0,Very low risk
1131-ALZWV,1,United States,California,San Lorenzo,94580,"37.676249, -122.132415",37.676249,-122.132415,Female,No,No,No,24,Yes,Yes,No,No internet service,No internet service,No internet service,No internet service,No internet service,No internet service,One year,No,Bank transfer (automatic),24.6,605.25,No,0,62,4147,,0.00016357088,0,0,Very low risk
1133-KXCGE,1,United States,California,Palmdale,93552,"34.557711, -118.029441",34.557711,-118.029441,Female,No,No,No,18,Yes,No,No,No internet service,No internet service,No internet service,No internet service,No internet service,No internet service,One year,No,Mailed check,20.1,407.05,No,0,55,2910,,0.00016357088,0,0,Very low risk
2320-TZRRH,1,United States,California,Three Rivers,93271,"36.413433, -118.854708",36.413433,-118.854708,Female,No,No,No,20,Yes,No,No,No internet service,No internet service,No internet service,No internet service,No internet service,No internet service,One year,No,Mailed check,19.5,403.15,No,0,59,4700,,0.00016357088,0,0,Very low risk
5857-XRECV,1,United States,California,Manteca,95336,"37.830267, -121.201018",37.830267,-121.201018,Female,No,No,Yes,2,Yes,No,No,No internet service,No internet service,No internet service,No internet service,No internet service,No internet service,One year,No,Bank transfer (automatic),20.5,38.25,No,0,47,4486,,0.0001635149,0,0,Very low risk
7762-ONLJY,1,United States,California,Sacramento,95834,"38.646209, -121.52446",38.646209,-121.52446,Female,No,Yes,Yes,6,Yes,No,No,No internet service,No internet service,No internet service,No internet service,No internet service,No internet service,One year,No,Mailed check,19.7,94.45,No,0,51,4122,,0.0001635149,0,0,Very low risk
4537-CIBHB,1,United States,California,Arvin,93203,"35.116307, -118.817644",35.116307,-118.817644,Female,No,Yes,Yes,9,Yes,No,No,No internet service,No internet service,No internet service,No internet service,No internet service,No internet service,One year,No,Mailed check,20.25,172.35,No,0,48,4272,,0.0001635149,0,0,Very low risk
9483-GCPWE,1,United States,California,Earp,92242,"34.137742, -114.36514",34.137742,-114.36514,Male,No,No,Yes,9,Yes,No,No,No internet service,No internet service,No internet service,No internet service,No internet service,No internet service,One year,No,Mailed check,20.1,190.25,No,0,20,3444,,0.0001635149,0,0,Very low risk
4654-ULTTN,1,United States,California,Fillmore,93015,"34.408161, -118.865111",34.408161,-118.865111,Male,No,Yes,No,70,Yes,Yes,DSL,Yes,No,Yes,Yes,No,Yes,Two year,Yes,Credit card (automatic),74.8,5315.8,No,0,60,6447,,0.00016321239,0,0,Very low risk
9339-FIIJL,1,United States,California,Avenal,93204,"35.916943, -120.129921",35.916943,-120.129921,Male,No,Yes,No,72,Yes,Yes,DSL,No,Yes,Yes,Yes,Yes,Yes,Two year,No,Bank transfer (automatic),85.95,6151.9,No,0,62,6450,,0.00016321239,0,0,Very low risk
7581-EBBOU,1,United States,California,Volcano,95689,"38.481902, -120.603668",38.481902,-120.603668,Female,No,No,No,60,Yes,No,DSL,No,Yes,Yes,Yes,Yes,No,One year,Yes,Credit card (automatic),70.15,4224.7,No,0,62,4260,,0.00016278126,0,0,Very low risk
7032-LMBHI,1,United States,California,Blythe,92225,"33.674583, -114.71612",33.674583,-114.71612,Female,No,No,No,37,Yes,Yes,DSL,Yes,No,No,No,Yes,No,One year,No,Bank transfer (automatic),64.65,2347.85,No,0,45,5255,,0.00016278126,0,0,Very low risk
2511-MORQY,1,United States,California,Torrance,90502,"33.833181, -118.292062",33.833181,-118.292062,Male,No,Yes,No,50,Yes,Yes,DSL,No,No,Yes,No,No,No,One year,No,Bank transfer (automatic),54.9,2614.1,No,0,41,4322,,0.00016278126,0,0,Very low risk
1122-YJBCS,1,United States,California,Los Angeles,90032,"34.078821, -118.177576",34.078821,-118.177576,Male,No,Yes,No,69,Yes,No,DSL,Yes,Yes,No,No,No,No,One year,Yes,Credit card (automatic),53.65,3804.4,No,0,55,6092,,0.00016278126,0,0,Very low risk
4973-RLZVI,1,United States,California,Hornbrook,96044,"41.962127, -122.527696",41.962127,-122.527696,Female,No,No,No,30,Yes,No,DSL,Yes,Yes,Yes,Yes,Yes,No,One year,No,Credit card (automatic),74.65,2308.6,No,0,59,5616,,0.00016278126,0,0,Very low risk
9968-FFVVH,1,United States,California,Potter Valley,95469,"39.408634, -123.045516",39.408634,-123.045516,Male,No,No,No,63,Yes,Yes,DSL,Yes,Yes,Yes,Yes,No,No,One year,No,Bank transfer (automatic),68.8,4111.35,No,0,40,5082,,0.00016278126,0,0,Very low risk
4702-HDRKD,1,United States,California,Knights Landing,95645,"38.875508, -121.765866",38.875508,-121.765866,Male,No,No,No,67,No,No phone service,DSL,Yes,No,Yes,Yes,Yes,No,One year,Yes,Bank transfer (automatic),49.35,3321.35,No,0,33,5905,,0.00016278126,0,0,Very low risk
9917-KWRBE,1,United States,California,Anaheim,92808,"33.850452, -117.726668",33.850452,-117.726668,Female,No,Yes,No,41,Yes,Yes,DSL,Yes,Yes,Yes,No,Yes,No,One year,Yes,Credit card (automatic),78.35,3211.2,No,0,44,2894,,0.00016278126,0,0,Very low risk
2522-WLNSF,1,United States,California,Los Olivos,93441,"34.70434, -120.02609",34.70434,-120.02609,Female,Yes,Yes,No,34,Yes,No,DSL,No,No,Yes,Yes,Yes,No,One year,No,Bank transfer (automatic),64.2,2106.3,No,0,34,2225,,0.00016278126,0,0,Very low risk
9720-JJJOR,1,United States,California,San Ysidro,92173,"32.555828, -117.040073",32.555828,-117.040073,Male,No,Yes,No,41,Yes,No,DSL,Yes,Yes,Yes,No,No,No,One year,Yes,Bank transfer (automatic),60.3,2511.3,No,0,50,4565,,0.00016278126,0,0,Very low risk
8570-KLJYJ,1,United States,California,Arroyo Grande,93420,"35.176236, -120.483243",35.176236,-120.483243,Female,No,No,No,36,Yes,Yes,DSL,Yes,No,No,No,No,No,One year,No,Mailed check,54.45,1893.5,No,0,56,4462,,0.00016278126,0,0,Very low risk
6461-PPAXN,1,United States,California,Napa,94559,"38.232389, -122.324944",38.232389,-122.324944,Female,No,Yes,No,35,Yes,No,DSL,Yes,No,No,Yes,No,No,One year,Yes,Bank transfer (automatic),54.95,1916.0,No,0,30,4858,,0.00016278126,0,0,Very low risk
6933-FHBZC,1,United States,California,Moreno Valley,92551,"33.88274, -117.224878",33.88274,-117.224878,Female,No,No,No,26,Yes,No,DSL,No,Yes,Yes,No,No,No,One year,Yes,Mailed check,56.05,1553.2,No,0,46,3079,,0.00016278126,0,0,Very low risk
1265-HVPZB,1,United States,California,Winnetka,91306,"34.209532, -118.577563",34.209532,-118.577563,Male,No,Yes,No,59,Yes,No,DSL,Yes,Yes,Yes,No,Yes,No,One year,No,Credit card (automatic),66.4,3958.2,No,0,64,6432,,0.00016278126,0,0,Very low risk
0983-TATYJ,1,United States,California,Santa Ynez,93460,"34.630356, -120.032564",34.630356,-120.032564,Female,No,Yes,No,33,Yes,No,DSL,No,No,No,Yes,No,No,One year,Yes,Mailed check,51.45,1758.9,No,0,59,4935,,0.00016278126,0,0,Very low risk
2746-DIJLO,1,United States,California,Harbor City,90710,"33.798266, -118.300237",33.798266,-118.300237,Female,No,No,No,41,Yes,Yes,DSL,No,Yes,No,No,No,No,One year,Yes,Credit card (automatic),56.3,2364.0,No,0,46,2994,,0.00016278126,0,0,Very low risk
7338-ERIVA,1,United States,California,Etna,96027,"41.405193, -123.008567",41.405193,-123.008567,Male,No,No,No,39,No,No phone service,DSL,Yes,No,No,Yes,Yes,No,One year,No,Bank transfer (automatic),45.05,1790.6,No,0,61,4003,,0.00016278126,0,0,Very low risk
6872-HXFNF,1,United States,California,Irvine,92606,"33.703976, -117.824172",33.703976,-117.824172,Female,No,Yes,No,64,Yes,Yes,DSL,No,No,Yes,Yes,No,No,One year,No,Bank transfer (automatic),58.35,3756.45,No,0,55,5331,,0.00016278126,0,0,Very low risk
5245-VDBUR,1,United States,California,Los Alamitos,90720,"33.79499, -118.065591",33.79499,-118.065591,Female,No,Yes,No,52,No,No phone service,DSL,Yes,No,Yes,No,No,No,One year,No,Mailed check,35.45,1958.95,No,0,47,5509,,0.00016278126,0,0,Very low risk
2188-SXWVT,1,United States,California,Chilcoot,96105,"39.872961, -120.198876",39.872961,-120.198876,Female,No,No,No,34,Yes,No,DSL,Yes,Yes,No,No,No,No,One year,No,Mailed check,55.0,1885.15,No,0,46,4027,,0.00016278126,0,0,Very low risk
6194-HBGQN,1,United States,California,Taft,93268,"35.184837, -119.402525",35.184837,-119.402525,Male,No,No,No,51,Yes,Yes,DSL,Yes,Yes,Yes,Yes,Yes,No,One year,Yes,Credit card (automatic),81.15,4126.2,No,0,56,4549,,0.00016278126,0,0,Very low risk
3926-YZVVX,1,United States,California,Sacramento,95841,"38.660442, -121.346321",38.660442,-121.346321,Female,No,No,No,41,Yes,No,DSL,No,No,No,Yes,No,No,One year,No,Bank transfer (automatic),50.05,2029.05,No,0,64,2157,,0.00016278126,0,0,Very low risk
1697-LYYYX,1,United States,California,Cotati,94931,"38.326215, -122.718742",38.326215,-122.718742,Female,No,Yes,Yes,61,Yes,No,No,No internet service,No internet service,No internet service,No internet service,No internet service,No internet service,One year,No,Credit card (automatic),19.1,1143.8,No,0,57,4376,,0.00016239476,0,0,Very low risk
3301-VKTGC,1,United States,California,Huron,93234,"36.217864, -120.080117",36.217864,-120.080117,Male,No,Yes,Yes,68,Yes,Yes,Fiber optic,Yes,Yes,No,No,No,No,One year,Yes,Bank transfer (automatic),85.5,5696.6,No,0,48,4380,,0.00016189662,0,0,Very low risk
5062-CJJKH,1,United States,California,Burbank,91505,"34.174215, -118.345928",34.174215,-118.345928,Male,No,Yes,Yes,25,Yes,No,DSL,No,Yes,Yes,No,No,No,One year,No,Mailed check,53.65,1355.45,No,0,25,5854,,0.0001617747,0,0,Very low risk
4376-KFVRS,1,United States,California,Barstow,92311,"34.965648, -117.001509",34.965648,-117.001509,Male,No,Yes,No,72,Yes,Yes,Fiber optic,Yes,Yes,Yes,Yes,Yes,Yes,Two year,Yes,Credit card (automatic),114.05,8468.2,No,0,39,4842,,0.00016168712,0,0,Very low risk
6919-ELBGL,1,United States,California,Big Pine,93513,"37.245505, -118.062943",37.245505,-118.062943,Male,Yes,Yes,No,72,Yes,Yes,Fiber optic,Yes,Yes,Yes,Yes,Yes,Yes,Two year,Yes,Bank transfer (automatic),114.95,8196.4,No,0,61,6268,,0.00016168712,0,0,Very low risk
9637-CDTKZ,1,United States,California,Panorama City,91402,"34.223768, -118.445461",34.223768,-118.445461,Male,No,Yes,No,72,Yes,Yes,Fiber optic,Yes,Yes,Yes,Yes,Yes,Yes,Two year,Yes,Credit card (automatic),114.1,8086.4,No,0,61,4965,,0.00016168712,0,0,Very low risk
7359-WWYJV,1,United States,California,Los Angeles,90044,"33.952714, -118.292061",33.952714,-118.292061,Male,No,Yes,No,72,Yes,Yes,Fiber optic,Yes,Yes,Yes,Yes,Yes,Yes,Two year,No,Credit card (automatic),114.45,8375.05,No,0,53,6274,,0.00016168712,0,0,Very low risk
7159-NOKYQ,1,United States,California,Montebello,90640,"34.015217, -118.109962",34.015217,-118.109962,Male,No,Yes,No,67,Yes,Yes,Fiber optic,No,Yes,Yes,No,No,Yes,Two year,Yes,Electronic check,93.15,6368.2,No,0,59,4001,,0.00016144925,0,0,Very low risk
9402-ROUMJ,1,United States,California,La Habra,90631,"33.940619, -117.9513",33.940619,-117.9513,Female,No,Yes,Yes,67,Yes,Yes,Fiber optic,Yes,No,Yes,Yes,No,Yes,One year,Yes,Bank transfer (automatic),100.25,6689.0,No,0,64,5588,,0.0001613529,0,0,Very low risk
4184-VODJZ,1,United States,California,Forks Of Salmon,96031,"41.232128, -123.194748",41.232128,-123.194748,Male,No,Yes,Yes,63,Yes,Yes,Fiber optic,No,Yes,No,No,No,Yes,One year,Yes,Electronic check,91.35,5764.7,No,0,47,4512,,0.0001613529,0,0,Very low risk
3096-WPXBT,1,United States,California,Venice,90291,"33.991782, -118.479229",33.991782,-118.479229,Female,No,Yes,Yes,61,Yes,Yes,Fiber optic,Yes,Yes,Yes,No,No,Yes,One year,Yes,Credit card (automatic),100.7,6018.65,No,0,57,4804,,0.0001613529,0,0,Very low risk
6096-EGVTU,1,United States,California,San Jose,95120,"37.186141, -121.843554",37.186141,-121.843554,Female,No,Yes,Yes,64,Yes,Yes,No,No internet service,No internet service,No internet service,No internet service,No internet service,No internet service,One year,No,Mailed check,24.9,1595.5,No,0,62,5038,,0.00016135168,0,0,Very low risk
1085-LDWAM,1,United States,California,Portola,96122,"39.786755, -120.445626",39.786755,-120.445626,Female,No,Yes,Yes,69,Yes,No,No,No internet service,No internet service,No internet service,No internet service,No internet service,No internet service,One year,Yes,Credit card (automatic),20.35,1442.65,No,0,26,5188,,0.00016135168,0,0,Very low risk
4302-ZYFEL,1,United States,California,Belvedere Tiburon,94920,"37.885629, -122.46858",37.885629,-122.46858,Male,No,Yes,Yes,69,Yes,No,No,No internet service,No internet service,No internet service,No internet service,No internet service,No internet service,One year,Yes,Credit card (automatic),20.55,1403.1,No,0,32,5366,,0.00016135168,0,0,Very low risk
8763-KIAFH,1,United States,California,Whittier,90603,"33.945318, -117.992066",33.945318,-117.992066,Female,No,Yes,No,27,Yes,No,No,No internet service,No internet service,No internet service,No internet service,No internet service,No internet service,One year,Yes,Mailed check,20.55,583.3,No,0,31,2269,,0.00016128892,0,0,Very low risk
8717-VCTXJ,1,United States,California,Santa Cruz,95065,"37.031404, -121.981865",37.031404,-121.981865,Male,No,No,No,42,Yes,No,No,No internet service,No internet service,No internet service,No internet service,No internet service,No internet service,One year,Yes,Mailed check,19.55,839.4,No,0,43,5293,,0.00016128892,0,0,Very low risk
2332-TODQS,1,United States,California,Garden Grove,92845,"33.782955, -118.026456",33.782955,-118.026456,Female,No,No,No,48,Yes,Yes,No,No internet service,No internet service,No internet service,No internet service,No internet service,No internet service,One year,No,Credit card (automatic),25.05,1171.5,No,0,33,3642,,0.00016128892,0,0,Very low risk
8430-TWCBX,1,United States,California,Novato,94947,"38.112166, -122.634384",38.112166,-122.634384,Female,No,Yes,No,49,Yes,No,No,No internet service,No internet service,No internet service,No internet service,No internet service,No internet service,One year,No,Credit card (automatic),20.7,1032.05,No,0,50,4074,,0.00016128892,0,0,Very low risk
3982-JGSFD,1,United States,California,Madera,93638,"37.004068, -119.930027",37.004068,-119.930027,Male,No,No,No,36,Yes,No,No,No internet service,No internet service,No internet service,No internet service,No internet service,No internet service,One year,Yes,Credit card (automatic),20.35,695.85,No,0,33,3526,,0.00016128892,0,0,Very low risk
0048-PIHNL,1,United States,California,Los Angeles,90058,"34.001617, -118.222274",34.001617,-118.222274,Female,No,Yes,No,49,Yes,No,No,No internet service,No internet service,No internet service,No internet service,No internet service,No internet service,One year,No,Bank transfer (automatic),20.45,900.9,No,0,20,6061,,0.00016128892,0,0,Very low risk
8873-TMKGR,1,United States,California,Sugarloaf,92386,"34.243088, -116.830015",34.243088,-116.830015,Male,No,No,No,29,Yes,No,No,No internet service,No internet service,No internet service,No internet service,No internet service,No internet service,One year,No,Mailed check,19.1,529.5,No,0,38,5880,,0.00016128892,0,0,Very low risk
7061-OVMIM,1,United States,California,Palm Springs,92262,"33.839989, -116.659215",33.839989,-116.659215,Female,No,Yes,No,30,Yes,No,No,No internet service,No internet service,No internet service,No internet service,No internet service,No internet service,One year,No,Bank transfer (automatic),19.55,608.5,No,0,50,5203,,0.00016128892,0,0,Very low risk
5380-XPJNZ,1,United States,California,San Francisco,94103,"37.773147, -122.411287",37.773147,-122.411287,Female,No,No,No,38,Yes,No,No,No internet service,No internet service,No internet service,No internet service,No internet service,No internet service,One year,No,Mailed check,20.05,678.2,No,0,27,4539,,0.00016128892,0,0,Very low risk
9824-QCJPK,1,United States,California,Sacramento,95830,"38.490508, -121.284171",38.490508,-121.284171,Male,No,Yes,No,36,Yes,No,No,No internet service,No internet service,No internet service,No internet service,No internet service,No internet service,One year,No,Mailed check,20.0,666.75,No,0,60,4175,,0.00016128892,0,0,Very low risk
6223-DHJGV,1,United States,California,Los Angeles,90056,"33.987945, -118.370442",33.987945,-118.370442,Female,No,No,No,42,Yes,No,No,No internet service,No internet service,No internet service,No internet service,No internet service,No internet service,One year,Yes,Mailed check,20.65,958.1,No,0,49,5956,,0.00016128892,0,0,Very low risk
2150-OEGBV,1,United States,California,Oakland,94612,"37.809014, -122.269739",37.809014,-122.269739,Male,No,No,No,27,Yes,No,No,No internet service,No internet service,No internet service,No internet service,No internet service,No internet service,One year,No,Bank transfer (automatic),20.1,562.6,No,0,28,3428,,0.00016128892,0,0,Very low risk
5924-SNGKP,1,United States,California,Solana Beach,92075,"33.001813, -117.263628",33.001813,-117.263628,Female,No,No,No,41,Yes,No,No,No internet service,No internet service,No internet service,No internet service,No internet service,No internet service,One year,Yes,Credit card (automatic),20.25,865.0,No,0,25,3972,,0.00016128892,0,0,Very low risk
0608-JDVEC,1,United States,California,Dunlap,93621,"36.789213, -119.140338",36.789213,-119.140338,Male,No,Yes,No,50,Yes,No,No,No internet service,No internet service,No internet service,No internet service,No internet service,No internet service,Two year,No,Electronic check,19.8,1013.2,No,0,61,5914,,0.00016067446,0,0,Very low risk
4825-FUREZ,1,United States,California,San Jose,95148,"37.339533, -121.777179",37.339533,-121.777179,Male,No,Yes,No,42,Yes,No,No,No internet service,No internet service,No internet service,No internet service,No internet service,No internet service,Two year,No,Electronic check,20.25,835.5,No,0,61,5940,,0.00016067446,0,0,Very low risk
9070-BCKQP,1,United States,California,Wilmington,90744,"33.782068, -118.262263",33.782068,-118.262263,Female,No,Yes,No,72,Yes,Yes,Fiber optic,Yes,No,Yes,Yes,Yes,Yes,Two year,Yes,Credit card (automatic),110.15,7881.2,No,0,21,4498,,0.0001603613,0,0,Very low risk
0536-ACXIP,1,United States,California,Lodi,95242,"38.128087, -121.4078",38.128087,-121.4078,Female,No,Yes,No,72,Yes,Yes,Fiber optic,Yes,Yes,Yes,No,Yes,Yes,Two year,Yes,Electronic check,109.55,8165.1,No,0,53,6452,,0.0001603613,0,0,Very low risk
9298-WGMRW,1,United States,California,Echo Lake,95721,"38.851842, -120.076204",38.851842,-120.076204,Female,No,Yes,No,72,Yes,Yes,Fiber optic,Yes,Yes,Yes,Yes,Yes,Yes,Two year,Yes,Bank transfer (automatic),115.5,8312.75,No,0,44,4697,,0.0001603613,0,0,Very low risk
2388-LAESQ,1,United States,California,Manchester,95459,"38.966713, -123.586412",38.966713,-123.586412,Female,Yes,Yes,No,72,Yes,Yes,Fiber optic,Yes,Yes,Yes,Yes,Yes,Yes,Two year,Yes,Bank transfer (automatic),114.85,8317.95,No,0,26,4796,,0.0001603613,0,0,Very low risk
0106-UGRDO,1,United States,California,Kenwood,95452,"38.419525, -122.521585",38.419525,-122.521585,Female,No,Yes,No,69,Yes,Yes,Fiber optic,Yes,Yes,Yes,Yes,Yes,Yes,Two year,Yes,Electronic check,116.0,8182.85,No,0,37,4216,,0.0001603613,0,0,Very low risk
9866-OCCKE,1,United States,California,San Diego,92114,"32.707892, -117.05512",32.707892,-117.05512,Female,Yes,Yes,No,72,Yes,Yes,Fiber optic,Yes,No,Yes,Yes,Yes,Yes,Two year,Yes,Mailed check,109.75,8075.35,No,0,34,6010,,0.0001603613,0,0,Very low risk
8779-YIQQA,1,United States,California,Pico Rivera,90660,"33.989524, -118.089299",33.989524,-118.089299,Male,No,Yes,Yes,21,Yes,No,No,No internet service,No internet service,No internet service,No internet service,No internet service,No internet service,One year,No,Mailed check,19.8,350.1,No,0,47,3243,,0.00016029159,0,0,Very low risk
7632-YUTXB,1,United States,California,Stinson Beach,94970,"37.921137, -122.657562",37.921137,-122.657562,Female,No,Yes,Yes,25,Yes,No,No,No internet service,No internet service,No internet service,No internet service,No internet service,No internet service,One year,No,Mailed check,20.05,520.1,No,0,60,2010,,0.00016029159,0,0,Very low risk
6814-ZPWFQ,1,United States,California,Santa Clarita,91350,"34.502432, -118.41459",34.502432,-118.41459,Male,Yes,No,No,51,Yes,Yes,No,No internet service,No internet service,No internet service,No internet service,No internet service,No internet service,One year,No,Bank transfer (automatic),25.0,1260.7,No,0,49,5896,,0.00016025292,0,0,Very low risk
0040-HALCW,1,United States,California,Modesto,95358,"37.612612, -121.108568",37.612612,-121.108568,Male,No,Yes,Yes,54,Yes,No,No,No internet service,No internet service,No internet service,No internet service,No internet service,No internet service,Two year,No,Credit card (automatic),20.4,1090.6,No,0,60,6393,,0.00016025233,0,0,Very low risk
7114-AEOZE,1,United States,California,Big Bar,96010,"40.775272, -123.287414",40.775272,-123.287414,Female,No,No,No,60,Yes,No,No,No internet service,No internet service,No internet service,No internet service,No internet service,No internet service,Two year,No,Bank transfer (automatic),19.85,1128.1,No,0,58,6213,,0.00015994991,0,0,Very low risk
4378-MYPGO,1,United States,California,Greenwood,95635,"38.921333, -120.897718",38.921333,-120.897718,Male,No,Yes,Yes,68,Yes,No,Fiber optic,Yes,Yes,Yes,No,Yes,Yes,Two year,Yes,Bank transfer (automatic),105.25,7173.15,No,0,36,5795,,0.00015979716,0,0,Very low risk
5514-YQENT,1,United States,California,Rocklin,95765,"38.823278, -121.281856",38.823278,-121.281856,Male,No,No,Yes,41,Yes,No,Fiber optic,Yes,Yes,Yes,Yes,Yes,Yes,Two year,Yes,Electronic check,111.15,4507.15,No,0,32,5038,,0.00015979716,0,0,Very low risk
7572-KPVKK,1,United States,California,Los Altos,94024,"37.352911, -122.093002",37.352911,-122.093002,Male,No,No,Yes,62,Yes,Yes,Fiber optic,No,No,Yes,Yes,Yes,Yes,Two year,Yes,Electronic check,104.05,6590.5,No,0,33,5900,,0.00015979716,0,0,Very low risk
6993-YCOBK,1,United States,California,Sun Valley,91352,"34.231053, -118.338307",34.231053,-118.338307,Male,No,Yes,Yes,60,Yes,Yes,Fiber optic,Yes,No,Yes,Yes,Yes,Yes,Two year,Yes,Electronic check,110.6,6586.85,No,0,22,5756,,0.00015979716,0,0,Very low risk
2088-IEBAU,1,United States,California,Poway,92064,"32.984395, -117.013454",32.984395,-117.013454,Female,No,No,No,68,Yes,Yes,DSL,Yes,Yes,Yes,Yes,Yes,Yes,Two year,Yes,Electronic check,88.15,6148.45,No,0,46,5531,,0.00015964241,0,0,Very low risk
4079-VTGLK,1,United States,California,Riverside,92501,"33.994676, -117.372498",33.994676,-117.372498,Male,Yes,Yes,No,30,Yes,Yes,DSL,No,No,Yes,No,Yes,Yes,Two year,No,Electronic check,74.85,2181.75,No,0,27,5610,,0.00015964241,0,0,Very low risk
9073-ZZIAY,1,United States,California,Long Beach,90806,"33.802664, -118.179971",33.802664,-118.179971,Male,No,Yes,No,62,Yes,No,DSL,Yes,Yes,Yes,Yes,Yes,Yes,Two year,No,Electronic check,86.1,5215.25,No,0,62,5769,,0.00015964241,0,0,Very low risk
0057-QBUQH,1,United States,California,San Martin,95046,"37.084697, -121.606417",37.084697,-121.606417,Female,No,No,Yes,43,Yes,Yes,No,No internet service,No internet service,No internet service,No internet service,No internet service,No internet service,Two year,Yes,Electronic check,25.1,1070.15,No,0,59,4797,,0.00015954077,0,0,Very low risk
5825-XJOCM,1,United States,California,Gazelle,96034,"41.411315, -122.697236",41.411315,-122.697236,Male,No,No,Yes,48,Yes,Yes,DSL,Yes,Yes,Yes,No,No,No,One year,Yes,Bank transfer (automatic),64.4,3035.35,No,0,45,2545,,0.00015951779,0,0,Very low risk
4086-ATNFV,1,United States,California,Hawaiian Gardens,90716,"33.830431, -118.074071",33.830431,-118.074071,Female,No,Yes,Yes,34,Yes,No,DSL,Yes,Yes,Yes,No,No,No,One year,Yes,Mailed check,60.8,2042.05,No,0,48,4522,,0.00015951779,0,0,Very low risk
9758-MFWGD,1,United States,California,Hawthorne,90250,"33.914775, -118.348083",33.914775,-118.348083,Female,Yes,Yes,Yes,48,No,No phone service,DSL,No,Yes,No,No,No,No,One year,No,Bank transfer (automatic),29.9,1388.75,No,0,49,2617,,0.00015951779,0,0,Very low risk
6061-GWWAV,1,United States,California,Fresno,93726,"36.793601, -119.761131",36.793601,-119.761131,Male,No,No,Yes,41,Yes,No,DSL,Yes,Yes,Yes,No,Yes,No,One year,No,Mailed check,70.2,2894.55,No,0,56,5365,,0.00015951779,0,0,Very low risk
0980-FEXWF,1,United States,California,Fiddletown,95629,"38.513484, -120.704613",38.513484,-120.704613,Male,No,Yes,Yes,26,Yes,No,DSL,No,No,Yes,No,No,No,One year,No,Mailed check,50.35,1285.8,No,0,48,3386,,0.00015951779,0,0,Very low risk
5498-IBWPI,1,United States,California,Guadalupe,93434,"34.936, -120.594655",34.936,-120.594655,Female,No,Yes,Yes,66,Yes,No,DSL,No,No,No,Yes,No,No,One year,Yes,Credit card (automatic),49.4,3251.85,No,0,59,5232,,0.00015951779,0,0,Very low risk
7636-PEPNS,1,United States,California,Palos Verdes Peninsula,90274,"33.788208, -118.404955",33.788208,-118.404955,Female,No,Yes,Yes,58,Yes,No,DSL,No,No,No,No,No,No,One year,Yes,Mailed check,44.1,2413.05,No,0,44,5040,,0.00015951779,0,0,Very low risk
6332-FBZRI,1,United States,California,Sacramento,95864,"38.585826, -121.376263",38.585826,-121.376263,Male,No,Yes,Yes,67,Yes,Yes,DSL,Yes,Yes,Yes,Yes,No,No,One year,Yes,Credit card (automatic),69.35,4653.25,No,0,40,5589,,0.00015951779,0,0,Very low risk
6698-OXETB,1,United States,California,Joshua Tree,92252,"34.167236, -116.281511",34.167236,-116.281511,Male,No,No,No,11,Yes,No,No,No internet service,No internet service,No internet service,No internet service,No internet service,No internet service,Two year,No,Mailed check,20.4,231.45,No,0,51,5397,,0.00015937215,0,0,Very low risk
9030-QGZNL,1,United States,California,Corona,92883,"33.762351, -117.488725",33.762351,-117.488725,Female,No,No,No,8,Yes,No,No,No internet service,No internet service,No internet service,No internet service,No internet service,No internet service,Two year,No,Mailed check,20.85,161.65,No,0,23,4249,,0.00015937215,0,0,Very low risk
5063-IUOKK,1,United States,California,Santa Barbara,93111,"34.460197, -119.802602",34.460197,-119.802602,Male,No,No,No,13,Yes,No,No,No internet service,No internet service,No internet service,No internet service,No internet service,No internet service,Two year,No,Mailed check,19.75,265.75,No,0,41,2016,,0.00015937215,0,0,Very low risk
5709-LVOEQ,1,United States,California,San Mateo,94401,"37.590421, -122.306467",37.590421,-122.306467,Female,No,Yes,No,0,Yes,No,DSL,Yes,Yes,Yes,No,Yes,Yes,Two year,No,Mailed check,80.85,0.0,No,0,45,2048,,0.00015937215,0,0,Very low risk
2236-HILPA,1,United States,California,Hayward,94544,"37.639215, -122.037554",37.639215,-122.037554,Male,No,Yes,Yes,62,Yes,No,No,No internet service,No internet service,No internet service,No internet service,No internet service,No internet service,Two year,No,Credit card (automatic),20.65,1218.45,No,0,40,6403,,0.000159223,0,0,Very low risk
7471-MQPOS,1,United States,California,Long Beach,90808,"33.823943, -118.111335",33.823943,-118.111335,Male,Yes,Yes,Yes,71,Yes,Yes,DSL,No,Yes,Yes,Yes,No,Yes,One year,Yes,Bank transfer (automatic),72.9,5139.65,No,0,54,6404,,0.00015898207,0,0,Very low risk
0743-HRVFF,1,United States,California,Bakersfield,93309,"35.342891, -119.064803",35.342891,-119.064803,Female,No,Yes,Yes,51,No,No phone service,DSL,No,No,Yes,Yes,Yes,Yes,One year,Yes,Electronic check,56.15,2898.95,No,0,48,4132,,0.00015898207,0,0,Very low risk
5975-BAICR,1,United States,California,Yountville,94599,"38.421458, -122.365048",38.421458,-122.365048,Male,No,Yes,Yes,36,Yes,No,DSL,Yes,No,Yes,No,No,Yes,One year,Yes,Credit card (automatic),63.7,2188.5,No,0,31,2504,,0.00015898207,0,0,Very low risk
6848-YLDFR,1,United States,California,Gerber,96035,"40.03194, -122.176023",40.03194,-122.176023,Male,No,Yes,Yes,58,Yes,No,DSL,No,Yes,No,Yes,Yes,Yes,One year,Yes,Credit card (automatic),75.2,4300.8,No,0,46,4559,,0.00015898207,0,0,Very low risk
4877-TSOFF,1,United States,California,Morongo Valley,92256,"34.097863, -116.594561",34.097863,-116.594561,Female,No,Yes,Yes,55,Yes,Yes,DSL,Yes,Yes,No,Yes,No,Yes,One year,Yes,Bank transfer (automatic),75.75,4264.25,No,0,51,4489,,0.00015898207,0,0,Very low risk
4700-UBQMV,1,United States,California,Stockton,95206,"37.902422, -121.440029",37.902422,-121.440029,Male,No,Yes,Yes,21,Yes,Yes,DSL,Yes,No,No,No,Yes,Yes,One year,Yes,Bank transfer (automatic),75.9,1549.75,No,0,47,3503,,0.00015898207,0,0,Very low risk
9640-ZSLDC,1,United States,California,Lagunitas,94938,"38.021772, -122.691744",38.021772,-122.691744,Female,No,Yes,Yes,53,Yes,No,DSL,No,No,Yes,No,No,Yes,One year,No,Credit card (automatic),60.6,3297.0,No,0,38,4854,,0.00015898207,0,0,Very low risk
2541-YGPKE,1,United States,California,Lemon Cove,93244,"36.462671, -118.997291",36.462671,-118.997291,Male,No,Yes,Yes,42,Yes,No,DSL,Yes,No,No,Yes,No,Yes,One year,No,Credit card (automatic),63.7,2763.35,No,0,55,3764,,0.00015898207,0,0,Very low risk
2649-HWLYB,1,United States,California,Fresno,93727,"36.751489, -119.68072",36.751489,-119.68072,Male,No,Yes,No,65,Yes,Yes,DSL,Yes,No,Yes,Yes,No,Yes,Two year,No,Bank transfer (automatic),76.15,4929.55,No,0,46,6177,,0.0001589225,0,0,Very low risk
5329-KRDTM,1,United States,California,Long Barn,95335,"38.109125, -120.078597",38.109125,-120.078597,Male,Yes,Yes,No,72,Yes,Yes,DSL,No,Yes,Yes,Yes,Yes,No,Two year,No,Credit card (automatic),77.35,5396.25,No,0,29,6202,,0.0001589225,0,0,Very low risk
1927-QEWMY,1,United States,California,Arcadia,91007,"34.128284, -118.047732",34.128284,-118.047732,Female,No,Yes,No,72,Yes,No,No,No internet service,No internet service,No internet service,No internet service,No internet service,No internet service,Two year,No,Credit card (automatic),20.5,1502.25,No,0,25,6302,,0.0001589225,0,0,Very low risk
3454-JFUBC,1,United States,California,Pala,92059,"33.384345, -117.072619",33.384345,-117.072619,Male,Yes,No,No,68,Yes,No,No,No internet service,No internet service,No internet service,No internet service,No internet service,No internet service,Two year,Yes,Credit card (automatic),20.0,1396.0,No,0,55,6136,,0.0001589225,0,0,Very low risk
9530-GRMJG,1,United States,California,Whittier,90601,"34.007353, -118.033683",34.007353,-118.033683,Male,No,Yes,Yes,70,Yes,Yes,DSL,No,Yes,Yes,Yes,Yes,Yes,Two year,Yes,Electronic check,84.1,5979.7,No,0,48,5568,,0.000158516,0,0,Very low risk
6445-TNRXS,1,United States,California,Richmond,94805,"37.941456, -122.320968",37.941456,-122.320968,Male,No,Yes,Yes,68,Yes,Yes,Fiber optic,Yes,Yes,Yes,Yes,Yes,Yes,Two year,Yes,Bank transfer (automatic),114.7,7849.85,No,0,59,5671,,0.00015831013,0,0,Very low risk
8915-NNTRC,1,United States,California,Lake Isabella,93240,"35.607875, -118.466318",35.607875,-118.466318,Male,No,Yes,Yes,72,Yes,Yes,Fiber optic,Yes,Yes,No,Yes,Yes,Yes,Two year,Yes,Credit card (automatic),107.7,7919.8,No,0,55,4351,,0.00015831013,0,0,Very low risk
3831-YCPUO,1,United States,California,Glencoe,95232,"38.358464, -120.579304",38.358464,-120.579304,Female,No,Yes,Yes,72,Yes,No,Fiber optic,Yes,Yes,Yes,Yes,Yes,Yes,Two year,Yes,Credit card (automatic),109.5,7854.9,No,0,55,6419,,0.00015831013,0,0,Very low risk
0017-IUDMW,1,United States,California,Sunnyvale,94086,"37.378541, -122.020456",37.378541,-122.020456,Female,No,Yes,Yes,72,Yes,Yes,Fiber optic,Yes,Yes,Yes,Yes,Yes,Yes,Two year,Yes,Credit card (automatic),116.8,8456.75,No,0,52,6252,,0.00015831013,0,0,Very low risk
7337-CINUD,1,United States,California,Mokelumne Hill,95245,"38.304194, -120.592431",38.304194,-120.592431,Female,No,Yes,Yes,8,Yes,No,No,No internet service,No internet service,No internet service,No internet service,No internet service,No internet service,Two year,No,Bank transfer (automatic),19.5,159.35,No,0,35,5206,,0.0001582475,0,0,Very low risk
7816-VGHTO,1,United States,California,Rio Oso,95674,"38.954144, -121.482536",38.954144,-121.482536,Female,No,Yes,Yes,6,No,No phone service,DSL,No,Yes,Yes,Yes,No,No,Two year,No,Mailed check,40.55,217.5,No,0,30,2866,,0.0001582475,0,0,Very low risk
8314-HTWVE,1,United States,California,Cypress,90630,"33.818477, -118.038307",33.818477,-118.038307,Female,No,Yes,Yes,7,Yes,No,No,No internet service,No internet service,No internet service,No internet service,No internet service,No internet service,Two year,No,Mailed check,19.85,144.15,No,0,60,3973,,0.0001582475,0,0,Very low risk
6434-TTGJP,1,United States,California,Geyserville,95441,"38.731771, -123.064272",38.731771,-123.064272,Male,No,Yes,Yes,10,No,No phone service,DSL,Yes,Yes,Yes,Yes,No,Yes,Two year,No,Credit card (automatic),53.7,521.0,No,0,48,5671,,0.0001582475,0,0,Very low risk
7996-BPXHY,1,United States,California,San Francisco,94111,"37.801776, -122.402293",37.801776,-122.402293,Female,No,Yes,Yes,13,Yes,Yes,No,No internet service,No internet service,No internet service,No internet service,No internet service,No internet service,Two year,Yes,Bank transfer (automatic),25.0,332.5,No,0,21,4734,,0.0001582475,0,0,Very low risk
9108-EQPNQ,1,United States,California,San Leandro,94577,"37.717196, -122.159338",37.717196,-122.159338,Female,No,Yes,Yes,10,Yes,Yes,No,No internet service,No internet service,No internet service,No internet service,No internet service,No internet service,Two year,No,Credit card (automatic),26.1,225.55,No,0,63,3179,,0.0001582475,0,0,Very low risk
2266-FUBDZ,1,United States,California,San Francisco,94115,"37.786031, -122.437301",37.786031,-122.437301,Male,No,Yes,Yes,15,Yes,No,No,No internet service,No internet service,No internet service,No internet service,No internet service,No internet service,Two year,No,Mailed check,19.35,278.85,No,0,54,2742,,0.0001582475,0,0,Very low risk
5266-PFRQK,1,United States,California,Orleans,95556,"41.269521, -123.546958",41.269521,-123.546958,Male,No,Yes,Yes,52,Yes,No,No,No internet service,No internet service,No internet service,No internet service,No internet service,No internet service,One year,Yes,Credit card (automatic),20.85,1071.6,No,0,56,4886,,0.00015805553,0,0,Very low risk
9067-SQTNS,1,United States,California,Salinas,93905,"36.667794, -121.601306",36.667794,-121.601306,Male,No,Yes,Yes,44,Yes,No,No,No internet service,No internet service,No internet service,No internet service,No internet service,No internet service,One year,No,Bank transfer (automatic),20.6,926.0,No,0,44,2471,,0.00015805553,0,0,Very low risk
5519-TEEUH,1,United States,California,Irvine,92604,"33.688546, -117.788091",33.688546,-117.788091,Male,No,No,Yes,33,Yes,No,No,No internet service,No internet service,No internet service,No internet service,No internet service,No internet service,One year,Yes,Mailed check,20.15,682.15,No,0,57,5759,,0.00015805553,0,0,Very low risk
4962-CHQPW,1,United States,California,Greenville,95947,"40.160386, -120.835428",40.160386,-120.835428,Male,No,No,Yes,29,Yes,No,No,No internet service,No internet service,No internet service,No internet service,No internet service,No internet service,One year,No,Mailed check,19.85,535.05,No,0,26,2941,,0.00015805553,0,0,Very low risk
8590-OHDIW,1,United States,California,Garden Grove,92843,"33.764018, -117.931507",33.764018,-117.931507,Female,No,Yes,Yes,38,Yes,No,No,No internet service,No internet service,No internet service,No internet service,No internet service,No internet service,One year,No,Mailed check,20.3,749.35,No,0,51,4686,,0.00015805553,0,0,Very low risk
1776-SPBWV,1,United States,California,Salinas,93907,"36.77462, -121.664714",36.77462,-121.664714,Female,No,Yes,Yes,34,Yes,No,No,No internet service,No internet service,No internet service,No internet service,No internet service,No internet service,One year,Yes,Bank transfer (automatic),20.1,682.1,No,0,21,2272,,0.00015805553,0,0,Very low risk
4137-JOPHL,1,United States,California,Inglewood,90302,"33.975332, -118.355252",33.975332,-118.355252,Female,No,No,No,50,Yes,No,Fiber optic,No,No,Yes,Yes,No,Yes,Two year,Yes,Bank transfer (automatic),89.7,4304.5,No,0,45,5306,,0.000157907,0,0,Very low risk
7322-OCWHC,1,United States,California,Placentia,92870,"33.881158, -117.854783",33.881158,-117.854783,Male,Yes,Yes,No,72,Yes,Yes,Fiber optic,Yes,Yes,Yes,Yes,No,No,Two year,Yes,Bank transfer (automatic),93.05,6735.05,No,0,39,4988,,0.000157907,0,0,Very low risk
6900-RBKER,1,United States,California,San Jose,95120,"37.186141, -121.843554",37.186141,-121.843554,Male,No,No,No,52,Yes,Yes,Fiber optic,No,No,Yes,No,No,Yes,Two year,Yes,Credit card (automatic),89.45,4577.75,No,0,35,5386,,0.000157907,0,0,Very low risk
7691-XVTZH,1,United States,California,Aromas,95004,"36.878364, -121.629781",36.878364,-121.629781,Female,No,Yes,No,68,Yes,Yes,Fiber optic,No,No,Yes,No,Yes,No,Two year,Yes,Bank transfer (automatic),89.95,5974.3,No,0,64,5672,,0.000157907,0,0,Very low risk
5671-RQRLP,1,United States,California,Fowler,93625,"36.625792, -119.672483",36.625792,-119.672483,Female,Yes,Yes,No,70,Yes,Yes,Fiber optic,No,No,No,No,No,No,Two year,Yes,Credit card (automatic),75.65,5411.4,No,0,30,4181,,0.000157907,0,0,Very low risk
2525-GVKQU,1,United States,California,Santa Margarita,93453,"35.303926, -120.256567",35.303926,-120.256567,Female,No,No,No,60,Yes,No,No,No internet service,No internet service,No internet service,No internet service,No internet service,No internet service,Two year,No,Mailed check,20.6,1093.0,No,0,35,4192,,0.0001571492,0,0,Very low risk
9548-LERKT,1,United States,California,Willows,95988,"39.493991, -122.286363",39.493991,-122.286363,Male,No,Yes,No,24,Yes,No,No,No internet service,No internet service,No internet service,No internet service,No internet service,No internet service,Two year,No,Mailed check,19.75,483.15,No,0,34,3455,,0.0001571492,0,0,Very low risk
0164-XAIRP,1,United States,California,La Mirada,90638,"33.902045, -118.008961",33.902045,-118.008961,Female,No,No,No,24,Yes,No,No,No internet service,No internet service,No internet service,No internet service,No internet service,No internet service,Two year,Yes,Bank transfer (automatic),19.55,470.2,No,0,34,2511,,0.0001571492,0,0,Very low risk
5495-GPSRW,1,United States,California,Joshua Tree,92252,"34.167236, -116.281511",34.167236,-116.281511,Male,No,No,No,20,Yes,No,No,No internet service,No internet service,No internet service,No internet service,No internet service,No internet service,Two year,Yes,Mailed check,19.7,419.4,No,0,56,2120,,0.0001571492,0,0,Very low risk
4213-HKBJO,1,United States,California,Martinez,94553,"38.014457, -122.115432",38.014457,-122.115432,Female,No,No,No,33,Yes,Yes,No,No internet service,No internet service,No internet service,No internet service,No internet service,No internet service,Two year,No,Credit card (automatic),25.7,826.1,No,0,39,3378,,0.0001571492,0,0,Very low risk
3970-XGJDU,1,United States,California,West Hills,91307,"34.199787, -118.68493",34.199787,-118.68493,Female,No,No,No,62,Yes,No,No,No internet service,No internet service,No internet service,No internet service,No internet service,No internet service,Two year,Yes,Credit card (automatic),19.2,1123.65,No,0,64,4937,,0.0001571492,0,0,Very low risk
4735-BJKOU,1,United States,California,Los Angeles,90039,"34.110845, -118.259595",34.110845,-118.259595,Female,No,No,No,40,Yes,No,No,No internet service,No internet service,No internet service,No internet service,No internet service,No internet service,Two year,No,Mailed check,20.15,804.85,No,0,64,3915,,0.0001571492,0,0,Very low risk
5469-NUJUR,1,United States,California,Zenia,95595,"40.170357, -123.417298",40.170357,-123.417298,Male,No,No,No,19,Yes,No,No,No internet service,No internet service,No internet service,No internet service,No internet service,No internet service,Two year,Yes,Mailed check,19.95,373.5,No,0,50,2831,,0.0001571492,0,0,Very low risk
3865-ZFZIB,1,United States,California,Los Angeles,90077,"34.102084, -118.451629",34.102084,-118.451629,Male,No,No,No,19,Yes,No,No,No internet service,No internet service,No internet service,No internet service,No internet service,No internet service,Two year,No,Mailed check,19.65,358.15,No,0,21,5596,,0.0001571492,0,0,Very low risk
7205-BAIAD,1,United States,California,Fillmore,93015,"34.408161, -118.865111",34.408161,-118.865111,Female,No,No,No,40,Yes,No,No,No internet service,No internet service,No internet service,No internet service,No internet service,No internet service,Two year,Yes,Bank transfer (automatic),20.6,827.3,No,0,27,3091,,0.0001571492,0,0,Very low risk
9814-AOUDH,1,United States,California,Arbuckle,95912,"38.982373, -122.047751",38.982373,-122.047751,Male,No,No,No,53,Yes,No,No,No internet service,No internet service,No internet service,No internet service,No internet service,No internet service,Two year,No,Credit card (automatic),19.5,1050.5,No,0,57,5625,,0.0001571492,0,0,Very low risk
4703-MQYKT,1,United States,California,Escondido,92025,"33.081478, -117.033814",33.081478,-117.033814,Male,No,No,No,21,Yes,No,No,No internet service,No internet service,No internet service,No internet service,No internet service,No internet service,Two year,No,Mailed check,19.6,390.4,No,0,22,4562,,0.0001571492,0,0,Very low risk
2805-AUFQN,1,United States,California,Traver,93673,"36.456091, -119.486225",36.456091,-119.486225,Female,No,No,No,25,Yes,No,No,No internet service,No internet service,No internet service,No internet service,No internet service,No internet service,Two year,No,Credit card (automatic),19.8,475.2,No,0,20,3875,,0.0001571492,0,0,Very low risk
3646-ITDGM,1,United States,California,Sacramento,95822,"38.512569, -121.495184",38.512569,-121.495184,Female,No,No,No,56,Yes,No,No,No internet service,No internet service,No internet service,No internet service,No internet service,No internet service,Two year,No,Bank transfer (automatic),19.7,1051.9,No,0,56,4831,,0.0001571492,0,0,Very low risk
1862-QRWPE,1,United States,California,Pacific Palisades,90272,"34.079449, -118.548306",34.079449,-118.548306,Female,No,Yes,No,48,Yes,No,No,No internet service,No internet service,No internet service,No internet service,No internet service,No internet service,Two year,No,Bank transfer (automatic),20.65,1057.0,No,0,25,4124,,0.0001571492,0,0,Very low risk
6625-FLENO,1,United States,California,Los Angeles,90002,"33.949255, -118.246978",33.949255,-118.246978,Male,No,Yes,No,58,Yes,No,No,No internet service,No internet service,No internet service,No internet service,No internet service,No internet service,Two year,No,Mailed check,20.75,1185.95,No,0,20,4927,,0.0001571492,0,0,Very low risk
4299-OPXEJ,1,United States,California,Inglewood,90301,"33.956445, -118.358634",33.956445,-118.358634,Female,No,No,No,56,Yes,No,No,No internet service,No internet service,No internet service,No internet service,No internet service,No internet service,Two year,Yes,Bank transfer (automatic),19.55,1080.55,No,0,56,5764,,0.0001571492,0,0,Very low risk
9777-IQHWP,1,United States,California,Greenfield,93927,"36.248708, -121.386617",36.248708,-121.386617,Male,No,Yes,Yes,64,Yes,Yes,Fiber optic,Yes,No,Yes,No,No,Yes,Two year,No,Bank transfer (automatic),93.4,5822.3,No,0,42,6249,,0.00015683364,0,0,Very low risk
5696-CEIQJ,1,United States,California,Riverside,92504,"33.9108, -117.398153",33.9108,-117.398153,Male,No,Yes,Yes,67,Yes,No,Fiber optic,No,Yes,Yes,Yes,Yes,Yes,Two year,No,Bank transfer (automatic),103.15,6895.5,No,0,40,4376,,0.00015683364,0,0,Very low risk
9715-WZCLW,1,United States,California,Fontana,92335,"34.087558, -117.464096",34.087558,-117.464096,Male,No,Yes,Yes,71,Yes,Yes,Fiber optic,Yes,No,No,No,Yes,Yes,Two year,Yes,Electronic check,97.2,6910.3,No,0,43,4603,,0.00015683364,0,0,Very low risk
1063-DHQJF,1,United States,California,Whittier,90604,"33.929704, -118.01208",33.929704,-118.01208,Male,No,Yes,Yes,69,Yes,No,Fiber optic,No,Yes,No,Yes,Yes,No,Two year,Yes,Mailed check,92.15,6480.9,No,0,30,5817,,0.00015679267,0,0,Very low risk
7971-HLVXI,1,United States,California,San Bernardino,92404,"34.183286, -117.221722",34.183286,-117.221722,Male,No,Yes,Yes,72,Yes,Yes,Fiber optic,No,No,No,No,No,Yes,Two year,Yes,Credit card (automatic),84.5,6130.85,No,0,50,6202,,0.00015679267,0,0,Very low risk
6345-FZOQH,1,United States,California,La Canada Flintridge,91011,"34.234912, -118.153729",34.234912,-118.153729,Male,No,Yes,No,69,Yes,No,No,No internet service,No internet service,No internet service,No internet service,No internet service,No internet service,Two year,No,Mailed check,19.9,1363.45,No,0,54,5570,,0.0001561398,0,0,Very low risk
7560-QJAVJ,1,United States,California,Biggs,95917,"39.457388, -121.818201",39.457388,-121.818201,Female,No,No,No,70,Yes,No,DSL,Yes,No,Yes,Yes,Yes,Yes,Two year,No,Bank transfer (automatic),79.6,5589.45,No,0,38,5474,,0.0001561398,0,0,Very low risk
4521-WFJAI,1,United States,California,Sacramento,95825,"38.590035, -121.412455",38.590035,-121.412455,Male,No,No,No,56,Yes,Yes,No,No internet service,No internet service,No internet service,No internet service,No internet service,No internet service,Two year,Yes,Bank transfer (automatic),25.95,1444.05,No,0,40,4246,,0.0001561398,0,0,Very low risk
3836-FZSDJ,1,United States,California,Fresno,93720,"36.878709, -119.7645",36.878709,-119.7645,Male,Yes,Yes,No,71,Yes,Yes,No,No internet service,No internet service,No internet service,No internet service,No internet service,No internet service,Two year,No,Bank transfer (automatic),24.85,1901.0,No,0,53,4367,,0.0001561398,0,0,Very low risk
7998-WNZEM,1,United States,California,San Francisco,94131,"37.746699, -122.442833",37.746699,-122.442833,Male,No,No,No,71,Yes,Yes,DSL,Yes,Yes,Yes,Yes,No,Yes,Two year,No,Bank transfer (automatic),80.6,5708.2,No,0,47,5447,,0.0001561398,0,0,Very low risk
2632-TACXW,1,United States,California,Richmond,94801,"37.945288, -122.383941",37.945288,-122.383941,Female,No,Yes,No,62,Yes,Yes,No,No internet service,No internet service,No internet service,No internet service,No internet service,No internet service,Two year,No,Bank transfer (automatic),23.65,1416.75,No,0,21,4671,,0.0001561398,0,0,Very low risk
1945-XISKS,1,United States,California,Sonora,95370,"37.982716, -120.343732",37.982716,-120.343732,Female,No,Yes,No,67,Yes,No,No,No internet service,No internet service,No internet service,No internet service,No internet service,No internet service,Two year,No,Mailed check,19.65,1335.2,No,0,26,4994,,0.0001561398,0,0,Very low risk
6203-HBZPA,1,United States,California,Forestville,95436,"38.499302, -122.92444",38.499302,-122.92444,Male,No,No,No,52,No,No phone service,DSL,Yes,Yes,Yes,Yes,Yes,Yes,Two year,No,Credit card (automatic),63.9,3334.95,No,0,36,5380,,0.0001561398,0,0,Very low risk
7649-SIJJF,1,United States,California,Emeryville,94608,"37.83726, -122.287648",37.83726,-122.287648,Male,No,Yes,No,71,Yes,Yes,DSL,Yes,Yes,Yes,Yes,No,Yes,Two year,Yes,Mailed check,80.1,5585.4,No,0,37,6045,,0.0001561398,0,0,Very low risk
9674-EHPPG,1,United States,California,Berkeley,94707,"37.897753, -122.279391",37.897753,-122.279391,Male,No,Yes,No,46,No,No phone service,DSL,Yes,No,Yes,Yes,No,No,Two year,No,Credit card (automatic),40.4,1842.7,No,0,44,2519,,0.0001561398,0,0,Very low risk
2245-ADZFJ,1,United States,California,Castella,96017,"41.121108, -122.336613",41.121108,-122.336613,Female,No,Yes,No,31,Yes,Yes,DSL,No,Yes,No,Yes,Yes,Yes,Two year,No,Bank transfer (automatic),80.55,2471.6,No,0,24,3491,,0.0001561398,0,0,Very low risk
7401-JIXNM,1,United States,California,Arvin,93203,"35.116307, -118.817644",35.116307,-118.817644,Female,No,Yes,No,54,Yes,Yes,DSL,Yes,Yes,Yes,Yes,Yes,Yes,Two year,No,Credit card (automatic),91.3,4965.0,No,0,27,5907,,0.0001561398,0,0,Very low risk
2616-FLVQC,1,United States,California,Point Arena,95468,"38.911299, -123.609588",38.911299,-123.609588,Male,No,No,No,64,Yes,No,No,No internet service,No internet service,No internet service,No internet service,No internet service,No internet service,Two year,No,Mailed check,19.55,1240.15,No,0,27,6036,,0.0001561398,0,0,Very low risk
4312-KFRXN,1,United States,California,Bradley,93426,"35.842889, -121.004862",35.842889,-121.004862,Male,No,Yes,No,72,Yes,Yes,No,No internet service,No internet service,No internet service,No internet service,No internet service,No internet service,Two year,No,Mailed check,25.4,1710.9,No,0,30,5512,,0.0001561398,0,0,Very low risk
6288-CHQJB,1,United States,California,San Bernardino,92405,"34.142747, -117.300864",34.142747,-117.300864,Female,No,Yes,No,54,Yes,No,DSL,Yes,No,Yes,Yes,No,Yes,Two year,No,Bank transfer (automatic),69.95,3871.85,No,0,57,5077,,0.0001561398,0,0,Very low risk
4018-PPNDW,1,United States,California,California City,93505,"35.151491, -117.927597",35.151491,-117.927597,Female,No,Yes,No,61,Yes,Yes,No,No internet service,No internet service,No internet service,No internet service,No internet service,No internet service,Two year,Yes,Mailed check,24.1,1551.6,No,0,21,5970,,0.0001561398,0,0,Very low risk
1139-WUOAH,1,United States,California,Vallecito,95251,"38.055562, -120.456298",38.055562,-120.456298,Male,No,No,No,57,No,No phone service,DSL,No,No,Yes,Yes,Yes,Yes,Two year,No,Credit card (automatic),53.35,3090.05,No,0,42,5461,,0.0001561398,0,0,Very low risk
7602-DBTOU,1,United States,California,San Francisco,94121,"37.776718, -122.495781",37.776718,-122.495781,Female,No,Yes,No,71,Yes,No,No,No internet service,No internet service,No internet service,No internet service,No internet service,No internet service,Two year,No,Mailed check,19.6,1416.5,No,0,20,4890,,0.0001561398,0,0,Very low risk
9926-PJHDQ,1,United States,California,Kingsburg,93631,"36.478239, -119.52137",36.478239,-119.52137,Female,No,Yes,No,72,Yes,Yes,DSL,No,No,Yes,No,Yes,Yes,Two year,Yes,Bank transfer (automatic),76.8,5468.45,No,0,34,5120,,0.0001561398,0,0,Very low risk
4737-HOBAX,1,United States,California,Penngrove,94951,"38.325599, -122.642352",38.325599,-122.642352,Male,No,Yes,No,63,Yes,Yes,DSL,No,No,Yes,Yes,Yes,Yes,Two year,No,Credit card (automatic),79.8,5034.05,No,0,52,4073,,0.0001561398,0,0,Very low risk
3027-YNWZU,1,United States,California,San Ramon,94583,"37.766556, -121.976784",37.766556,-121.976784,Female,No,Yes,No,64,Yes,Yes,No,No internet service,No internet service,No internet service,No internet service,No internet service,No internet service,Two year,No,Credit card (automatic),25.0,1584.8,No,0,61,5538,,0.0001561398,0,0,Very low risk
6418-HNFED,1,United States,California,Huntington Beach,92648,"33.679659, -118.016195",33.679659,-118.016195,Male,No,Yes,No,51,Yes,No,DSL,Yes,Yes,Yes,Yes,Yes,Yes,Two year,Yes,Credit card (automatic),83.25,4089.45,No,0,62,5340,,0.0001561398,0,0,Very low risk
8028-PNXHQ,1,United States,California,Downey,90242,"33.921793, -118.140588",33.921793,-118.140588,Male,No,Yes,No,62,Yes,Yes,No,No internet service,No internet service,No internet service,No internet service,No internet service,No internet service,Two year,Yes,Bank transfer (automatic),24.25,1424.6,No,0,33,4444,,0.0001561398,0,0,Very low risk
3795-GWTRD,1,United States,California,Los Angeles,90048,"34.072945, -118.37267",34.072945,-118.37267,Female,No,Yes,No,63,Yes,No,DSL,Yes,Yes,Yes,Yes,Yes,No,Two year,No,Credit card (automatic),75.55,4707.85,No,0,64,4626,,0.0001561398,0,0,Very low risk
9372-TXXPS,1,United States,California,Burson,95225,"38.183918, -120.898817",38.183918,-120.898817,Female,No,Yes,No,60,Yes,No,DSL,Yes,Yes,No,Yes,No,No,Two year,No,Bank transfer (automatic),59.85,3483.45,No,0,54,4029,,0.0001561398,0,0,Very low risk
1936-CZAKF,1,United States,California,Graton,95444,"38.434362, -122.86891",38.434362,-122.86891,Male,No,Yes,No,49,No,No phone service,DSL,No,Yes,No,No,Yes,Yes,Two year,No,Credit card (automatic),49.65,2409.9,No,0,29,4283,,0.0001561398,0,0,Very low risk
0979-MOZQI,1,United States,California,Monterey,93940,"36.362741, -121.869685",36.362741,-121.869685,Male,No,Yes,No,62,No,No phone service,DSL,No,No,No,Yes,Yes,No,Two year,Yes,Bank transfer (automatic),39.0,2337.45,No,0,54,4987,,0.0001561398,0,0,Very low risk
1525-LNLOJ,1,United States,California,Bakersfield,93305,"35.391733, -118.984109",35.391733,-118.984109,Male,No,Yes,No,66,Yes,Yes,DSL,No,No,Yes,No,Yes,No,Two year,Yes,Bank transfer (automatic),63.3,4189.7,No,0,60,4186,,0.0001561398,0,0,Very low risk
2696-RZVZW,1,United States,California,Downey,90242,"33.921793, -118.140588",33.921793,-118.140588,Male,No,Yes,No,68,Yes,Yes,No,No internet service,No internet service,No internet service,No internet service,No internet service,No internet service,Two year,No,Credit card (automatic),25.05,1629.2,No,0,24,4187,,0.0001561398,0,0,Very low risk
7606-BPHHN,1,United States,California,La Quinta,92253,"33.695532, -116.310571",33.695532,-116.310571,Male,No,No,No,72,Yes,No,No,No internet service,No internet service,No internet service,No internet service,No internet service,No internet service,Two year,Yes,Credit card (automatic),19.8,1468.75,No,0,9,5368,,0.0001561398,0,0,Very low risk
4648-YPBTM,1,United States,California,Arcadia,91007,"34.128284, -118.047732",34.128284,-118.047732,Male,No,No,No,53,Yes,Yes,DSL,No,Yes,Yes,Yes,No,Yes,Two year,Yes,Bank transfer (automatic),73.9,3958.25,No,0,55,5644,,0.0001561398,0,0,Very low risk
1227-UDMZR,1,United States,California,Fremont,94536,"37.572273, -121.964583",37.572273,-121.964583,Female,No,Yes,No,72,Yes,Yes,DSL,Yes,Yes,Yes,Yes,Yes,Yes,Two year,Yes,Bank transfer (automatic),91.15,6637.9,No,0,33,4311,,0.0001561398,0,0,Very low risk
8181-YHCMF,1,United States,California,La Mesa,91941,"32.759327, -116.99726",32.759327,-116.99726,Female,No,Yes,No,68,No,No phone service,DSL,No,Yes,Yes,Yes,Yes,Yes,Two year,No,Credit card (automatic),60.3,4109.0,No,0,24,4864,,0.0001561398,0,0,Very low risk
1705-GUHPV,1,United States,California,Los Angeles,90056,"33.987945, -118.370442",33.987945,-118.370442,Female,No,No,No,63,Yes,Yes,No,No internet service,No internet service,No internet service,No internet service,No internet service,No internet service,Two year,No,Mailed check,24.2,1618.2,No,0,64,4948,,0.0001561398,0,0,Very low risk
0379-DJQHR,1,United States,California,Sunnyvale,94089,"37.421633, -122.009613",37.421633,-122.009613,Male,No,Yes,No,67,Yes,No,DSL,Yes,Yes,Yes,No,Yes,Yes,Two year,No,Credit card (automatic),81.35,5398.6,No,0,51,4219,,0.0001561398,0,0,Very low risk
0123-CRBRT,1,United States,California,Monterey Park,91755,"34.049172, -118.115022",34.049172,-118.115022,Female,No,Yes,No,61,Yes,Yes,DSL,Yes,Yes,Yes,Yes,Yes,Yes,Two year,No,Mailed check,88.1,5526.75,No,0,40,5152,,0.0001561398,0,0,Very low risk
8390-FESFV,1,United States,California,Sebastopol,95472,"38.398815, -122.861923",38.398815,-122.861923,Female,No,No,No,62,Yes,Yes,DSL,No,Yes,Yes,Yes,Yes,Yes,Two year,No,Bank transfer (automatic),84.5,5193.2,No,0,61,5466,,0.0001561398,0,0,Very low risk
8338-QIUNR,1,United States,California,Bakersfield,93304,"35.339796, -119.023552",35.339796,-119.023552,Male,No,Yes,No,72,Yes,Yes,DSL,Yes,No,Yes,Yes,No,No,Two year,Yes,Credit card (automatic),66.5,4811.6,No,0,49,4397,,0.0001561398,0,0,Very low risk
6701-YVNQG,1,United States,California,Moreno Valley,92553,"33.923149, -117.244933",33.923149,-117.244933,Male,No,Yes,No,72,Yes,Yes,DSL,Yes,Yes,Yes,Yes,Yes,Yes,Two year,Yes,Credit card (automatic),88.7,6301.7,No,0,41,5764,,0.0001561398,0,0,Very low risk
1568-BEKZM,1,United States,California,Baldwin Park,91706,"34.098275, -117.967399",34.098275,-117.967399,Male,Yes,Yes,No,70,Yes,Yes,DSL,Yes,Yes,Yes,Yes,Yes,Yes,Two year,No,Credit card (automatic),90.05,6333.4,No,0,47,4666,,0.0001561398,0,0,Very low risk
3071-MVJCD,1,United States,California,Grizzly Flats,95636,"38.636102, -120.522149",38.636102,-120.522149,Male,No,Yes,No,72,Yes,Yes,DSL,Yes,Yes,Yes,Yes,Yes,No,Two year,No,Bank transfer (automatic),82.3,5815.15,No,0,60,4162,,0.0001561398,0,0,Very low risk
6917-FIJHC,1,United States,California,Livingston,95334,"37.361987, -120.748394",37.361987,-120.748394,Female,No,Yes,No,72,Yes,Yes,No,No internet service,No internet service,No internet service,No internet service,No internet service,No internet service,Two year,Yes,Mailed check,26.0,1776.0,No,0,20,5374,,0.0001561398,0,0,Very low risk
4751-ERMAN,1,United States,California,Gazelle,96034,"41.411315, -122.697236",41.411315,-122.697236,Male,No,Yes,No,72,Yes,No,DSL,No,Yes,Yes,No,Yes,Yes,Two year,Yes,Bank transfer (automatic),75.4,5480.25,No,0,35,4171,,0.0001561398,0,0,Very low risk
9919-FZDED,1,United States,California,Yucca Valley,92284,"34.159534, -116.425984",34.159534,-116.425984,Male,Yes,Yes,No,72,Yes,Yes,DSL,Yes,Yes,Yes,No,Yes,Yes,Two year,Yes,Credit card (automatic),84.1,5981.65,No,0,63,4671,,0.0001561398,0,0,Very low risk
5318-YKDPV,1,United States,California,Raymond,93653,"37.252057, -119.95783",37.252057,-119.95783,Male,No,Yes,No,43,Yes,No,DSL,Yes,No,Yes,Yes,Yes,Yes,Two year,Yes,Credit card (automatic),79.15,3566.6,No,0,63,3716,,0.0001561398,0,0,Very low risk
2954-PIBKO,1,United States,California,Los Angeles,90058,"34.001617, -118.222274",34.001617,-118.222274,Female,No,Yes,No,69,Yes,Yes,DSL,Yes,No,Yes,Yes,No,No,Two year,Yes,Credit card (automatic),64.15,4254.1,No,0,62,5128,,0.0001561398,0,0,Very low risk
0707-HOVVN,1,United States,California,Mi Wuk Village,95346,"38.121601, -120.133915",38.121601,-120.133915,Female,Yes,No,No,70,Yes,Yes,DSL,No,Yes,Yes,Yes,Yes,No,Two year,Yes,Bank transfer (automatic),75.5,5212.65,No,0,62,6024,,0.0001561398,0,0,Very low risk
3967-KXAPS,1,United States,California,Los Angeles,90061,"33.92128, -118.274186",33.92128,-118.274186,Male,No,Yes,No,72,Yes,Yes,DSL,Yes,Yes,Yes,Yes,Yes,Yes,Two year,No,Credit card (automatic),92.3,6719.9,No,0,56,5136,,0.0001561398,0,0,Very low risk
8345-MVDYC,1,United States,California,Gardena,90248,"33.876482, -118.284077",33.876482,-118.284077,Female,No,No,No,45,Yes,No,DSL,Yes,No,Yes,Yes,Yes,Yes,Two year,No,Bank transfer (automatic),81.65,3618.7,No,0,41,5937,,0.0001561398,0,0,Very low risk
9286-BHDQG,1,United States,California,Thousand Oaks,91362,"34.191842, -118.822796",34.191842,-118.822796,Male,No,Yes,No,72,No,No phone service,DSL,Yes,Yes,Yes,Yes,No,No,Two year,No,Credit card (automatic),45.25,3139.8,No,0,22,5041,,0.0001561398,0,0,Very low risk
4717-GHADL,1,United States,California,Callahan,96014,"41.388397, -122.794636",41.388397,-122.794636,Female,No,No,No,50,Yes,Yes,DSL,No,Yes,No,Yes,Yes,Yes,Two year,Yes,Mailed check,79.6,4024.2,No,0,39,5592,,0.0001561398,0,0,Very low risk
3429-IFLEM,1,United States,California,Hayward,94544,"37.639215, -122.037554",37.639215,-122.037554,Female,No,No,No,71,Yes,No,DSL,Yes,Yes,Yes,Yes,Yes,No,Two year,No,Credit card (automatic),77.35,5550.1,No,0,61,4846,,0.0001561398,0,0,Very low risk
9385-NXKDA,1,United States,California,Hesperia,92345,"34.361387, -117.337509",34.361387,-117.337509,Female,No,Yes,No,72,Yes,Yes,DSL,Yes,Yes,Yes,No,Yes,Yes,Two year,Yes,Credit card (automatic),82.65,5919.35,No,0,42,4324,,0.0001561398,0,0,Very low risk
7191-ADRGF,1,United States,California,Torrance,90504,"33.867257, -118.330794",33.867257,-118.330794,Male,No,Yes,No,44,No,No phone service,DSL,No,Yes,Yes,No,Yes,Yes,Two year,No,Bank transfer (automatic),54.3,2390.45,No,0,64,3222,,0.0001561398,0,0,Very low risk
1459-QNFQT,1,United States,California,San Jose,95122,"37.32886, -121.834567",37.32886,-121.834567,Male,No,Yes,No,70,No,No phone service,DSL,Yes,No,Yes,Yes,Yes,Yes,Two year,No,Bank transfer (automatic),59.5,4144.8,No,0,27,4031,,0.0001561398,0,0,Very low risk
3948-KXDUF,1,United States,California,Los Gatos,95033,"37.160194, -121.945611",37.160194,-121.945611,Male,No,No,No,66,Yes,Yes,DSL,Yes,Yes,Yes,Yes,No,No,Two year,No,Bank transfer (automatic),68.75,4447.55,No,0,60,5454,,0.0001561398,0,0,Very low risk
8735-SDUFN,1,United States,California,Salinas,93908,"36.624338, -121.615669",36.624338,-121.615669,Female,Yes,Yes,No,72,Yes,Yes,No,No internet service,No internet service,No internet service,No internet service,No internet service,No internet service,Two year,No,Bank transfer (automatic),24.3,1778.7,No,0,55,4397,,0.0001561398,0,0,Very low risk
1926-QUZNN,1,United States,California,Carmel,93923,"36.460611, -121.852507",36.460611,-121.852507,Female,No,Yes,No,72,Yes,Yes,No,No internet service,No internet service,No internet service,No internet service,No internet service,No internet service,Two year,Yes,Bank transfer (automatic),25.25,1841.2,No,0,36,4551,,0.0001561398,0,0,Very low risk
4785-FCIFB,1,United States,California,Forest Falls,92339,"34.067699, -116.903891",34.067699,-116.903891,Female,No,Yes,No,61,Yes,Yes,No,No internet service,No internet service,No internet service,No internet service,No internet service,No internet service,Two year,No,Mailed check,24.4,1417.9,No,0,23,4900,,0.0001561398,0,0,Very low risk
0397-ZXWQF,1,United States,California,Orick,95555,"41.336354, -124.044354",41.336354,-124.044354,Male,No,No,No,67,Yes,No,No,No internet service,No internet service,No internet service,No internet service,No internet service,No internet service,Two year,No,Bank transfer (automatic),20.5,1430.95,No,0,45,4416,,0.0001561398,0,0,Very low risk
3649-JPUGY,1,United States,California,San Bernardino,92407,"34.250069, -117.393949",34.250069,-117.393949,Male,No,No,No,72,Yes,Yes,DSL,No,Yes,Yes,Yes,Yes,Yes,Two year,Yes,Bank transfer (automatic),88.6,6201.95,No,0,52,5842,,0.0001561398,0,0,Very low risk
4500-HKANN,1,United States,California,Anaheim,92807,"33.848733, -117.788357",33.848733,-117.788357,Male,No,Yes,No,23,Yes,Yes,DSL,No,Yes,No,Yes,No,No,Two year,No,Mailed check,59.7,1414.2,No,0,49,3464,,0.0001561398,0,0,Very low risk
0732-OCQOC,1,United States,California,Death Valley,92328,"36.27688, -117.033326",36.27688,-117.033326,Female,No,Yes,No,52,Yes,Yes,No,No internet service,No internet service,No internet service,No internet service,No internet service,No internet service,Two year,Yes,Bank transfer (automatic),25.05,1270.25,No,0,42,5674,,0.0001561398,0,0,Very low risk
4940-KHCWD,1,United States,California,Downey,90240,"33.956228, -118.120993",33.956228,-118.120993,Female,No,Yes,No,60,No,No phone service,DSL,Yes,Yes,No,Yes,No,No,Two year,No,Bank transfer (automatic),37.7,2288.7,No,0,54,5148,,0.0001561398,0,0,Very low risk
1767-CJKBA,1,United States,California,Richmond,94804,"37.921034, -122.341798",37.921034,-122.341798,Male,No,No,No,66,Yes,Yes,No,No internet service,No internet service,No internet service,No internet service,No internet service,No internet service,Two year,No,Mailed check,25.1,1697.7,No,0,48,6025,,0.0001561398,0,0,Very low risk
6064-ZATLR,1,United States,California,Llano,93544,"34.500091, -117.765862",34.500091,-117.765862,Female,No,No,No,27,Yes,No,DSL,Yes,Yes,No,No,No,No,Two year,No,Bank transfer (automatic),52.85,1498.65,No,0,23,2842,,0.0001561398,0,0,Very low risk
5666-MBJPT,1,United States,California,Bakersfield,93304,"35.339796, -119.023552",35.339796,-119.023552,Male,No,No,No,65,Yes,Yes,No,No internet service,No internet service,No internet service,No internet service,No internet service,No internet service,Two year,Yes,Bank transfer (automatic),25.1,1725.0,No,0,46,5449,,0.0001561398,0,0,Very low risk
6848-HJTXY,1,United States,California,Ontario,91761,"34.035602, -117.591528",34.035602,-117.591528,Female,No,Yes,No,64,Yes,No,No,No internet service,No internet service,No internet service,No internet service,No internet service,No internet service,Two year,No,Credit card (automatic),19.45,1208.6,No,0,28,5628,,0.0001561398,0,0,Very low risk
2987-BJXIK,1,United States,California,Tulare,93274,"36.185471, -119.375243",36.185471,-119.375243,Female,No,No,No,70,Yes,Yes,DSL,Yes,Yes,Yes,No,Yes,Yes,Two year,No,Mailed check,84.7,5991.05,No,0,45,4180,,0.0001561398,0,0,Very low risk
6080-LNESI,1,United States,California,Hercules,94547,"37.991259, -122.214945",37.991259,-122.214945,Male,No,No,No,51,Yes,Yes,No,No internet service,No internet service,No internet service,No internet service,No internet service,No internet service,Two year,No,Mailed check,24.75,1234.6,No,0,46,5080,,0.0001561398,0,0,Very low risk
7515-LODFU,1,United States,California,Burney,96013,"40.946785, -121.719489",40.946785,-121.719489,Male,Yes,No,No,69,Yes,No,No,No internet service,No internet service,No internet service,No internet service,No internet service,No internet service,Two year,No,Credit card (automatic),20.3,1356.3,No,0,21,4042,,0.0001561398,0,0,Very low risk
8626-PTQGE,1,United States,California,Escondido,92026,"33.21846, -117.116916",33.21846,-117.116916,Male,No,No,No,69,No,No phone service,DSL,Yes,Yes,No,Yes,Yes,Yes,Two year,Yes,Bank transfer (automatic),60.05,4176.7,No,0,22,5388,,0.0001561398,0,0,Very low risk
0839-JTCUD,1,United States,California,Mission Viejo,92691,"33.611945, -117.665867",33.611945,-117.665867,Female,No,Yes,No,66,Yes,Yes,DSL,Yes,Yes,Yes,Yes,Yes,Yes,Two year,No,Credit card (automatic),89.9,5958.85,No,0,20,4082,,0.0001561398,0,0,Very low risk
8129-GMVGI,1,United States,California,San Bruno,94066,"37.624436, -122.430661",37.624436,-122.430661,Female,No,Yes,Yes,56,Yes,No,No,No internet service,No internet service,No internet service,No internet service,No internet service,No internet service,Two year,No,Mailed check,20.05,1090.1,No,0,59,5172,,0.00015604022,0,0,Very low risk
5296-BFCYD,1,United States,California,San Fernando,91340,"34.286131, -118.435969",34.286131,-118.435969,Male,No,Yes,Yes,46,Yes,No,No,No internet service,No internet service,No internet service,No internet service,No internet service,No internet service,Two year,Yes,Mailed check,20.1,936.85,No,0,24,3392,,0.00015604022,0,0,Very low risk
2892-GESUL,1,United States,California,San Juan Capistrano,92675,"33.521447, -117.602555",33.521447,-117.602555,Female,No,Yes,Yes,18,Yes,No,No,No internet service,No internet service,No internet service,No internet service,No internet service,No internet service,Two year,No,Mailed check,19.35,309.25,No,0,36,2269,,0.00015604022,0,0,Very low risk
0056-EPFBG,1,United States,California,Redding,96003,"40.677649, -122.29467",40.677649,-122.29467,Male,No,Yes,Yes,20,No,No phone service,DSL,Yes,No,Yes,Yes,No,No,Two year,Yes,Credit card (automatic),39.4,825.4,No,0,29,3899,,0.00015604022,0,0,Very low risk
4742-TXUEX,1,United States,California,Rialto,92376,"34.109775, -117.378904",34.109775,-117.378904,Female,No,Yes,Yes,47,Yes,No,No,No internet service,No internet service,No internet service,No internet service,No internet service,No internet service,Two year,No,Bank transfer (automatic),19.3,890.5,No,0,43,5829,,0.00015604022,0,0,Very low risk
8173-RXAYP,1,United States,California,Mcarthur,96056,"41.10831, -121.360362",41.10831,-121.360362,Female,No,Yes,Yes,24,Yes,No,No,No internet service,No internet service,No internet service,No internet service,No internet service,No internet service,Two year,No,Mailed check,19.7,452.55,No,0,42,4642,,0.00015604022,0,0,Very low risk
2075-PUEPR,1,United States,California,Newport Coast,92657,"33.603282, -117.821841",33.603282,-117.821841,Male,No,Yes,Yes,55,Yes,No,No,No internet service,No internet service,No internet service,No internet service,No internet service,No internet service,Two year,No,Bank transfer (automatic),19.35,1153.25,No,0,49,5248,,0.00015604022,0,0,Very low risk
4335-UPJSI,1,United States,California,Aguanga,92536,"33.482243, -116.827173",33.482243,-116.827173,Female,No,No,Yes,24,Yes,No,No,No internet service,No internet service,No internet service,No internet service,No internet service,No internet service,Two year,No,Mailed check,19.75,498.1,No,0,43,2639,,0.00015604022,0,0,Very low risk
9945-PSVIP,1,United States,California,Dulzura,91917,"32.622999, -116.687855",32.622999,-116.687855,Female,No,Yes,Yes,25,Yes,No,No,No internet service,No internet service,No internet service,No internet service,No internet service,No internet service,Two year,Yes,Mailed check,18.7,383.65,No,0,42,2289,,0.00015604022,0,0,Very low risk
8711-LOBKY,1,United States,California,Navarro,95463,"39.182916, -123.552571",39.182916,-123.552571,Male,No,Yes,Yes,59,Yes,No,No,No internet service,No internet service,No internet service,No internet service,No internet service,No internet service,Two year,No,Mailed check,19.85,1188.25,No,0,59,6144,,0.00015604022,0,0,Very low risk
8219-VYBVI,1,United States,California,Rancho Santa Fe,92067,"33.012751, -117.200617",33.012751,-117.200617,Male,No,No,Yes,39,Yes,Yes,No,No internet service,No internet service,No internet service,No internet service,No internet service,No internet service,Two year,No,Mailed check,25.0,1004.35,No,0,55,4295,,0.00015604022,0,0,Very low risk
2335-GSODA,1,United States,California,Camino,95709,"38.748316, -120.675512",38.748316,-120.675512,Male,No,No,Yes,23,No,No phone service,DSL,Yes,No,Yes,Yes,No,No,Two year,No,Mailed check,40.1,857.75,No,0,24,2327,,0.00015604022,0,0,Very low risk
9867-XOBQA,1,United States,California,Pasadena,91105,"34.13946, -118.166649",34.13946,-118.166649,Female,No,No,Yes,21,No,No phone service,DSL,Yes,Yes,Yes,Yes,Yes,No,Two year,No,Mailed check,53.15,1183.2,No,0,29,3461,,0.00015604022,0,0,Very low risk
6340-DACFT,1,United States,California,Madeline,96119,"41.042003, -120.506086",41.042003,-120.506086,Female,No,Yes,Yes,50,Yes,No,No,No internet service,No internet service,No internet service,No internet service,No internet service,No internet service,Two year,No,Credit card (automatic),20.55,1070.25,No,0,34,4878,,0.00015604022,0,0,Very low risk
3978-YNKDD,1,United States,California,Culver City,90232,"34.019323, -118.391902",34.019323,-118.391902,Male,No,No,Yes,19,Yes,No,No,No internet service,No internet service,No internet service,No internet service,No internet service,No internet service,Two year,No,Credit card (automatic),20.85,467.5,No,0,43,2654,,0.00015604022,0,0,Very low risk
6169-PPETC,1,United States,California,Brentwood,94513,"37.908242, -121.682472",37.908242,-121.682472,Male,No,Yes,Yes,35,Yes,No,No,No internet service,No internet service,No internet service,No internet service,No internet service,No internet service,Two year,No,Bank transfer (automatic),20.5,759.35,No,0,38,2009,,0.00015604022,0,0,Very low risk
1709-EJDOX,1,United States,California,San Francisco,94134,"37.721052, -122.413573",37.721052,-122.413573,Female,No,Yes,Yes,47,Yes,No,No,No internet service,No internet service,No internet service,No internet service,No internet service,No internet service,Two year,No,Mailed check,19.75,948.9,No,0,34,3843,,0.00015604022,0,0,Very low risk
0562-FGDCR,1,United States,California,Whitmore,96096,"40.637105, -121.906949",40.637105,-121.906949,Female,No,Yes,Yes,72,Yes,Yes,DSL,Yes,Yes,No,Yes,Yes,No,Two year,No,Mailed check,74.55,5430.65,No,0,25,4703,,0.00015503795,0,0,Very low risk
7717-BICXI,1,United States,California,O Neals,93645,"37.140104, -119.657092",37.140104,-119.657092,Male,No,Yes,Yes,60,Yes,No,No,No internet service,No internet service,No internet service,No internet service,No internet service,No internet service,Two year,No,Mailed check,20.55,1205.05,No,0,47,4020,,0.00015503795,0,0,Very low risk
4086-WITJG,1,United States,California,Los Angeles,90007,"34.027337, -118.28515",34.027337,-118.28515,Male,No,Yes,Yes,71,Yes,No,No,No internet service,No internet service,No internet service,No internet service,No internet service,No internet service,Two year,No,Credit card (automatic),19.7,1301.1,No,0,30,4808,,0.00015503795,0,0,Very low risk
9537-JALFH,1,United States,California,Imperial,92251,"32.858595, -115.662709",32.858595,-115.662709,Male,No,Yes,Yes,69,Yes,No,No,No internet service,No internet service,No internet service,No internet service,No internet service,No internet service,Two year,No,Bank transfer (automatic),19.9,1356.7,No,0,54,6058,,0.00015503795,0,0,Very low risk
8224-KDLKN,1,United States,California,Sacramento,95825,"38.590035, -121.412455",38.590035,-121.412455,Male,No,Yes,Yes,72,Yes,Yes,No,No internet service,No internet service,No internet service,No internet service,No internet service,No internet service,Two year,No,Bank transfer (automatic),25.0,1738.9,No,0,41,4275,,0.00015503795,0,0,Very low risk
1830-IPXVJ,1,United States,California,Lafayette,94549,"37.907777, -122.127161",37.907777,-122.127161,Female,No,Yes,Yes,61,Yes,No,No,No internet service,No internet service,No internet service,No internet service,No internet service,No internet service,Two year,No,Credit card (automatic),19.75,1311.6,No,0,22,6108,,0.00015503795,0,0,Very low risk
2925-VDZHY,1,United States,California,Sonora,95370,"37.982716, -120.343732",37.982716,-120.343732,Male,No,Yes,Yes,72,Yes,Yes,DSL,Yes,Yes,Yes,Yes,Yes,Yes,Two year,No,Credit card (automatic),88.7,6501.35,No,0,46,4641,,0.00015503795,0,0,Very low risk
3967-VQOGC,1,United States,California,Leggett,95585,"39.873371, -123.741474",39.873371,-123.741474,Female,No,Yes,Yes,67,Yes,Yes,No,No internet service,No internet service,No internet service,No internet service,No internet service,No internet service,Two year,Yes,Mailed check,24.9,1680.25,No,0,59,5847,,0.00015503795,0,0,Very low risk
5696-JVVQY,1,United States,California,Davis,95616,"38.508735, -121.678813",38.508735,-121.678813,Female,No,Yes,Yes,48,Yes,No,DSL,Yes,Yes,Yes,No,No,Yes,Two year,Yes,Credit card (automatic),70.1,3238.4,No,0,27,5476,,0.00015503795,0,0,Very low risk
1403-GYAFU,1,United States,California,Irvine,92604,"33.688546, -117.788091",33.688546,-117.788091,Male,No,Yes,Yes,70,Yes,No,No,No internet service,No internet service,No internet service,No internet service,No internet service,No internet service,Two year,No,Credit card (automatic),20.05,1360.25,No,0,64,4485,,0.00015503795,0,0,Very low risk
4674-HGNUA,1,United States,California,Petrolia,95558,"40.274302, -124.210902",40.274302,-124.210902,Male,No,Yes,Yes,71,Yes,Yes,DSL,Yes,Yes,Yes,Yes,Yes,Yes,Two year,No,Credit card (automatic),89.9,6457.15,No,0,57,4444,,0.00015503795,0,0,Very low risk
3642-BYHDO,1,United States,California,Downey,90240,"33.956228, -118.120993",33.956228,-118.120993,Female,No,Yes,Yes,71,Yes,No,No,No internet service,No internet service,No internet service,No internet service,No internet service,No internet service,Two year,No,Bank transfer (automatic),19.9,1389.35,No,0,31,5789,,0.00015503795,0,0,Very low risk
5457-COLHT,1,United States,California,San Francisco,94124,"37.731505, -122.384532",37.731505,-122.384532,Male,No,Yes,Yes,69,Yes,No,DSL,Yes,Yes,No,Yes,Yes,Yes,Two year,No,Bank transfer (automatic),80.65,5542.55,No,0,41,4618,,0.00015503795,0,0,Very low risk
2263-SFSQZ,1,United States,California,San Jose,95138,"37.246064, -121.749494",37.246064,-121.749494,Male,No,Yes,Yes,51,Yes,Yes,No,No internet service,No internet service,No internet service,No internet service,No internet service,No internet service,Two year,Yes,Mailed check,24.95,1222.25,No,0,37,5461,,0.00015503795,0,0,Very low risk
9365-CSLBQ,1,United States,California,Richgrove,93261,"35.809921, -119.127437",35.809921,-119.127437,Male,No,No,Yes,71,Yes,Yes,No,No internet service,No internet service,No internet service,No internet service,No internet service,No internet service,Two year,No,Mailed check,24.35,1654.6,No,0,60,4155,,0.00015503795,0,0,Very low risk
5751-USDBL,1,United States,California,Soda Springs,95728,"39.279068, -120.414275",39.279068,-120.414275,Male,No,Yes,Yes,46,Yes,No,DSL,Yes,No,Yes,Yes,Yes,Yes,Two year,No,Mailed check,81.0,3846.35,No,0,57,4280,,0.00015503795,0,0,Very low risk
1716-LSAMB,1,United States,California,Santa Ana,92701,"33.748478, -117.858918",33.748478,-117.858918,Male,No,Yes,Yes,45,Yes,No,DSL,Yes,No,No,Yes,No,No,Two year,No,Bank transfer (automatic),54.65,2553.7,No,0,39,5083,,0.00015503795,0,0,Very low risk
4277-BWBML,1,United States,California,Three Rivers,93271,"36.413433, -118.854708",36.413433,-118.854708,Male,No,Yes,Yes,72,Yes,No,No,No internet service,No internet service,No internet service,No internet service,No internet service,No internet service,Two year,No,Bank transfer (automatic),19.95,1322.85,No,0,56,5092,,0.00015503795,0,0,Very low risk
0298-XACET,1,United States,California,Berry Creek,95916,"39.657228, -121.37778",39.657228,-121.37778,Male,No,Yes,Yes,52,No,No phone service,DSL,No,Yes,Yes,Yes,Yes,No,Two year,No,Mailed check,50.2,2554.0,No,0,47,5396,,0.00015503795,0,0,Very low risk
3511-BFTJW,1,United States,California,Glendora,91740,"34.119363, -117.855059",34.119363,-117.855059,Male,No,Yes,Yes,72,No,No phone service,DSL,Yes,Yes,Yes,No,No,No,Two year,No,Credit card (automatic),38.5,2763.0,No,0,58,4710,,0.00015503795,0,0,Very low risk
6283-GITPX,1,United States,California,Beaumont,92223,"33.946982, -116.977672",33.946982,-116.977672,Male,No,No,Yes,71,Yes,No,DSL,Yes,Yes,Yes,Yes,Yes,No,Two year,Yes,Credit card (automatic),76.9,5522.7,No,0,26,4633,,0.00015503795,0,0,Very low risk
0769-MURVM,1,United States,California,Carmel Valley,93924,"36.414611, -121.6386",36.414611,-121.6386,Female,No,Yes,Yes,72,No,No phone service,DSL,Yes,Yes,Yes,Yes,Yes,Yes,Two year,No,Bank transfer (automatic),65.7,4575.35,No,0,52,6187,,0.00015503795,0,0,Very low risk
2885-HIJDH,1,United States,California,Tecate,91980,"32.587557, -116.636816",32.587557,-116.636816,Male,No,Yes,Yes,69,Yes,Yes,DSL,Yes,No,Yes,Yes,Yes,Yes,Two year,No,Bank transfer (automatic),86.9,6194.1,No,0,49,4667,,0.00015503795,0,0,Very low risk
3580-GICBM,1,United States,California,Clovis,93611,"36.917652, -119.593757",36.917652,-119.593757,Female,No,Yes,Yes,61,Yes,Yes,No,No internet service,No internet service,No internet service,No internet service,No internet service,No internet service,Two year,Yes,Mailed check,24.2,1445.2,No,0,51,6201,,0.00015503795,0,0,Very low risk
3884-UEBXB,1,United States,California,Diamond Springs,95619,"38.683605, -120.811852",38.683605,-120.811852,Female,No,Yes,Yes,67,No,No phone service,DSL,Yes,Yes,No,No,No,No,Two year,No,Bank transfer (automatic),36.15,2434.45,No,0,39,6314,,0.00015503795,0,0,Very low risk
3088-FVYWK,1,United States,California,Mc Kittrick,93251,"35.38381, -119.730885",35.38381,-119.730885,Male,No,Yes,Yes,53,Yes,Yes,No,No internet service,No internet service,No internet service,No internet service,No internet service,No internet service,Two year,No,Credit card (automatic),25.55,1336.1,No,0,46,5794,,0.00015503795,0,0,Very low risk
3563-SVYLG,1,United States,California,Nipton,92364,"35.478736, -115.516984",35.478736,-115.516984,Male,No,Yes,Yes,68,Yes,No,DSL,Yes,Yes,Yes,Yes,No,No,Two year,No,Credit card (automatic),62.65,4375.8,No,0,59,5215,,0.00015503795,0,0,Very low risk
1820-DJFPH,1,United States,California,Orick,95555,"41.336354, -124.044354",41.336354,-124.044354,Female,No,Yes,Yes,72,Yes,Yes,No,No internet service,No internet service,No internet service,No internet service,No internet service,No internet service,Two year,Yes,Bank transfer (automatic),24.05,1709.15,No,0,36,4755,,0.00015503795,0,0,Very low risk
7729-XBTWX,1,United States,California,San Ramon,94583,"37.766556, -121.976784",37.766556,-121.976784,Male,No,Yes,Yes,66,Yes,No,No,No internet service,No internet service,No internet service,No internet service,No internet service,No internet service,Two year,Yes,Mailed check,19.75,1344.5,No,0,58,4485,,0.00015503795,0,0,Very low risk
6013-BHCAW,1,United States,California,San Jose,95117,"37.311088, -121.961786",37.311088,-121.961786,Male,No,Yes,Yes,61,Yes,Yes,DSL,No,No,Yes,Yes,Yes,Yes,Two year,Yes,Bank transfer (automatic),81.0,4976.15,No,0,40,4151,,0.00015503795,0,0,Very low risk
9430-NKQLY,1,United States,California,Arcadia,91006,"34.137319, -118.029837",34.137319,-118.029837,Male,No,Yes,Yes,72,Yes,Yes,No,No internet service,No internet service,No internet service,No internet service,No internet service,No internet service,Two year,Yes,Credit card (automatic),25.1,1790.8,No,0,52,4185,,0.00015503795,0,0,Very low risk
3470-OBUET,1,United States,California,San Jose,95123,"37.238758, -121.828375",37.238758,-121.828375,Female,No,Yes,Yes,67,Yes,Yes,DSL,Yes,Yes,No,Yes,Yes,No,Two year,No,Credit card (automatic),74.0,4868.4,No,0,35,4188,,0.00015503795,0,0,Very low risk
5727-MYATE,1,United States,California,Van Nuys,91405,"34.202494, -118.448048",34.202494,-118.448048,Male,No,Yes,Yes,72,Yes,Yes,DSL,Yes,Yes,Yes,Yes,Yes,Yes,Two year,Yes,Credit card (automatic),90.8,6397.6,No,0,46,5028,,0.00015503795,0,0,Very low risk
2824-DXNKN,1,United States,California,Santa Cruz,95065,"37.031404, -121.981865",37.031404,-121.981865,Female,No,Yes,Yes,72,Yes,Yes,DSL,Yes,No,Yes,No,Yes,No,Two year,Yes,Bank transfer (automatic),71.45,5025.85,No,0,30,5656,,0.00015503795,0,0,Very low risk
0301-FIDRB,1,United States,California,Fulton,95439,"38.493888, -122.777141",38.493888,-122.777141,Female,No,Yes,Yes,72,No,No phone service,DSL,Yes,Yes,Yes,Yes,Yes,Yes,Two year,Yes,Bank transfer (automatic),63.8,4684.3,No,0,32,6107,,0.00015503795,0,0,Very low risk
0402-OAMEN,1,United States,California,Spreckels,93962,"36.624641, -121.647195",36.624641,-121.647195,Female,No,Yes,Yes,72,Yes,Yes,No,No internet service,No internet service,No internet service,No internet service,No internet service,No internet service,Two year,No,Bank transfer (automatic),24.45,1709.1,No,0,64,5335,,0.00015503795,0,0,Very low risk
1088-AUUZZ,1,United States,California,Shaver Lake,93664,"37.223, -119.001021",37.223,-119.001021,Male,No,Yes,Yes,56,Yes,Yes,DSL,Yes,Yes,No,Yes,No,Yes,Two year,Yes,Credit card (automatic),75.85,4261.2,No,0,52,5314,,0.00015503795,0,0,Very low risk
0962-CQPWQ,1,United States,California,Alameda,94502,"37.724817, -122.224363",37.724817,-122.224363,Female,No,Yes,Yes,62,Yes,No,No,No internet service,No internet service,No internet service,No internet service,No internet service,No internet service,Two year,No,Bank transfer (automatic),20.3,1296.15,No,0,56,4574,,0.00015503795,0,0,Very low risk
4821-WQOYN,1,United States,California,Little River,95456,"39.245911, -123.77214",39.245911,-123.77214,Female,No,Yes,Yes,72,Yes,No,No,No internet service,No internet service,No internet service,No internet service,No internet service,No internet service,Two year,Yes,Credit card (automatic),20.1,1326.25,No,0,41,4603,,0.00015503795,0,0,Very low risk
6365-HITVU,1,United States,California,Santa Fe Springs,90670,"33.933565, -118.062611",33.933565,-118.062611,Female,No,Yes,Yes,71,Yes,No,DSL,Yes,Yes,Yes,Yes,Yes,Yes,Two year,No,Credit card (automatic),87.25,6328.7,No,0,38,4135,,0.00015503795,0,0,Very low risk
0480-KYJVA,1,United States,California,Sacramento,95835,"38.685069, -121.543709",38.685069,-121.543709,Female,No,Yes,Yes,72,Yes,Yes,No,No internet service,No internet service,No internet service,No internet service,No internet service,No internet service,Two year,No,Credit card (automatic),24.25,1784.5,No,0,26,5897,,0.00015503795,0,0,Very low risk
1555-HAPSU,1,United States,California,Fresno,93727,"36.751489, -119.68072",36.751489,-119.68072,Female,No,Yes,Yes,71,Yes,Yes,No,No internet service,No internet service,No internet service,No internet service,No internet service,No internet service,Two year,No,Credit card (automatic),23.9,1663.5,No,0,59,5471,,0.00015503795,0,0,Very low risk
0263-FJTQO,1,United States,California,Rescue,95672,"38.724322, -120.991237",38.724322,-120.991237,Male,No,Yes,Yes,50,Yes,Yes,DSL,Yes,No,No,Yes,Yes,No,Two year,Yes,Credit card (automatic),70.5,3486.65,No,0,60,4022,,0.00015503795,0,0,Very low risk
8532-UEFWH,1,United States,California,Huntington Beach,92649,"33.721917, -118.043237",33.721917,-118.043237,Male,No,Yes,Yes,52,Yes,Yes,No,No internet service,No internet service,No internet service,No internet service,No internet service,No internet service,Two year,No,Mailed check,25.75,1345.85,No,0,21,4676,,0.00015503795,0,0,Very low risk
3913-FCUUW,1,United States,California,Hanford,93230,"36.29223, -119.622676",36.29223,-119.622676,Female,No,Yes,Yes,72,Yes,Yes,DSL,Yes,Yes,Yes,Yes,No,No,Two year,Yes,Bank transfer (automatic),70.45,5165.7,No,0,48,4463,,0.00015503795,0,0,Very low risk
