,shap_Count,shap_Zip Code,shap_Latitude,shap_Longitude,shap_Gender,shap_Partner,shap_Dependents,shap_Tenure Months,shap_Phone Service,shap_Multiple Lines,shap_Online Security,shap_Online Backup,shap_Device Protection,shap_Tech Support,shap_Streaming TV,shap_Streaming Movies,shap_Paperless Billing,shap_Monthly Charges,shap_Total Charges,shap_Churn Value,shap_Churn Score,shap_CLTV,shap_Internet Service_Fiber optic,shap_Internet Service_No,shap_Contract_One year,shap_Contract_Two year,shap_Payment Method_Credit card (automatic),shap_Payment Method_Electronic check,shap_Payment Method_Mailed check,churn_probability,actual_churn
2196,0.0,-0.00079777424,-0.0005061538,0.00031748385,0.0017044074,0.0,0.016247168,-0.07118609,-0.0007655359,0.0,0.0,-0.0017611181,0.0,-1.7066921e-05,0.0008375187,0.004118504,0.0012288322,0.0378742,-0.05091592,-7.3221984,-1.07874,-0.0029320368,0.03490247,0.003064663,0.014354129,-0.29312435,0.0,-0.012419972,7.429773e-05,0.00016168712,0
3549,0.0,-0.0014947804,-0.00014784047,-0.00042722706,-0.00023700944,0.0,0.021007292,0.06750871,-0.0009009461,0.0,0.0,0.0010239165,0.0,-6.7109086e-06,0.0006054541,0.005882155,0.0031309682,0.008323462,0.003481779,-7.3221984,-1.2643161,-0.0010038281,0.07315366,0.010408721,0.033607196,0.059918065,0.0,-0.012107736,0.00010529556,0.00024263086,0
3515,0.0,-0.00062086206,-4.1892097e-05,-0.0004520395,-0.00023700944,0.0,0.01434173,-0.06609222,-0.0013418437,0.0,0.0,-0.0018601599,0.0,9.184287e-06,0.0006756522,-0.041658167,0.0021125483,0.0023532328,-0.012748513,-7.3221984,-1.1145254,-0.0014394271,-0.06385084,0.0033512304,-0.12451448,0.03324739,0.0,-0.018479442,7.3399715e-05,0.00016278126,0
5162,0.0,-0.0013359768,-0.00015809629,-0.0005896536,0.00015108708,0.0,0.027510673,-0.02878797,-0.0017273275,0.0,0.0,0.0055616572,0.0,-5.0525516e-05,-0.0013552798,-0.005169629,-0.016476713,0.010037119,-0.0070615527,-7.3221984,0.3223858,-0.0020376057,0.08253315,0.020409973,0.05093451,0.08694444,0.0,0.051607065,0.00010529556,0.0011838429,0
4642,0.0,-0.00043622233,-0.0009960865,0.0001944552,-0.0010322913,0.0,0.011259515,-0.07331915,-0.0017001778,0.0,0.0,-0.0017611181,0.0,2.9283974e-05,0.0004687383,0.004904179,0.0013515862,-0.011903223,-0.0074520004,-7.3221984,-1.032327,-0.0053345533,-0.049509767,0.0029442774,0.011246845,-0.26474127,0.0,-0.015319643,7.429773e-05,0.0001561398,0
6096,0.0,-0.0013725894,-0.00014784047,-0.00042722706,-0.00023700944,0.0,0.028611436,-0.028138964,-0.0010804936,0.0,0.0,-0.008761319,0.0,6.8798495e-06,0.0006054541,0.0061026327,0.00525405,0.021507407,-0.0071078325,-7.3221984,0.2679816,-0.0020307892,0.09868754,0.018874668,0.041450825,0.08885073,0.0,-0.03149101,0.00010529556,0.0010753947,0
4504,0.0,-0.0036140254,-2.8999733e-05,0.0003450843,-0.00023700944,0.0,0.018389001,-0.03486047,-0.00093164144,0.0,0.0,-0.002729918,0.0,-6.7109086e-06,0.0006054541,0.005397755,0.0035715234,0.008344686,-0.0059971297,-7.3221984,-1.2297828,-0.0010277466,0.06253012,0.0056554424,0.030439734,0.05357016,0.0,-0.011818587,0.00010529556,0.00021745007,0
4067,0.0,-0.008336235,-0.0001267137,-0.0034066816,9.9453115e-05,0.0,-0.09810699,-0.05091368,-0.0040492923,0.0,0.0,0.0007913144,0.0,9.184287e-06,-0.0008189188,-0.0032067653,0.0022947036,-0.033351604,0.0017732542,-7.3221984,-1.1059475,-0.001530299,-0.0487254,-0.03348044,0.026843268,0.03786291,0.0,-0.014476309,0.0006000288,0.00017206861,0
6233,0.0,-0.004233453,-0.00062298396,-0.0013725678,-0.00046696758,0.0,-0.0673026,-0.06265446,-0.0022504567,0.0,0.0,0.0006874662,0.0,2.9283974e-05,-0.001085658,-0.003177539,-0.002553733,-0.023038179,-0.006751441,-7.3221984,-1.0085691,0.008312358,-0.035992555,-0.018507008,0.014883925,-0.21008983,0.0,-0.01598076,0.000294285,0.00015503795,0
430,0.0,-0.00051790586,-0.00015809629,-0.0005896536,0.00015108708,0.0,0.023286628,0.01763367,-0.004497178,0.0,0.0,0.0055616572,0.0,5.1797448e-05,-0.00096370745,-0.0056100823,0.0043150047,0.0076423907,0.00582582,7.327141,0.21824586,-0.0022079775,-0.12275992,0.020222504,0.037519313,0.07192239,0.0,0.070188716,0.00010529556,0.99953055,1
3396,0.0,-0.034242157,6.6212524e-05,0.0051802113,0.000354874,0.0,-0.17410998,-0.09203798,-0.0018086049,0.0,0.0,-0.002847748,0.0,2.9388248e-05,0.00224307,0.0023938867,0.0016957566,0.010659436,-0.006161734,-7.3221984,-1.1653355,-0.00066975935,0.028568838,0.0036432461,0.02353192,0.034336377,0.0,0.019904705,0.0006000288,0.00017073126,0
2815,0.0,-0.00079777424,-0.0005061538,0.0004747435,-0.0026736944,0.0,0.015450363,-0.071241744,-0.0007655359,0.0,0.0,-0.0017611181,0.0,-1.7066921e-05,0.0008375187,0.0038904264,0.0012288322,0.0378742,-0.050497495,-7.3221984,-1.07874,-0.0029320368,0.03490247,0.003064663,0.014096948,-0.29624984,0.0,-0.012389215,7.429773e-05,0.0001603613,0
2368,0.0,-0.00074984634,-0.00016036953,-0.00047769997,0.00015108708,0.0,0.014063135,-0.103556044,0.010508542,0.0,0.0,0.00080086174,0.0,1.9343477e-05,-0.0020052919,-0.006483593,0.0018608111,-0.014683751,-0.009785668,-7.3221984,-1.1123418,-0.0012277595,-0.08223959,0.0036911457,0.03391293,0.04637038,0.0,-0.016081328,0.00010529556,0.00018976157,0
917,0.0,3.9529445e-05,-0.00016073283,-0.00042722706,-0.00023700944,0.0,0.019877622,0.1331994,-0.0010079985,0.0,0.0,0.003068859,0.0,9.184287e-06,-0.0019003834,0.0052770223,0.00525405,0.023510668,0.007958252,7.327141,0.28782845,-0.0018703141,0.11061383,0.023505224,0.05218981,0.09889152,0.0,-0.033438604,0.00010529556,0.9996811,1
5769,0.0,-0.008602606,-7.872957e-06,0.0047521,-0.00015601149,0.0,-0.16310714,-0.020485349,-0.006187264,0.0,0.0,0.003068859,0.0,-8.958757e-06,-0.0008189188,-0.0039013466,-0.010765928,0.0060140183,0.004719089,-7.3221984,0.17164624,-0.0018353729,-0.08317945,0.015840247,0.045775663,0.06854654,0.0,-0.048534617,-0.00078804843,0.00063626975,0
2231,0.0,-0.009833868,-0.00043674046,0.0013690348,0.0002976792,0.0,-0.09175991,-0.07495125,-0.0015559352,0.0,0.0,0.00076866493,0.0,2.9283974e-05,-0.0021981527,0.002882189,0.0012288322,-0.004285135,-0.0072047864,-7.3221984,-1.0506634,0.008571519,0.025827536,0.002926311,0.014482482,-0.23085476,0.0,-0.014119089,0.000294285,0.00015679267,0
6375,0.0,-0.004237214,-0.0007061977,-0.0013725678,-0.00046696758,0.0,-0.06181873,0.030705266,-0.0018435442,0.0,0.0,0.0007591176,0.0,2.9283974e-05,-0.00060719904,-0.00264369,-0.0031545453,-0.02823801,-0.00048477692,-7.3221984,-1.0431907,-0.0048166947,-0.03762096,-0.036424644,0.014961844,-0.22459453,0.0,-0.014477523,0.000294285,0.0001582475,0
3437,0.0,-0.03463714,-5.236405e-06,0.0046401466,9.9453115e-05,0.0,-0.16520292,-0.0115417,-0.0020862713,0.0,0.0,-0.0035694623,0.0,5.1797448e-05,0.00041887138,-0.0022461049,0.0035715234,0.005158815,-0.0059332456,-7.3221984,-1.2221226,-0.000833072,0.032045238,0.00524904,0.021497319,0.04027668,0.0,0.021992018,0.0006000288,0.00017618146,0
6655,0.0,0.0019730034,-0.00034264242,-0.00038804274,-0.00023700944,0.0,0.04244367,-0.17499149,-0.0008400731,0.0,0.0,-0.004044593,0.0,6.8798495e-06,0.004284531,0.043614056,0.0020049675,0.033725776,-0.01329029,-7.3221984,0.13732083,-0.0015198772,0.076341726,0.0064545125,-0.16923933,0.06395163,0.0,-0.035370313,7.3399715e-05,0.0006621845,0
5822,0.0,-0.0006981069,-4.1528787e-05,0.0006581527,-0.00023700944,0.0,0.013280662,-0.056706984,0.004221132,0.0,0.0,0.00080086174,0.0,1.9343477e-05,-0.0023168023,-0.03725283,-0.004917312,-0.01717743,0.0058241882,-7.3221984,-1.1000911,-0.001458159,-0.05407535,0.0034959456,-0.13311999,0.03363058,0.0,-0.02102831,7.3399715e-05,0.0001668315,0
1727,0.0,-0.0017311479,0.0047066575,-0.0003047709,0.00015108708,0.0,0.018052202,0.092984565,-0.00056224305,0.0,0.0,0.0010239165,0.0,9.184287e-06,-0.0013552799,-0.005705462,0.003769144,0.00298098,0.0037707724,7.327141,1.0953482,-0.0010038281,0.053335395,0.010408721,0.048952237,0.059097577,0.0,-0.0121650975,-0.00035656057,0.9998317,1
2787,0.0,-0.00051790586,-0.0001529242,-0.0005896536,-0.00023700944,0.0,0.020495223,-0.012954121,0.01308929,0.0,0.0,0.0055616572,0.0,0.00020286001,-0.00096370745,-0.0056100823,-0.006705407,-0.058716338,0.0013690682,-7.3221984,0.23253039,-0.0019489742,-0.11237699,0.020179784,0.0418197,0.06790328,0.0,0.067651585,0.00010529556,0.0008570983,0
3060,0.0,-0.0006306726,-0.00016073283,-0.00089687004,-0.00023700944,0.0,0.028670585,-0.13543653,-0.0015460384,0.0,0.0,0.0015146076,0.0,9.184287e-06,-0.0033583867,-0.04051676,0.0014888974,-0.08852951,-0.005086485,-7.3221984,0.06025743,-0.0027706695,-0.109977305,-0.042484872,-0.17131868,0.05380194,0.0,-0.05714442,7.3399715e-05,0.00039135118,0
5617,0.0,0.003930878,-7.872957e-06,0.0010707123,9.9453115e-05,0.0,-0.07503151,-0.020602573,-0.0017280777,0.0,0.0,0.0007913144,0.0,9.184287e-06,-0.0014381174,-0.007788565,-0.0047043553,-0.037639912,0.0020279633,-7.3221984,-1.0694587,-0.0015658303,-0.05426692,-0.029388016,-0.12155844,0.027982363,0.0,-0.017466502,-0.00037866138,0.00016029159,0
5843,0.0,-0.0015679173,-0.00016073283,0.00029461138,-0.00023700944,0.0,0.017987764,-0.0996766,-0.0009888569,0.0,0.0,0.00080086174,0.0,9.184287e-06,-0.005993004,-0.0060384963,-0.004857741,0.00097550935,-0.009298115,-7.3221984,-1.1707851,-0.001088157,0.058420416,0.003724249,0.042460535,0.05517763,0.0,-0.013937719,-0.00013829004,0.00021042732,0
4802,0.0,-0.0008270911,-0.00016073283,-0.00047769997,0.00015108708,0.0,0.0145765385,-0.024311032,-0.0036405432,0.0,0.0,-0.002729918,0.0,9.184287e-06,-0.00096370745,-0.005838116,0.0026324778,0.0029020829,0.0072589032,-7.3221984,-1.1914144,-0.0013021397,-0.08915414,0.0055840714,0.030610735,0.046647202,0.0,-0.015044077,0.00010529556,0.00019222952,0
186,0.0,-0.0013241512,-0.00015809629,0.0003089989,-0.00023700944,0.0,0.018067122,-0.036591984,-0.001677522,0.0,0.0,0.0014633569,0.0,5.1797448e-05,0.0006054541,0.0047686608,-0.011927653,0.003919296,-0.0061256355,7.327141,1.1085356,-0.0012589123,0.05740274,0.0058968896,0.026363619,0.054315213,0.0,0.020309756,0.00010529556,0.9998086,1
1615,0.0,-0.0013725894,-0.00014784047,-0.00042722706,0.00015108708,0.0,0.030973248,0.046116184,-0.0010804936,0.0,0.0,0.003068859,0.0,6.8798495e-06,0.0006054541,0.0061026327,0.00525405,0.021507407,-0.0073256195,7.327141,0.23091103,-0.002359717,0.11289954,0.019741602,0.047344252,0.09302726,0.0,-0.037163917,0.00010529556,0.99962413,1
6321,0.0,-0.0035620704,-0.0006785076,-0.001419858,-0.00046696758,0.0,-0.06337805,-0.054337773,-0.012343476,0.0,0.0,0.001090822,0.0,0.00035067066,-0.0006071989,-0.0028074472,0.0014936293,-0.018090371,0.0025737144,-7.3221984,-1.0417426,-0.0048966366,-0.035374068,-0.018909782,0.0139892455,-0.21381986,0.0,0.040833432,0.000294285,0.00015954077,0
1459,0.0,-0.0014101369,-3.9255545e-05,0.00012584063,-0.00023700944,0.0,0.017490849,0.08837292,-0.0012879567,0.0,0.0,0.0014633569,0.0,5.1797448e-05,0.0006054541,0.0047686608,0.003769144,0.0042677964,0.0036290816,7.327141,1.0729079,-0.0009858627,0.05114586,0.010537393,0.03399422,0.062842436,0.0,0.019122368,0.00027148917,0.9998317,1
3227,0.0,-0.00066396495,-0.00015809629,0.0003089989,0.00015108708,0.0,0.013257249,-0.10311524,-0.0017000374,0.0,0.0,-0.002847748,0.0,5.1797448e-05,-0.0065381075,0.004251891,0.0016957566,0.003251896,-0.009695644,-7.3221984,-1.1974262,-0.001086991,0.056008507,0.0038343256,0.03135254,0.05334595,0.0,0.020699898,0.00010529556,0.00021042732,0
6997,0.0,-0.0080868155,-7.509647e-06,0.0011478094,9.9453115e-05,0.0,-0.12389129,0.20776659,0.008728703,0.0,0.0,0.003068859,0.0,1.9343477e-05,-0.0008189188,-0.0039013466,-0.010732585,-0.066535704,0.028119449,-7.3221984,0.24648654,-0.0016059285,-0.053991646,0.00789644,0.059767894,0.079319976,0.0,-0.04261482,-0.0050832955,0.00090553105,0
5074,0.0,-0.004283442,-0.0001267137,-0.0015807144,9.9453115e-05,0.0,-0.085317284,-0.06476157,-0.0018921229,0.0,0.0,0.000719663,0.0,9.184287e-06,-0.0024797018,-0.011963488,0.0012876309,-0.019671736,-0.009185312,-7.3221984,-1.0340801,-0.0008637005,-0.039552364,-0.02081525,-0.114684194,0.027911179,0.0,-0.019577961,0.00028831692,0.00016135168,0
4494,0.0,-0.0019404041,-0.00053401245,0.00017050037,0.00065805775,0.0,0.015808605,-0.1223604,-0.0019043724,0.0,0.0,0.0014148275,0.0,2.9283974e-05,-0.0011662955,-0.006966444,-0.0030978988,-0.06421375,-0.015826564,-7.3221984,-0.069695726,-0.021464307,-0.08537867,-0.04036735,0.019419858,-0.4534151,0.0,-0.047919758,7.429773e-05,0.00026648754,0
89,0.0,-0.0026211296,-3.9255545e-05,0.000560229,-0.00023700944,0.0,0.022152277,0.17177226,-0.0013603091,0.0,0.0,0.0055616572,0.0,5.1797448e-05,0.0006054541,0.0046493984,0.005451671,0.020151695,0.007673882,7.327141,0.33966315,-0.0017645562,0.078254886,0.02823826,0.04722731,0.09776127,0.0,0.042862296,0.00027148917,0.9997212,1
4544,0.0,-0.035130575,5.019414e-06,0.00494164,-0.00015601149,0.0,-0.17180048,-0.09953048,-0.0015078336,0.0,0.0,-0.0018601599,0.0,6.8798495e-06,-0.0060976637,0.0037460101,0.0016957566,0.004945551,-0.008558485,-7.3221984,-1.1363882,-0.00083302555,0.028853536,0.0035981352,0.025774496,0.04037289,0.0,-0.01213861,0.0006000288,0.00016811329,0
240,0.0,-0.0009539828,-0.00016073283,-0.0003047709,0.00015108708,0.0,0.011133289,0.10354366,-0.001149266,0.0,0.0,0.0010239165,0.0,9.184287e-06,-0.00096370745,-0.005838116,-0.0102440445,0.0036285864,0.004382084,7.327141,1.1419227,0.0009300259,-0.075351834,0.009318902,0.039938744,0.05457178,0.0,-0.013957766,-0.00035656057,0.99981207,1
4603,0.0,-0.004233453,-5.7880156e-05,0.001537911,0.0002976792,0.0,-0.061537858,-0.061589308,-0.0022504567,0.0,0.0,0.0006874662,0.0,2.9283974e-05,-0.001085658,-0.003145871,-0.002553733,-0.024474056,-0.0074364683,-7.3221984,-1.0083885,0.0056636226,-0.035992555,-0.018507008,0.015109083,-0.21675529,0.0,-0.016053135,0.000294285,0.00015503795,0
1760,0.0,0.0031913957,-3.9255545e-05,-5.00484e-07,-0.00023700944,0.0,0.016264308,0.18143022,-0.0013603091,0.0,0.0,0.0055616572,0.0,5.1797448e-05,-0.0013552799,-0.004256623,0.005451671,0.0164176,0.013641138,7.327141,0.31880495,-0.0023225269,0.073677875,0.018169783,0.0591559,0.09737722,0.0,0.042764,0.00027148917,0.99971443,1
648,0.0,-0.00051790586,-0.00015809629,-0.0005896536,0.00015108708,0.0,0.023724036,-0.1612902,-0.0044827843,0.0,0.0,0.0053891977,0.0,-5.0525516e-05,-0.00096370745,-0.008623097,0.0043150047,-0.005800707,-0.016124122,7.327141,0.21051195,-0.0030467482,-0.14969999,0.008212108,0.03778314,0.073628195,0.0,0.067192465,0.00010529556,0.99938774,1
5450,0.0,-0.0006350356,-0.00118233,-0.0002815292,0.00065805775,0.0,0.011156819,-0.05953235,-0.0017001778,0.0,0.0,0.0006874662,0.0,2.9283974e-05,-0.0011662955,-0.0042713173,-0.002553733,-0.032096546,-0.01022527,-7.3221984,-1.0058752,-0.005462384,-0.0499571,-0.019638289,0.0154952165,-0.2507937,0.0,-0.01608945,7.429773e-05,0.0001561398,0
3732,0.0,-0.0016199781,-0.00015809629,-0.00041672445,0.00015108708,0.0,0.01709228,0.08883678,-0.0012879567,0.0,0.0,0.0014633569,0.0,5.1797448e-05,0.00045802974,-0.0048112147,0.003769144,0.0050598364,0.0036716338,-7.3221984,-1.2908326,-0.0009858627,0.051296905,0.010537393,0.041862126,0.06215681,0.0,0.020948576,0.00027148917,0.00024263086,0
5850,0.0,-0.0016451621,-4.1892097e-05,0.00029461138,-0.00023700944,0.0,0.017852625,-0.06593317,-0.0009888569,0.0,0.0,0.00080086174,0.0,9.184287e-06,-0.0013552798,-0.0060384963,0.0035715234,0.0016246627,-0.0059032836,-7.3221984,-1.1994199,-0.001088157,0.06533466,0.0038419412,0.042533945,0.057416257,0.0,-0.012815336,0.00010529556,0.00021745007,0
2989,0.0,-0.0024213265,-0.00016073283,-0.0003047709,-0.00023700944,0.0,0.010823012,0.083736636,-0.001149266,0.0,0.0,0.0007913144,0.0,9.184287e-06,-0.00096370745,-0.005838116,0.006424109,-0.037932955,0.0034193357,-7.3221984,-1.1571078,-0.0028329066,-0.07840416,-0.058488637,0.039049894,0.051689077,0.0,-0.013421044,-0.00035656057,0.00020446304,0
4608,0.0,0.0019651374,-3.9255545e-05,0.010225656,0.00015108708,0.0,0.028922435,-0.17330194,-0.0021615701,0.0,0.0,0.0053891977,0.0,-5.0525516e-05,0.0010701965,-0.031587243,-0.0046953876,-0.015913013,-0.014031632,-7.3221984,0.14766487,-0.0028163488,-0.100661986,0.0063265464,-0.14634402,0.059638776,0.0,0.10517762,7.3399715e-05,0.00057749473,0
223,0.0,-0.0012121213,-0.0003413852,-0.00046331246,0.00015108708,0.0,0.02618893,0.13693577,-0.0012444272,0.0,0.0,-0.01374721,0.0,-2.8666589e-05,0.0006054541,0.0049891383,0.004813495,0.032574113,0.007723412,7.327141,0.32902247,-0.0014112674,0.09802144,0.027371325,0.044913642,0.082185656,0.0,0.039541006,0.00010529556,0.9997069,1
4464,0.0,0.00029557664,-0.00015809629,-0.0005896536,-0.00023700944,0.0,0.019332653,0.14365537,-0.0017191791,0.0,0.0,0.0055616572,0.0,5.1797448e-05,-0.0013552799,-0.004666099,0.004813495,0.017049076,0.008214095,-7.3221984,0.33478802,-0.0023225269,0.09868319,0.028518133,0.057730824,0.09524932,0.0,0.048005067,0.00010529556,0.0015311103,0
6368,0.0,-0.0008019072,-0.00015809629,-0.0005896536,0.00015108708,0.0,0.014277045,0.02806476,-0.004225379,0.0,0.0,-0.0035694623,0.0,-5.0525516e-05,0.0003097051,-0.005523608,0.0025206394,-0.005522799,0.003567039,-7.3221984,-1.2505511,-0.0010111247,-0.10968534,0.008376236,0.028530277,0.045929637,0.0,0.022611525,0.00010529556,0.00019187226,0
4296,0.0,-0.004283442,-0.0001267137,-0.0015807144,-0.00015601149,0.0,-0.08523214,-0.0632582,-0.0018921229,0.0,0.0,0.000719663,0.0,9.184287e-06,-0.0024797018,-0.011963488,0.0012876309,-0.021894673,-0.009100158,-7.3221984,-1.0340801,-0.0008637005,-0.04020766,-0.02081525,-0.113180816,0.027867824,0.0,-0.019577961,0.00028831692,0.00016135168,0
134,0.0,-0.0016451621,-4.1892097e-05,0.00029461138,-0.00023700944,0.0,0.017772034,-0.05720442,-0.0009888569,0.0,0.0,0.00080086174,0.0,9.184287e-06,-0.0013552798,-0.005705462,-0.011927653,0.0014305834,-0.0059309537,7.327141,1.1584574,-0.0013185563,0.061481606,0.0043264856,0.04140692,0.056309056,0.0,-0.013226025,0.00010529556,0.9998086,1
2637,0.0,-0.0010056805,-0.00118233,-0.0002815292,0.00065805775,0.0,0.011216911,-0.0630705,-0.0017001778,0.0,0.0,0.0006874662,0.0,2.9283974e-05,-0.0011662955,-0.0042713173,-0.002553733,-0.027062383,-0.010656369,-7.3221984,-1.0242372,0.0044874423,-0.04922175,-0.019638289,0.015646724,-0.24395953,0.0,-0.01598076,-9.7579e-05,0.0001561398,0
590,0.0,-0.0014101369,-2.7742506e-05,0.00012584063,-0.00023700944,0.0,0.01793895,0.09119355,-0.00084624515,0.0,0.0,0.0014633569,0.0,2.9388248e-05,0.0006054541,0.0047686608,0.003769144,0.0070913006,0.0044418136,7.327141,1.0709419,-0.0009858627,0.05114586,0.009048165,0.03399422,0.060092513,0.0,0.017991722,0.00027148917,0.9998317,1
6390,0.0,-0.002538856,-0.00016073283,-0.0003047709,-0.00023700944,0.0,0.013644431,0.12099079,-0.0012216184,0.0,0.0,0.0017337969,0.0,9.184287e-06,-0.00096370745,-0.0062759076,-0.009982177,-0.082941525,0.008804128,-7.3221984,0.164868,0.0039147874,-0.12386465,-0.16595106,0.048704773,0.07180504,0.0,-0.039038874,-0.00035656057,0.00065475306,0
4836,0.0,-0.008202897,-0.0001267137,-0.0012240501,-0.00015601149,0.0,-0.0811334,0.084368534,-0.0037999924,0.0,0.0,0.0010239165,0.0,-8.958757e-06,-0.0008189188,-0.0034635551,0.0025206394,0.0050052255,0.004405221,-7.3221984,-1.2059445,-0.0012955477,-0.02934467,0.009214239,0.03550439,0.048931517,0.0,-0.01396215,-0.0050832955,0.0002044806,0
3533,0.0,-0.008202897,-7.872957e-06,0.0011478094,-0.00015601149,0.0,-0.087983504,0.1117148,-0.0013458433,0.0,0.0,0.0010239165,0.0,9.184287e-06,-0.0008189188,-0.0034635551,-0.0102440445,0.0044516576,0.008791748,-7.3221984,-1.2102816,-0.00087111286,-0.013569988,0.007294601,0.03870092,0.051388133,0.0,-0.013968582,-0.0050832955,0.00021115306,0
1665,0.0,-0.0017311479,-0.00016073283,-0.00047769997,-0.00023700944,0.0,0.019882228,0.06816106,-0.0009356461,0.0,0.0,0.0010239165,0.0,9.184287e-06,0.00045802974,-0.006056779,0.0031309682,0.0015896733,0.00346853,7.327141,1.1029006,-0.0010038281,0.073304705,0.010408721,0.046940435,0.06353389,0.0,-0.012908122,0.00010529556,0.9998317,1
6258,0.0,-0.0030020701,-0.0001267137,-0.0014011011,9.9453115e-05,0.0,-0.13015355,-0.06675764,-0.0018921229,0.0,0.0,0.00080086174,0.0,9.184287e-06,-0.0029519554,0.012091415,0.0021125483,-0.0014247722,-0.0110303275,-7.3221984,-1.074968,-0.0012814497,-0.05029153,0.003181411,-0.10288364,0.030404203,0.0,-0.016138963,0.00028831692,0.00015898207,0
6001,0.0,-0.009662086,-0.0001267137,-0.0015807144,9.9453115e-05,0.0,-0.109471604,-0.0905573,-0.0012174598,0.0,0.0,-0.0018601599,0.0,9.184287e-06,-0.006467414,-0.011794408,0.0015569988,0.0043862686,-0.008566958,-7.3221984,-1.0939096,-0.00081415346,0.030444752,0.0033662308,-0.111732125,0.030612903,0.0,-0.020150254,0.00028831692,0.00016189662,0
5992,0.0,-0.0038546072,-0.00012635038,-0.0015807144,-0.00015601149,0.0,-0.15086514,-0.15737885,0.031389434,0.0,0.0,0.001763003,0.0,-1.8868479e-05,0.00043801017,-0.015858006,-0.010235641,-0.015890703,-0.017627684,-7.3221984,0.06661375,-0.0027027475,-0.08961647,0.005685522,-0.21217081,0.046834752,0.0,-0.055121504,-0.00037866138,0.0003661528,0
3692,0.0,-0.0038628085,-0.0007061977,-0.0013725678,0.0002976792,0.0,-0.06399128,-0.06311755,-0.0022504567,0.0,0.0,0.0006874662,0.0,2.9283974e-05,-0.001085658,-0.003177539,-0.002553733,-0.022537036,-0.0052924324,-7.3221984,-0.99122065,-0.004647235,-0.034876563,-0.018507008,0.014988017,-0.22076969,0.0,-0.01608945,-0.00038649963,0.00015503795,0
5496,0.0,-0.0037689127,-0.0005199542,-0.0013725678,-0.00046696758,0.0,-0.066149026,-0.07366495,-0.0022019427,0.0,0.0,-0.0017611181,0.0,-2.8564878e-05,0.00038069714,-0.003343505,-0.0030058692,-0.0071027535,-0.0076943794,-7.3221984,-1.0051585,-0.0043388885,-0.03609286,0.0027292601,0.014848737,-0.22553916,0.0,-0.015804138,-0.00038649963,0.00015503795,0
1334,0.0,-0.001716561,-3.9255545e-05,-0.0018991849,0.00015108708,0.0,0.0131590115,-0.069913685,-0.0020530242,0.0,0.0,0.0013170175,0.0,5.1797448e-05,-0.0033583867,-0.02387261,0.0012876309,-0.04243462,0.0012624031,7.327141,1.2497276,-0.0011365381,-0.05748174,-0.020991242,-0.11115703,0.030316146,0.0,0.040654164,7.3399715e-05,0.9997565,1
2532,0.0,-0.008600037,-0.0001267137,-0.0014011011,9.9453115e-05,0.0,-0.15854616,-0.061851747,-0.0012174598,0.0,0.0,0.00080086174,0.0,9.184287e-06,0.0009957553,0.011757494,-0.011786131,0.004549499,-0.010949867,-7.3221984,-1.1064388,-0.0009114478,0.033176973,0.0033012656,-0.098595425,0.033049483,0.0,-0.0142768845,0.00028831692,0.00016360098,0
1963,0.0,0.010031921,-7.872957e-06,0.0047521,-0.00015601149,0.0,-0.07909776,0.036723547,-0.003806425,0.0,0.0,0.0010239165,0.0,9.184287e-06,-0.0008189188,-0.0032377262,-0.0057812487,0.0012994197,0.0046770684,-7.3221984,-1.199374,-0.001331079,-0.079753,0.0074430807,0.031559605,0.045266252,0.0,-0.013869052,-0.00078804843,0.00018845213,0
891,0.0,0.0009566576,-4.1892097e-05,-0.0003047709,-0.00023700944,0.0,0.0077860476,0.06843686,-0.0036098477,0.0,0.0,-0.002729918,0.0,9.184287e-06,-0.00096370745,-0.0053345854,-0.0057812487,0.0038087568,0.004330443,7.327141,1.147049,-0.0010646216,-0.093436964,0.007547239,0.035946745,0.052128203,0.0,-0.01324919,0.00027148917,0.9998005,1
881,0.0,0.00079433294,-3.9255545e-05,-5.00484e-07,-0.00023700944,0.0,0.008703202,0.10976244,-0.0018604465,0.0,0.0,-0.0035694623,0.0,5.1797448e-05,-0.00096370745,-0.0046687606,0.006896274,0.003745387,0.00898801,7.327141,1.108637,-0.001471091,-0.071310535,0.0066170935,0.039207295,0.054881193,0.0,0.021736603,0.00027148917,0.9998167,1
1862,0.0,-0.0009130769,-4.1892097e-05,0.00038327288,-0.00023700944,0.0,0.009706814,0.059333883,-0.003603415,0.0,0.0,-0.002729918,0.0,-8.958757e-06,-0.00096370745,-0.0057812543,0.0025206394,-0.0068234205,0.0040735346,7.327141,1.1438757,-0.0010290903,-0.10023179,0.008133851,0.035329107,0.05129281,0.0,-0.013513625,-0.00035656057,0.99979585,1
829,0.0,-0.0008270911,-0.00016073283,-0.00047769997,0.00015108708,0.0,0.014711679,-0.038521666,-0.0036405432,0.0,0.0,0.0010239165,0.0,9.184287e-06,-0.00096370745,-0.005838116,0.0026324778,0.0029020829,0.0072589032,7.327141,1.1690915,-0.0013208715,-0.08915414,0.005735114,0.030595655,0.046650678,0.0,-0.01526195,-0.00013829004,0.9997845,1
1578,0.0,0.002040496,-0.00016073283,-0.00038804274,-0.00023700944,0.0,0.022145076,0.01358567,-0.0013128959,0.0,0.0,0.0010239165,0.0,-8.958757e-06,0.0023794712,0.037713993,-0.00568658,0.0042062844,0.0035691222,7.327141,1.1906273,-0.0010904722,-0.05837896,0.005246355,-0.07343153,0.04357651,0.0,-0.01603148,-9.63996e-05,0.99979407,1
1387,0.0,-0.0020297403,-4.1892097e-05,0.0001114531,-0.00023700944,0.0,0.017796982,0.09368969,-0.0005767761,0.0,0.0,0.0010239165,0.0,9.184287e-06,0.00045802974,-0.006056779,0.003769144,0.0032459444,0.006634961,7.327141,1.0920948,-0.0014282631,0.05260851,0.009199366,0.048626684,0.06477837,0.0,-0.01191363,-0.00035656057,0.9998317,1
5383,0.0,-0.0038628085,-0.0005199542,-0.0013725678,0.0002976792,0.0,-0.063542455,-0.063764974,-0.0022504567,0.0,0.0,0.0006874662,0.0,2.9283974e-05,-0.001085658,-0.003177539,-0.002553733,-0.02094286,-0.007590241,-7.3221984,-0.9912775,-0.0044667195,-0.0353249,-0.018507008,0.015043831,-0.22046565,0.0,-0.01608945,0.000294285,0.00015503795,0
5152,0.0,-0.00070494285,-0.0011546398,-0.00032881938,0.00065805775,0.0,0.011396518,-0.049764562,-0.011793196,0.0,0.0,0.001090822,0.0,0.00035067066,-0.00068783644,-0.0039012255,-0.0035574257,-0.034455054,-0.0011751018,-7.3221984,-1.0763565,0.004728032,-0.051020432,-0.019915836,0.01435103,-0.2226907,0.0,0.040130656,7.429773e-05,0.00016067446,0
75,0.0,-0.0030247874,0.0025385628,0.0013065893,0.00015108708,0.0,0.018201936,-0.0542798,-0.0017000374,0.0,0.0,0.0013982162,0.0,5.1797448e-05,-0.0013552798,-0.004186303,0.0035715234,0.0020688688,-0.0058747632,7.327141,1.1272432,-0.0011461341,0.061713785,0.004489289,0.036649868,0.05131426,0.0,0.022573931,0.00010529556,0.9998122,1
4906,0.0,-0.008677281,-0.0001267137,-0.0014011011,9.9453115e-05,0.0,-0.1522562,-0.048556995,-0.0012174598,0.0,0.0,0.00080086174,0.0,9.184287e-06,-0.0033435277,0.011336497,-0.011786131,0.0018871608,-0.006979234,-7.3221984,-1.1216196,-0.0009114478,0.03409522,0.0033012656,-0.10083494,0.0328456,0.0,-0.013626419,0.00028831692,0.00016360098,0
4600,0.0,-0.0038546072,-7.872957e-06,0.0021809046,-0.00015601149,0.0,-0.18394999,-0.20606595,-0.0052029784,0.0,0.0,-0.004044593,0.0,9.184287e-06,0.0008325544,-0.016336337,0.0019119435,0.0042423103,-0.018452,-7.3221984,0.013015964,-0.0025031897,-0.08203625,0.005507177,-0.19907355,0.048173405,0.0,-0.055633485,0.00028831692,0.0003246642,0
3136,0.0,-0.0012975876,-4.1892097e-05,-0.0004520395,-0.00023700944,0.0,0.025825387,-0.0032340284,-0.0014647827,0.0,0.0,0.0017337969,0.0,9.184287e-06,-0.0023168023,-0.029399488,-0.0059621637,-0.09685353,-0.008946413,-7.3221984,0.07017251,-0.0027621537,-0.09493466,-0.109336585,-0.16900949,0.054005846,0.0,-0.050588965,7.3399715e-05,0.00042787447,0
5709,0.0,-0.00022954908,0.0042610695,0.0013690348,0.0002976792,0.0,-0.16691431,-0.17679691,-0.004626671,0.0,0.0,-0.0037178374,0.0,-1.7066921e-05,0.00078705035,0.0035886373,0.0016768009,0.08691842,0.0032270718,-7.3221984,0.0138433995,-0.010616382,0.04859648,0.0053168125,0.021402076,-0.4347626,0.0,-0.0300701,-0.00038649963,0.00034622045,0
387,0.0,-0.0016451621,-0.00016073283,-0.00047769997,0.00015108708,0.0,0.02074508,0.0318735,-0.00096634147,0.0,0.0,0.0010239165,0.0,9.184287e-06,-0.0013552798,-0.005705462,0.0035715234,0.0020551658,0.0043590786,7.327141,1.1275395,-0.0010464784,0.07144595,0.0058064843,0.047291756,0.06191035,0.0,-0.013740354,0.00010529556,0.99982846,1
4245,0.0,-0.0024213265,-0.00016073283,-0.0003047709,-0.00023700944,0.0,0.010823012,0.083736636,-0.001149266,0.0,0.0,0.0007913144,0.0,9.184287e-06,-0.00096370745,-0.005838116,0.006424109,-0.037932955,0.0034193357,-7.3221984,-1.1571078,-0.0028329066,-0.07840416,-0.058488637,0.039049894,0.051689077,0.0,-0.013421044,-0.00035656057,0.00020446304,0
5211,0.0,-0.0006350356,-0.00118233,-0.0002815292,-0.0010322913,0.0,0.010885546,-0.059254,-0.0017001778,0.0,0.0,0.0006874662,0.0,2.9283974e-05,-0.0011662955,-0.0042713173,-0.002553733,-0.032096546,-0.0071190894,-7.3221984,-1.0060557,-0.0056429,-0.0499571,-0.019638289,0.015486818,-0.2516753,0.0,-0.01608945,-9.7579e-05,0.0001561398,0
4240,0.0,-0.0008812244,-0.00016073283,-0.00089687004,-0.00023700944,0.0,0.02682447,-0.00045912666,-0.0014647827,0.0,0.0,0.0017337969,0.0,9.184287e-06,-0.0023168023,-0.035222214,-0.0059621637,-0.096773915,-0.010094296,-7.3221984,0.070233814,-0.0019032949,-0.094446614,-0.11015393,-0.1663265,0.054319136,0.0,-0.050911807,7.3399715e-05,0.00042787447,0
2622,0.0,-0.00080686726,-0.0009960865,-0.0002575744,0.00065805775,0.0,0.011889493,-0.07382491,-0.0016516638,0.0,0.0,-0.0017611181,0.0,-2.8564878e-05,-0.0014111915,0.004799248,0.0013515862,-0.01176711,-0.010403505,-7.3221984,-1.0499734,0.0047957883,-0.048700567,0.0029442774,0.0117351515,-0.25473884,0.0,-0.0151140755,-9.7579e-05,0.0001561398,0
414,0.0,0.0016862463,0.0027736893,-0.00038804274,-0.00023700944,0.0,0.023383327,-0.0027976814,-0.0006022398,0.0,0.0,0.0010239165,0.0,-6.7109086e-06,0.002527796,0.0369624,-0.011786131,0.006502885,-0.009564933,7.327141,1.1633734,-0.0010464784,0.0400542,0.005456888,-0.110384814,0.04082753,0.0,-0.01447885,7.3399715e-05,0.9997949,1
158,0.0,-0.0014101369,-0.00015809629,0.00012584063,0.00015108708,0.0,0.017538328,0.09136381,-0.0012879567,0.0,0.0,0.0014633569,0.0,5.1797448e-05,0.0006054541,0.0047686608,0.003769144,0.004066368,0.0039205602,7.327141,1.0711377,-0.0009858627,0.05114586,0.009048165,0.03399422,0.06270426,0.0,0.019122368,0.00027148917,0.9998317,1
5391,0.0,-0.0057355994,-0.0001267137,-0.0008465598,-0.00015601149,0.0,-0.07808621,0.047992148,-0.0014852104,0.0,0.0,0.0007913144,0.0,9.184287e-06,-0.0014381174,-0.009150002,-0.0037312869,-0.027472688,-0.005601875,-7.3221984,-1.1022162,-0.00048777356,-0.04147849,-0.050432354,-0.11904795,0.029316166,0.0,-0.016510768,-0.0013053084,0.0001635149,0
4707,0.0,-0.00103465,0.00023322791,0.0003089989,0.0008043356,0.0,0.020111362,-0.09751773,-0.0012252855,0.0,0.0,-0.002847748,0.0,-2.8666589e-05,0.0023621889,0.0053730323,0.0016957566,0.014330682,-0.0041072676,-7.3221984,-1.2018663,-0.0007010866,0.057502806,0.0038343256,0.024890535,0.038671236,0.0,0.019644206,0.00010529556,0.00021370429,0
6514,0.0,-0.0016949426,-0.00016073283,-0.0003047709,-0.00023700944,0.0,0.02289872,0.15904422,-0.0010079985,0.0,0.0,0.003068859,0.0,9.184287e-06,-0.0013552799,-0.0058354544,0.004813495,0.016857505,0.008221993,-7.3221984,0.3130586,-0.001827664,0.110449485,0.027452197,0.061140087,0.09946142,0.0,-0.03256762,-0.00035656057,0.0014279214,0
834,0.0,-0.00087687164,-0.00016036953,-0.0003047709,-0.00023700944,0.0,0.014562446,0.2118899,0.0039759288,0.0,0.0,0.003068859,0.0,1.9343477e-05,-0.00096370745,-0.0062759076,-0.010732585,-0.046063457,0.026248828,7.327141,0.20598307,-0.0022284351,-0.11541967,0.014296232,0.05496659,0.087522775,0.0,-0.042741403,-0.00035656057,0.99955374,1
1204,0.0,-0.0013241512,-0.00014658325,-0.00046331246,-0.00023700944,0.0,0.01953151,-0.034870956,-0.00120277,0.0,0.0,-0.0035694623,0.0,-2.8666589e-05,0.0006054541,0.0047686608,0.0035715234,0.007250955,-0.0058371085,7.327141,1.1115024,-0.0012401805,0.06008252,0.00586354,0.026355023,0.052615505,0.0,0.01847892,0.00010529556,0.9998122,1
6641,0.0,-0.0039830757,-0.0045331456,-0.0002575744,-0.0010322913,0.0,0.03356662,-0.16645983,-0.0009697306,0.0,0.0,-0.0037178374,0.0,-1.7066921e-05,0.0008375187,0.004889032,0.0016768009,0.102528416,0.0024331296,-7.3221984,0.104919754,0.029537503,0.060451943,0.005978644,0.018584527,-0.44906256,0.0,-0.03178384,7.429773e-05,0.00048660339,0
1048,0.0,-0.0013725894,-0.00016073283,-0.00042722706,-0.00023700944,0.0,0.028092831,-0.021103201,-0.0011117959,0.0,0.0,0.003068859,0.0,9.184287e-06,-0.0019003834,0.005761422,0.00525405,0.016050208,-0.00739636,7.327141,0.27173862,-0.0021007136,0.0984731,0.019741602,0.04329632,0.093126304,0.0,-0.035587013,0.00010529556,0.9996031,1
2945,0.0,-0.0016451621,-0.00014784047,-0.00047769997,0.00015108708,0.0,0.018902022,-0.036032118,-0.00093164144,0.0,0.0,0.0010239165,0.0,-6.7109086e-06,0.00045802974,-0.00596598,-0.011927653,0.007448808,-0.005875153,-7.3221984,-1.2299085,-0.0012768778,0.06000139,0.005768217,0.040716298,0.05163141,0.0,-0.013090194,0.00010529556,0.00021335878,0
3542,0.0,-0.0006350356,-0.00118233,-0.0002815292,-0.0010322913,0.0,0.011065153,-0.052513104,-0.0017001778,0.0,0.0,0.0006874662,0.0,2.9283974e-05,-0.00068783644,-0.0042713173,0.0014936293,-0.036916673,0.0017419688,-7.3221984,-1.0119547,-0.008416797,-0.05294406,-0.019996338,0.015744723,-0.24969022,0.0,-0.015529025,7.429773e-05,0.0001571492,0
525,0.0,-0.002146985,-3.9255545e-05,0.00018265776,0.00015108708,0.0,0.017819509,-0.054359227,-0.0017000374,0.0,0.0,0.0013982162,0.0,5.1797448e-05,-0.0013552798,-0.0050396365,0.0035715234,0.0020901265,-0.006115559,7.327141,1.1263309,0.0008269005,0.061713785,0.004409864,0.038394578,0.053697612,0.0,0.021823218,0.00010529556,0.9998122,1
617,0.0,-0.008202897,-0.0001267137,-0.0012240501,-0.00015601149,0.0,-0.08970822,0.11623355,-0.0013458433,0.0,0.0,0.0010239165,0.0,9.184287e-06,-0.0008189188,-0.0034635551,-0.0102440445,0.0045312652,0.00877681,7.327141,1.1536101,-0.00087111286,-0.013569988,0.007294601,0.038449105,0.05127194,0.0,-0.013968582,-0.0050832955,0.9998066,1
5359,0.0,-0.00051445793,-0.0011797468,-0.0002815292,0.00065805775,0.0,0.012564249,-0.17777398,0.0064458745,0.0,0.0,0.0016632229,0.0,-0.00010330361,-0.0011662955,-0.0071901716,-0.004217046,-0.037229136,-0.014052339,-7.3221984,-0.02345163,-0.024021834,-0.086216524,0.0060032103,0.020441286,-0.4937857,0.0,-0.050942905,-9.7579e-05,0.00027302108,0
6643,0.0,-0.034798086,-0.0001267137,-0.0012240501,-0.00015601149,0.0,-0.21487916,0.20551112,-0.0016876423,0.0,0.0,0.003068859,0.0,9.184287e-06,-0.0012104913,-0.0034608934,-0.014766688,0.016366567,0.008288747,-7.3221984,0.2850864,-0.0016509548,0.06128412,0.023106167,0.053772464,0.08317575,0.0,-0.03256762,0.0038704774,0.0010125982,0
6972,0.0,-0.0015971992,-8.524777e-05,0.00035595437,0.00065805775,0.0,0.013316207,-0.06394415,-0.0017001778,0.0,0.0,0.0006874662,0.0,2.9283974e-05,-0.0011662955,-0.0042396495,0.0011986545,-0.03356889,-0.008869011,-7.3221984,-1.0235009,0.014279469,-0.05000323,-0.019763518,0.015541546,-0.23773351,0.0,-0.015660677,7.429773e-05,0.0001589225,0
349,0.0,-0.0006038917,-0.0001529242,0.0018223801,-0.00023700944,0.0,0.013826932,0.19869016,0.005727291,0.0,0.0,0.0055616572,0.0,0.00020286001,-0.00096370745,-0.005001446,0.007076967,-0.045723982,0.025484728,7.327141,0.26320568,-0.0019063241,-0.10084881,0.015232832,0.04924723,0.079056434,0.0,0.061656624,0.00027148917,0.99962556,1
5667,0.0,-0.0015078847,-0.00016073283,-0.0003047709,-0.00023700944,0.0,0.008671324,0.0798187,-0.001149266,0.0,0.0,0.0007913144,0.0,9.184287e-06,-0.00096370745,-0.0053345854,-0.008724368,-0.03707324,-0.0012389026,-7.3221984,-1.1561841,-0.00070001406,-0.083645165,-0.056237012,0.038117707,0.050528266,0.0,-0.013321512,0.00027148917,0.00019943627,0
637,0.0,-0.0013241512,-0.0003413852,-0.00046331246,-0.00023700944,0.0,0.021221641,0.011169173,-0.0012358106,0.0,0.0,-0.0035694623,0.0,2.9388248e-05,0.0006054541,0.0047686608,0.0035715234,0.0107175745,-0.0056633446,7.327141,1.1085576,-0.0011624274,0.067355916,0.00586354,0.03021534,0.053221993,0.0,0.018887294,0.00010529556,0.9998233,1
588,0.0,-0.0014219625,-3.9255545e-05,0.00018265776,0.00015108708,0.0,0.02355166,0.1413688,-0.0017191791,0.0,0.0,0.0055616572,0.0,5.1797448e-05,-0.0013552799,-0.005169629,0.004813495,0.01696947,0.0074795373,7.327141,0.31206247,-0.0021889913,0.098308526,0.028518133,0.056953195,0.092892386,0.0,0.0497026,0.00010529556,0.9997098,1
2023,0.0,0.041745562,-0.0001267137,0.0047521,9.9453115e-05,0.0,-0.12178468,0.010211209,-0.0013750908,0.0,0.0,0.0010239165,0.0,9.184287e-06,0.00041887138,-0.0032658405,0.0035715234,0.002467781,0.0045584626,-7.3221984,-1.2041321,-0.00090530055,0.058034115,0.0052714106,0.04190004,0.053842504,0.0,-0.013640824,0.0006000288,0.00021428987,0
431,0.0,-0.0011220376,-0.00034264242,-0.00042722706,-0.00023700944,0.0,0.03247988,-0.14262486,-0.0011617492,0.0,0.0,-0.004044593,0.0,6.8798495e-06,0.0006054541,0.0070410254,0.00525405,0.037697718,-0.021939846,7.327141,0.23586911,-0.0016513325,0.10655698,0.008051752,0.041631043,0.07751797,0.0,-0.029178679,-0.00013829004,0.9995327,1
261,0.0,-0.0005060803,-0.00015809629,-0.00046331246,0.00015108708,0.0,0.015206174,-0.033416986,-0.0043517235,0.0,0.0,0.0014633569,0.0,5.1797448e-05,-0.001508811,0.005210155,-0.006216867,0.0010669564,0.007247446,7.327141,1.1346868,-0.001302906,-0.0835687,0.005654889,0.017752064,0.04414184,0.0,0.023213105,0.00010529556,0.9997845,1
6730,0.0,0.006823081,-0.0002781783,0.001352457,0.0002976792,0.0,-0.05479545,-0.06234524,-0.0022504567,0.0,0.0,0.0006874662,0.0,2.9283974e-05,-0.001085658,-0.0026385284,-0.002553733,-0.025029825,-0.0073433933,-7.3221984,-0.9906717,-0.004788665,-0.043943085,-0.01797921,0.014805081,-0.2334541,0.0,-0.01557401,0.000294285,0.00015503795,0
6068,0.0,-0.0008771088,-0.00049886445,0.00017435808,-0.015647734,0.0,0.020165998,-0.06952396,-0.002603285,0.0,0.0,-0.0023403335,0.0,-0.00012937235,0.0008375187,0.0036244062,0.0012288322,0.03838908,-0.027113015,-7.3221984,-1.1151646,0.003237942,0.032920197,0.0031097743,0.01374391,-0.26901704,0.0,0.025262764,7.429773e-05,0.00016799808,0
2722,0.0,-0.00041134984,-0.00016073283,-0.00089687004,-0.00023700944,0.0,0.029194219,-0.19523919,-0.0015460384,0.0,0.0,0.001763003,0.0,9.184287e-06,0.0010701965,-0.04457702,0.0019119435,-0.012827248,-0.019956369,-7.3221984,0.09838599,-0.0028794566,-0.10435828,0.0062238984,-0.17583078,0.058947414,0.0,-0.057763003,-9.63996e-05,0.00043033776,0
6528,0.0,-0.009463223,-0.0039729937,-0.0013559901,0.002080385,0.0,-0.11946409,-0.07699931,-0.0013331946,0.0,0.0,-0.0017611181,0.0,1.7496563e-05,0.00078705035,0.0029691502,0.0012288322,0.030287813,0.00428343,-7.3221984,-1.0548028,-0.002907081,0.026360687,0.002873584,0.013977748,-0.21089593,0.0,-0.012406594,0.000294285,0.00015979716,0
4529,0.0,-0.010256821,0.0013881659,0.0046401466,9.9453115e-05,0.0,-0.09127371,-0.07599984,-0.004924518,0.0,0.0,0.0013170175,0.0,5.1797448e-05,-0.0008189188,-0.0031038534,-0.005234641,-0.035890467,0.00131821,-7.3221984,-1.1097823,-0.00086524675,-0.047190044,-0.02350541,0.025798427,0.034853503,0.0,0.024462247,0.0006000288,0.00017587532,0
2662,0.0,-0.00084018486,-0.00016073283,-0.00089687004,-0.00023700944,0.0,0.014077338,-0.061817475,-0.0013418437,0.0,0.0,0.000719663,0.0,9.184287e-06,-0.0033583867,-0.037597906,0.0012876309,-0.019174866,-0.009544496,-7.3221984,-1.0730652,-0.00096284284,-0.05318558,-0.02194653,-0.125177,0.03245132,0.0,-0.019577961,7.3399715e-05,0.00016465249,0
4797,0.0,-0.0014585751,-0.00016073283,0.00016192603,0.00015108708,0.0,0.023182852,0.17664061,-0.00064912846,0.0,0.0,0.003068859,0.0,9.184287e-06,0.0006054541,0.0061026327,-0.015417576,0.01897198,0.007728929,-7.3221984,0.29031837,-0.001827664,0.091454335,0.026659641,0.04972768,0.100782536,0.0,-0.03186574,-0.00035656057,0.0013757154,0
4205,0.0,-0.0007908858,-0.00016073283,-0.00047769997,0.00015108708,0.0,0.0236654,0.026567673,-0.0037795648,0.0,0.0,0.003068859,0.0,-8.958757e-06,-0.00096370745,-0.0062759076,-0.010765928,0.0042191185,0.008450719,-7.3221984,0.22028658,-0.0022424816,-0.14255254,0.019473145,0.04232454,0.07786782,0.0,-0.049454704,0.00010529556,0.00080607407,0
6384,0.0,-0.0009130769,-0.00016036953,-0.0003047709,0.00015108708,0.0,0.009915159,0.1100455,0.0034683559,0.0,0.0,0.0010239165,0.0,1.9343477e-05,-0.00096370745,-0.005838116,0.0066117505,-0.015064037,0.008221655,-7.3221984,-1.2155317,-0.001047822,-0.07231419,0.009469439,0.042404726,0.056976203,0.0,-0.014161604,0.00027148917,0.00022281136,0
47,0.0,-0.00016195988,-0.0001529242,-5.00484e-07,-0.00023700944,0.0,0.008468171,0.11058601,0.0052197184,0.0,0.0,0.0014633569,0.0,0.00020286001,-0.00096370745,-0.0046687606,0.0066117505,-0.014688672,0.008904685,7.327141,1.1161678,-0.0010653879,-0.071390405,0.0076818336,0.039990935,0.04926677,0.0,0.024665246,0.00027148917,0.9998167,1
5326,0.0,-0.00079777424,-0.0005061538,-0.0002575744,-0.015647734,0.0,0.018000219,-0.07259827,-0.0007655359,0.0,0.0,-0.0017611181,0.0,-1.7066921e-05,-0.0023847604,0.003995967,0.0012288322,0.04243742,-0.028083643,-7.3221984,-1.0853013,-0.0029320368,0.03436932,0.003064663,0.01483323,-0.27982432,0.0,-0.012389215,7.429773e-05,0.00016383188,0
915,0.0,-0.00026855376,-0.00015809629,-0.00041672445,0.00015108708,0.0,0.0089816,0.107128866,-0.0018604465,0.0,0.0,0.0014633569,0.0,5.1797448e-05,-0.00096370745,-0.0046687606,0.006896274,0.0038249942,0.0040912437,7.327141,1.1095659,-0.0010298565,-0.07266909,0.009598112,0.039181523,0.05460449,0.0,0.022395724,0.00027148917,0.9998167,1
2739,0.0,-0.0016089568,-0.00016073283,-0.00047769997,-0.00023700944,0.0,0.02977753,0.0524868,-0.0011117959,0.0,0.0,0.003068859,0.0,9.184287e-06,-0.0013552798,-0.0058354544,0.00525405,0.016751243,0.00823353,-7.3221984,0.29173005,-0.0018703141,0.11042588,0.019662177,0.061028812,0.09728461,0.0,-0.037623066,0.00010529556,0.0012470868,0
3053,0.0,-0.009463223,-0.00082858163,-0.0013559901,0.002080385,0.0,-0.11946409,-0.06929298,-0.001315815,0.0,0.0,0.00076866493,0.0,-1.7066921e-05,0.00078705035,0.0029691502,0.0012288322,0.03650999,0.0065425993,-7.3221984,-1.0560654,-0.0030958692,0.026360687,0.002926311,0.013977748,-0.20445392,0.0,-0.012817976,0.000294285,0.00016408387,0
3086,0.0,0.002787302,-0.00053401245,0.00017050037,0.00065805775,0.0,0.010427374,-0.06157843,-0.0017001778,0.0,0.0,0.0006874662,0.0,2.9283974e-05,-0.0011662955,-0.0036336137,-0.002553733,-0.032695815,-0.001013929,-7.3221984,-1.0062832,-0.005964846,-0.04933924,-0.019110493,0.01472439,-0.255154,0.0,-0.01557401,-9.7579e-05,0.0001571492,0
3473,0.0,-0.0039830757,-0.00014271446,0.0001944552,0.00065805775,0.0,0.029611629,-0.1788311,-0.0009697306,0.0,0.0,-0.013774056,0.0,-1.7066921e-05,-0.0023847604,0.004735738,0.0016768009,0.024336066,-0.006174983,-7.3221984,0.10037447,0.07123845,0.054445498,0.005978644,0.019091075,-0.4693236,0.0,-0.03535594,7.429773e-05,0.00043934822,0
470,0.0,0.0012518694,-3.9255545e-05,-5.00484e-07,-0.00023700944,0.0,0.016264308,0.17891371,-0.0013603091,0.0,0.0,0.0055616572,0.0,5.1797448e-05,-0.0013552799,-0.004666099,-0.015417576,0.015393168,0.013361264,7.327141,0.31688085,-0.0018980918,0.07442157,0.017097354,0.060173765,0.0942286,0.0,0.04481078,0.00027148917,0.999706,1
3554,0.0,-0.00080686726,-0.00118233,-0.0002575744,-0.0010322913,0.0,0.011767609,-0.07041137,-0.0016516638,0.0,0.0,-0.0017611181,0.0,-2.8564878e-05,0.0004687383,0.004904179,-0.0030058692,-0.010353311,-0.0073244474,-7.3221984,-1.0504915,0.0030059698,-0.049364187,0.0029203391,0.011128142,-0.25479528,0.0,-0.015162438,7.429773e-05,0.0001561398,0
3019,0.0,-0.00062086206,-0.00016036953,-0.00089687004,0.00015108708,0.0,0.013729356,-0.069288485,0.0042074956,0.0,0.0,0.00080086174,0.0,-1.8868479e-05,0.0006756522,-0.041658167,-0.00568658,-0.0013514962,-0.010939645,-7.3221984,-1.1082824,-0.0012277595,-0.058146477,0.0034165205,-0.13023926,0.033139806,0.0,-0.019374818,7.3399715e-05,0.00016278126,0
1416,0.0,-0.0016199781,-0.00015809629,0.0011234311,-0.00023700944,0.0,0.016790707,0.0933002,-0.0012879567,0.0,0.0,0.0014633569,0.0,5.1797448e-05,-0.0013552799,-0.004689833,0.003769144,0.0022498746,0.0062410096,7.327141,1.0705763,-0.0009858627,0.05014115,0.009048165,0.04371861,0.06227676,0.0,0.020718431,0.00027148917,0.9998317,1
6435,0.0,-0.00040954034,-0.00118233,-0.0002575744,0.00065805775,0.0,0.018832548,-0.1739932,-0.0018558584,0.0,0.0,-0.0037178374,0.0,-2.8564878e-05,-0.0014111915,0.009618,0.0017995549,-0.009809114,-0.017088644,-7.3221984,-0.009688828,-0.019891025,-0.07942358,0.005858258,0.015776,-0.4929102,0.0,-0.044393104,7.429773e-05,0.00029310558,0
519,0.0,-0.0019437544,-4.1892097e-05,0.0005664311,-0.00023700944,0.0,0.017875804,-0.06202352,-0.0009888569,0.0,0.0,-0.0018601599,0.0,9.184287e-06,0.00045802974,-0.006041072,0.0035715234,0.0040422296,-0.0059032836,7.327141,1.1595284,-0.0010694251,0.0656365,0.0037892142,0.04067022,0.057592336,0.0,-0.011924973,0.00010529556,0.9998122,1
5712,0.0,-0.00094688847,-4.1892097e-05,0.00029461138,-0.00023700944,0.0,0.014951033,-0.076115176,-0.0009888569,0.0,0.0,-0.0018601599,0.0,9.184287e-06,-0.0013552798,-0.0054441667,-0.011927653,0.0038481504,-0.009873917,-7.3221984,-1.1831082,-0.0010694251,0.06199445,0.003671522,0.042895433,0.056209017,0.0,-0.012089066,0.00010529556,0.00021335878,0
999,0.0,-0.0011261356,-3.9255545e-05,0.0003089989,-0.00023700944,0.0,0.030407611,-0.11585056,-0.0019042321,0.0,0.0,0.0053891977,0.0,5.1797448e-05,0.0006054541,0.0058172722,0.00525405,0.016054552,-0.0068279407,7.327141,0.26347852,-0.0019415134,0.09879978,0.008358419,0.039172176,0.09035844,0.0,0.048327953,0.00010529556,0.9995915,1
4961,0.0,-0.0024213265,-0.00016073283,-0.00047769997,0.00015108708,0.0,0.013991067,0.025463352,-0.0036098477,0.0,0.0,0.0007913144,0.0,9.184287e-06,-0.00096370745,-0.005838116,-0.0042615733,-0.029104108,-0.0076340926,-7.3221984,-1.1397843,-0.0006644827,-0.105118304,-0.056237012,0.031280354,0.04521487,0.0,-0.0140460655,0.00010529556,0.00018693595,0
1689,0.0,-0.0010918463,-0.00016073283,-0.0003047709,-0.00023700944,0.0,0.010823012,0.103652544,-0.001149266,0.0,0.0,0.0007913144,0.0,9.184287e-06,-0.00096370745,-0.005838116,-0.008724368,-0.03707324,0.022042872,7.327141,1.177445,0.0014670643,-0.08251813,-0.029517153,0.037427068,0.052591477,0.0,-0.013421044,-0.00035656057,0.99980515,1
1362,0.0,-0.0016743874,-4.1528787e-05,0.0003450843,-0.00023700944,0.0,0.012957341,-0.06393354,0.010508542,0.0,0.0,0.00080086174,0.0,1.9343477e-05,-0.001508811,0.005368886,0.0026324778,4.0520274e-05,0.007136926,7.327141,1.2026576,-0.0012277595,-0.08566274,0.004213957,0.023888929,0.04876007,0.0,-0.014986077,0.00010529556,0.99979,1
2373,0.0,0.0011106867,-0.0040746126,-0.0002776715,0.009975003,0.0,0.041993804,-0.1606561,-0.0028074798,0.0,0.0,0.0036272758,0.0,-0.00012937235,0.0008375187,0.004364177,0.0016768009,0.09555042,0.036014013,-7.3221984,0.11734212,-0.010856427,0.050694544,0.0062853103,0.01769636,-0.45069852,0.0,0.064819954,7.429773e-05,0.0005480076,0
2092,0.0,-0.01303897,0.0025359262,5.678783e-05,0.00015108708,0.0,0.020611046,-0.043112244,-0.0013418437,0.0,0.0,0.00080086174,0.0,9.184287e-06,0.0023794712,0.032112494,0.0021125483,-0.003214607,-0.013928961,-7.3221984,-1.1342784,-0.0013037024,-0.06345696,0.0038953018,-0.07964026,0.037135128,0.0,-0.015797678,7.3399715e-05,0.00018435111,0
5625,0.0,0.0015285611,-8.524777e-05,0.00017050037,0.00065805775,0.0,0.017746933,-0.06334125,-0.0016516638,0.0,0.0,0.00076866493,0.0,-2.8564878e-05,0.00040250568,-0.0042054243,0.0013515862,-0.017008308,-0.007661095,-7.3221984,-1.0445539,0.028792521,-0.050969675,0.0028961129,0.015937144,-0.23025408,0.0,-0.01573175,7.429773e-05,0.00016715743,0
6424,0.0,0.0013735605,-0.00015809629,-0.0005896536,-0.00023700944,0.0,0.02367656,-0.1693736,-0.0045784335,0.0,0.0,0.0053891977,0.0,5.1797448e-05,-0.00096370745,-0.008623097,-0.010765928,-0.009169433,-0.01598576,-7.3221984,0.22477338,-0.002757621,-0.14493461,0.0079237865,0.03756456,0.07150224,0.0,0.07187351,0.00010529556,0.0007060361,0
3537,0.0,-0.0010094412,-0.00053401245,0.00017050037,-0.0010322913,0.0,0.010287834,0.030845271,-0.0016469669,0.0,0.0,0.0007591176,0.0,2.9283974e-05,-0.00068783655,-0.0037374683,-0.0031545453,-0.035356164,-0.0002805062,-7.3221984,-1.0504442,-0.007700987,-0.052723672,-0.039593197,0.016008042,-0.25848988,0.0,-0.014477523,-9.7579e-05,0.00015937215,0
5415,0.0,-0.0007908858,-0.00016073283,-0.00047769997,-0.00023700944,0.0,0.02367656,-0.15297505,-0.0038608206,0.0,0.0,-0.004044593,0.0,-8.958757e-06,-0.00096370745,-0.009402447,-0.010765928,-0.010323448,-0.017312545,-7.3221984,0.15384081,-0.0030399319,-0.15813485,0.007862721,0.042511974,0.07664218,0.0,-0.041496255,0.00010529556,0.0005865937,0
4991,0.0,-0.00043622233,-0.0009960865,-0.0002575744,0.00065805775,0.0,0.011829401,-0.07168031,-0.0016516638,0.0,0.0,-0.0017611181,0.0,-2.8564878e-05,-0.0014111915,0.004799248,-0.0030058692,-0.012186546,-0.0105581805,-7.3221984,-1.0314994,-0.0053345533,-0.048554987,0.0029203391,0.0116539495,-0.26070982,0.0,-0.0152227655,7.429773e-05,0.0001561398,0
102,0.0,-0.0011220376,1.5491387e-06,0.0005048162,0.0008043356,0.0,0.031493466,-0.19518086,-0.0011617492,0.0,0.0,0.001763003,0.0,6.8798495e-06,0.0023621889,0.0072813304,0.0021437253,0.024539579,-0.014689732,7.327141,0.24544245,-0.0015750957,0.101202376,0.00821305,0.04004137,0.08073379,0.0,-0.036578923,0.00010529556,0.99950695,1
2638,0.0,-0.009463223,-0.0008996872,-0.0013559901,0.002080385,0.0,-0.12068624,-0.073572434,-0.001315815,0.0,0.0,-0.0017611181,0.0,-1.7066921e-05,0.00078705035,0.0029691502,0.0012288322,0.029259678,-0.007511506,-7.3221984,-1.0524169,-0.002683204,0.026360687,0.002873584,0.013977748,-0.21531141,0.0,-0.012389215,0.000294285,0.00015831013,0
7013,0.0,-0.00079777424,0.0037849373,0.00031748385,-0.0010322913,0.0,0.01857584,-0.072602145,-0.0007655359,0.0,0.0,-0.0017611181,0.0,-1.7066921e-05,0.0008375187,0.004118504,0.0012288322,0.05081211,0.0029256358,-7.3221984,-1.0813063,-0.0042752293,0.03490247,0.003064663,0.014354129,-0.27380124,0.0,-0.012419972,7.429773e-05,0.00017596927,0
2432,0.0,-0.0017311479,-0.00016073283,0.0001114531,-0.00023700944,0.0,0.017773803,0.091208406,-0.0005767761,0.0,0.0,0.0010239165,0.0,9.184287e-06,-0.0013552799,-0.005705462,-0.010868515,0.0023132444,0.0039885594,-7.3221984,-1.2654343,-0.0010038281,0.054079086,0.009616165,0.048767537,0.06367756,0.0,-0.012196876,-0.00035656057,0.00023912168,0
3622,0.0,-0.0040641194,-0.0001267137,-0.0015807144,-0.00015601149,0.0,-0.08646038,-0.089115605,-0.0018856903,0.0,0.0,0.00080086174,0.0,-8.958757e-06,-0.0024797018,-0.011963488,0.0014639748,-0.0025202318,-0.011821415,-7.3221984,-1.058379,-0.0009913599,-0.04004232,0.0032681623,-0.11512886,0.028714899,0.0,-0.01976349,0.00028831692,0.00015951779,0
4613,0.0,-0.0008812244,-0.00016073283,0.0006581527,0.00015108708,0.0,0.028457507,-0.086880885,-0.0015460384,0.0,0.0,0.0015146076,0.0,9.184287e-06,-0.0023168023,-0.040171683,-0.0059621637,-0.101227954,-0.0041023563,-7.3221984,0.050391003,-0.0027706695,-0.11719649,-0.042261384,-0.17008056,0.053668015,0.0,-0.052014634,7.3399715e-05,0.00039990386,0
3896,0.0,-0.002101297,-0.003976224,-0.0002776715,0.009975003,0.0,0.04260055,-0.16201285,-0.0028074798,0.0,0.0,-0.0062674247,0.0,-0.00012937235,0.0008375187,0.004364177,0.0016768009,0.077621296,0.02443364,-7.3221984,0.08021839,0.011549983,0.050694544,0.0061240126,0.01769636,-0.41412467,0.0,0.07217652,7.429773e-05,0.00054027623,0
3904,0.0,-0.00064574304,-0.00015809629,-0.0005896536,0.00015108708,0.0,0.014632537,-0.07917552,-0.004374239,0.0,0.0,0.0013170175,0.0,5.1797448e-05,-0.0020052919,-0.005704243,-0.0034687323,-0.034781225,0.0013783433,-7.3221984,-1.1371373,-0.0011010068,-0.09089046,-0.024636691,0.027131964,0.04052695,0.0,0.026146593,0.00010529556,0.00018325105,0
25,0.0,0.036141578,6.276641e-06,0.0046401466,9.9453115e-05,0.0,-0.17923018,-0.2075122,-0.0051194606,0.0,0.0,-0.010093039,0.0,2.9388248e-05,0.002175606,-0.0028135662,0.0021437253,0.011236516,-0.018783776,7.327141,0.1713762,-0.0018284154,0.07822542,0.0072996262,0.052267116,0.07899332,0.0,0.050029345,0.0006000288,0.99938166,1
3200,0.0,0.0014653547,-4.1892097e-05,0.00029461138,0.00015108708,0.0,0.012361773,-0.03235276,-0.00096634147,0.0,0.0,0.0010239165,0.0,9.184287e-06,-0.0013552798,-0.005201931,0.0035715234,0.001610897,-0.006155258,-7.3221984,-1.2302816,-0.0010820098,0.0631562,0.0055708215,0.04229473,0.057223223,0.0,-0.013238834,-0.00013829004,0.00021745007,0
2745,0.0,-0.03474831,-0.0001267137,-0.004627045,9.9453115e-05,0.0,-0.1738028,-0.026348999,-0.0013750908,0.0,0.0,0.0010239165,0.0,9.184287e-06,0.00041887138,-0.0034008701,0.0035715234,0.004520686,-0.006043721,-7.3221984,-1.2008615,-0.00086976925,0.034492835,0.0052714106,0.026500951,0.04174548,0.0,-0.013172651,-0.00078804843,0.00016996395,0
3850,0.0,-0.0005411399,-0.0011797468,-0.0002815292,0.00065805775,0.0,0.010827116,-0.072629526,0.005006114,0.0,0.0,0.00076866493,0.0,-0.00010330361,-0.0011662955,-0.0042713173,-0.0030058692,-0.016915193,-0.009539819,-7.3221984,-1.0223815,-0.008200429,-0.048542384,0.003055599,0.016308766,-0.26278433,0.0,-0.018515853,7.429773e-05,0.0001561398,0
4874,0.0,-0.0017311479,-0.00016073283,0.00029461138,-0.00023700944,0.0,0.018842757,0.069620766,-0.0009356461,0.0,0.0,0.0010239165,0.0,9.184287e-06,-0.0013552799,-0.005705462,0.0031309682,0.0015896733,0.0037484039,-7.3221984,-1.2609911,-0.0014282631,0.07309027,0.010688595,0.04735868,0.06346422,0.0,-0.012908122,0.00010529556,0.00024263086,0
6457,0.0,-0.0008771088,-0.00037472215,-0.0002776715,0.009975003,0.0,0.027271418,-0.07004996,-0.002924768,0.0,0.0,-0.0023403335,0.0,0.00013262917,0.0008375187,0.0036244062,0.0012288322,0.01132806,0.02530734,-7.3221984,-1.1120824,0.0045426604,0.032920197,0.0031097743,0.013714806,-0.26004273,0.0,0.02695406,7.429773e-05,0.00018057332,0
4262,0.0,-0.0007159214,0.0043113567,-0.0005896536,0.00015108708,0.0,0.0145765385,-0.020942457,-0.004144829,0.0,0.0,-0.0035694623,0.0,5.1797448e-05,-0.00096370745,-0.005172291,-0.006216867,0.0034204393,0.0074432995,-7.3221984,-1.224661,-0.001053775,-0.082985036,0.005590598,0.027321486,0.038902193,0.0,0.02375493,0.00010529556,0.00019222952,0
1337,0.0,0.0017927713,-3.9255545e-05,-5.00484e-07,0.00015108708,0.0,0.011650361,0.09090779,-0.0012879567,0.0,0.0,0.0014633569,0.0,5.1797448e-05,-0.0013552799,-0.0045361063,0.003769144,0.0024513027,0.004223355,7.327141,1.0736254,-0.001445829,0.05177194,0.009196646,0.0468114,0.062069807,0.0,0.019863693,0.00027148917,0.9998317,1
3630,0.0,-0.008005741,-0.00011890505,-0.004738998,9.9453115e-05,0.0,-0.098042466,-0.04658846,0.014888074,0.0,0.0,0.0014633569,0.0,0.00020286001,-0.0008189188,-0.0027977298,0.0023479543,-0.01478981,0.0070576533,-7.3221984,-1.184733,-0.00089579757,-0.033688743,0.005249287,0.02683926,0.033531785,0.0,0.026235068,0.0006000288,0.00018261508,0
5400,0.0,-0.0014585751,-0.00016073283,-0.00025429795,0.00015108708,0.0,0.023187047,0.17302758,-0.0010079985,0.0,0.0,0.003068859,0.0,9.184287e-06,-0.0019003835,0.005848772,-0.014766688,0.016403936,0.008008802,-7.3221984,0.26842025,-0.0025111022,0.10095618,0.026939515,0.050932966,0.099635534,0.0,-0.032437176,-0.00035656057,0.0013456944,0
44,0.0,3.6481651e-07,-0.00016036953,0.0001114531,-0.00023700944,0.0,0.008468171,0.10071362,0.0034683559,0.0,0.0,-0.002729918,0.0,1.9343477e-05,-0.00096370745,-0.0053345854,-0.009474776,-0.010297531,0.0098735895,7.327141,1.1511557,-0.0010646216,-0.07379878,0.007251582,0.04143879,0.05600429,0.0,-0.013442212,0.00027148917,0.99981207,1
796,0.0,-0.00087687164,-0.00016073283,-0.0003047709,-0.00023700944,0.0,0.015377402,0.21427415,-0.0012216184,0.0,0.0,0.003068859,0.0,9.184287e-06,-0.00096370745,-0.0062759076,0.008578801,-0.0018687681,0.023200156,7.327141,0.24291599,-0.002393867,-0.11358083,0.017402511,0.053520314,0.08986142,0.0,-0.04254838,-0.00035656057,0.9995968,1
656,0.0,-0.0013315498,-0.00016073283,-0.00042722706,0.00015108708,0.0,0.01954603,-0.07381767,-0.0009888569,0.0,0.0,0.00080086174,0.0,9.184287e-06,-0.0019003834,0.005960044,0.0035715234,0.004010255,-0.0063318633,7.327141,1.1704807,-0.0013185563,0.06453962,0.0039213663,0.02975456,0.057961956,0.0,-0.01272453,0.00010529556,0.9998122,1
5453,0.0,-0.00079777424,-0.0045331456,-0.0002575744,0.00065805775,0.0,0.019175598,-0.076186344,-0.0007655359,0.0,0.0,-0.0017611181,0.0,-1.7066921e-05,0.0008375187,0.004149261,0.0012288322,0.04457822,-0.002454136,-7.3221984,-1.0813063,-0.0042752293,0.03490247,0.003064663,0.014355783,-0.2790228,0.0,-0.012389215,7.429773e-05,0.0001712894,0
3443,0.0,-0.000434413,-0.00050632225,0.00017435808,0.00065805775,0.0,0.011798535,-0.05220382,-0.011793196,0.0,0.0,0.0011720208,0.0,0.00035067066,0.0002875016,0.004463003,-0.004446022,-0.009369538,-0.009905361,-7.3221984,-1.0900327,-0.007841887,-0.049974892,0.0030181776,0.011145984,-0.24736571,0.0,0.03956035,7.429773e-05,0.00015964241,0
4968,0.0,-0.0038361263,-0.0005199542,-0.0013725678,-0.00046696758,0.0,-0.09582235,-0.13235375,-0.005561312,0.0,0.0,0.0014148275,0.0,2.9283974e-05,-0.001085658,-0.0060963933,-0.0030978988,-0.050633855,-0.012725893,-7.3221984,-0.09247592,-0.018924752,-0.06370188,-0.036447488,0.019718869,-0.39750063,0.0,-0.050507158,0.000294285,0.00025273554,0
3238,0.0,0.003977723,-0.0007061977,0.001352457,0.0002976792,0.0,-0.05567419,-0.06482601,-0.0022504567,0.0,0.0,0.0006874662,0.0,2.9283974e-05,-0.001085658,-0.0030525045,0.0011986545,-0.027220469,0.0014149419,-7.3221984,-0.9919929,-0.00585445,-0.045436397,-0.018865056,0.016084772,-0.22599246,0.0,-0.015696993,-0.00038649963,0.00015604022,0
4218,0.0,-0.00079777424,-0.0010194986,-0.0002575744,-0.0010322913,0.0,0.019051889,-0.07096677,-0.0007655359,0.0,0.0,0.00076866493,0.0,-1.7066921e-05,0.0008375187,0.0040174136,0.0012288322,0.019547258,-0.0034904242,-7.3221984,-1.0616058,-0.008060827,0.03541567,0.0031618946,0.014769974,-0.29695866,0.0,-0.013365319,7.429773e-05,0.0001681128,0
975,0.0,-0.0024213265,-4.1892097e-05,0.00038327288,-0.00023700944,0.0,0.010592092,0.08598065,-0.001149266,0.0,0.0,0.0007913144,0.0,9.184287e-06,-0.00096370745,-0.0057812543,-0.008724368,-0.019974539,-0.0012239642,7.327141,1.2076439,-0.0006644827,-0.07410972,-0.056237012,0.039731156,0.052449375,0.0,-0.01359238,-0.00035656057,0.99980265,1
6699,0.0,-0.00062086206,-0.00016073283,-0.00089687004,-0.00023700944,0.0,0.014263441,-0.06937034,-0.0013418437,0.0,0.0,-0.0018601599,0.0,9.184287e-06,-0.0023168023,-0.037597906,-0.00568658,-0.001374865,-0.010721858,-7.3221984,-1.1062249,-0.0012090278,-0.05937842,0.0033637935,-0.1247313,0.03297103,0.0,-0.018479442,-9.63996e-05,0.00016278126,0
843,0.0,0.0017634911,-0.00034264242,-0.00038804274,-0.00023700944,0.0,0.025130333,-0.07480273,-0.0006358784,0.0,0.0,-0.0018601599,0.0,6.8798495e-06,0.004284531,0.042874288,-0.004716219,0.015620805,-0.0034949018,7.327141,1.2172463,-0.0009662489,0.03991605,0.0034396176,-0.104994744,0.037141457,0.0,-0.01366053,7.3399715e-05,0.99979645,1
4348,0.0,0.0017160926,-4.1892097e-05,0.00029461138,0.00015108708,0.0,0.012263999,-0.041218083,-0.0036405432,0.0,0.0,0.0007913144,0.0,9.184287e-06,-0.00096370745,-0.0053345854,0.0022947036,-0.03847278,0.0015403393,-7.3221984,-1.1283127,-0.0010172162,-0.09837609,-0.035000652,0.030840354,0.043764982,0.0,-0.014376778,-0.00013829004,0.00018325105,0
4929,0.0,-0.00080686726,-0.0007335653,-0.0002575744,0.00065805775,0.0,0.014225141,-0.07578703,-0.0016516638,0.0,0.0,0.00076866493,0.0,-2.8564878e-05,-0.0014111915,0.0046674004,-0.0030058692,-0.012409384,-0.010124708,-7.3221984,-1.0479165,0.0140379965,-0.048554987,0.0029730662,0.012068141,-0.2464954,0.0,-0.015980927,7.429773e-05,0.0001589225,0
5237,0.0,-0.0016451621,-0.00016073283,-0.00047769997,-0.00023700944,0.0,0.018383268,-0.032502376,-0.00096634147,0.0,0.0,0.0010239165,0.0,9.184287e-06,-0.0013552798,-0.005705462,0.0035715234,0.0016905041,-0.006025318,-7.3221984,-1.2303455,-0.0010464784,0.062466733,0.0058064843,0.041398328,0.057269715,0.0,-0.013338365,0.00010529556,0.00021745007,0
579,0.0,-0.0016199781,-3.9255545e-05,-5.00484e-07,0.00015108708,0.0,0.01686136,0.09164762,-0.0012879567,0.0,0.0,0.0014633569,0.0,5.1797448e-05,0.00045802974,-0.0053909537,0.003769144,0.0028569289,0.0060381624,7.327141,1.0703474,-0.0009858627,0.05035558,0.009048165,0.045615528,0.061986487,0.0,0.01980877,0.00027148917,0.9998317,1
3193,0.0,0.009326498,-7.872957e-06,0.0047521,9.9453115e-05,0.0,-0.078289494,-0.09387888,-0.004213338,0.0,0.0,-0.0018601599,0.0,9.184287e-06,0.0002705467,-0.004043972,0.0026324778,0.0029328456,-0.009979298,-7.3221984,-1.108924,-0.0010678499,-0.086717,0.0030769676,0.032204542,0.042176582,0.0,-0.014205368,0.0006000288,0.00017750227,0
657,0.0,-0.001055641,-0.00016073283,-0.0003047709,0.00015108708,0.0,0.013691908,0.20705773,-0.0012216184,0.0,0.0,0.0017337969,0.0,9.184287e-06,-0.00096370745,-0.0062759076,-0.009982177,-0.08307094,0.04823615,7.327141,0.15988705,0.00028645113,-0.12386465,-0.08078009,0.048704773,0.08069068,0.0,-0.03920345,-0.00035656057,0.9994642,1
2015,0.0,0.00092246436,-2.7742506e-05,-0.0005896536,-0.00023700944,0.0,0.013666723,-0.034097854,-0.00120277,0.0,0.0,-0.0035694623,0.0,-2.8666589e-05,0.00045802974,-0.004307684,0.0035715234,0.0072966614,-0.0056263157,-7.3221984,-1.251705,-0.0010453125,0.060923036,0.005784115,0.03509325,0.052208956,0.0,0.02032687,0.00010529556,0.00021745007,0
2286,0.0,-0.0015339924,-3.9255545e-05,0.00018265776,0.00015108708,0.0,0.018890236,0.05121539,-0.0016468267,0.0,0.0,0.0014633569,0.0,5.1797448e-05,-0.0013552798,-0.0050396365,-0.011927653,0.003089601,0.004548979,-7.3221984,-1.2832102,-0.0012589123,0.066318564,0.0065521523,0.04422967,0.05818842,0.0,0.020924812,0.00010529556,0.00023367596,0
6040,0.0,-0.00060835364,-0.00118233,-0.0002815292,-0.0010322913,0.0,0.016044362,-0.125736,-0.0019043724,0.0,0.0,0.0014148275,0.0,2.9283974e-05,-0.0011662955,-0.0071901716,-0.0030978988,-0.058870815,-0.013434855,-7.3221984,-0.069678694,-0.021464307,-0.08503526,-0.04036735,0.019128025,-0.456226,0.0,-0.048089884,7.429773e-05,0.00026648754,0
3827,0.0,-0.0006350356,-0.00118233,-0.0002815292,-0.0010322913,0.0,0.010825454,-0.06139025,-0.0017001778,0.0,0.0,0.0006874662,0.0,2.9283974e-05,-0.0011662955,-0.0042713173,-0.002553733,-0.028236583,-0.0071190894,-7.3221984,-1.0065908,-0.0056429,-0.04928944,-0.019638289,0.015655123,-0.25381154,0.0,-0.01608945,7.429773e-05,0.0001561398,0
3786,0.0,-0.0014087947,-0.00016073283,-0.00042722706,-0.00023700944,0.0,0.019498551,-0.06327302,-0.0009888569,0.0,0.0,-0.0018601599,0.0,9.184287e-06,-0.0019003834,0.0057647484,-0.011927653,0.0038161757,-0.0061935014,-7.3221984,-1.2018605,-0.0010694251,0.06223548,0.003671522,0.029500935,0.05703754,0.0,-0.011411115,0.00010529556,0.00021335878,0
4851,0.0,-0.00074984634,-0.00016073283,0.00029461138,-0.00023700944,0.0,0.0137980245,-0.10843505,-0.0036630584,0.0,0.0,0.00080086174,0.0,9.184287e-06,-0.0020052919,-0.006483593,0.0019839045,-0.00134143,-0.009458001,-7.3221984,-1.1233283,-0.0012277595,-0.088883564,0.0036911457,0.031731274,0.045675542,0.0,-0.015888305,-0.00013829004,0.00018494637,0
404,0.0,-0.0016199781,-0.00015809629,-0.00041672445,-0.00023700944,0.0,0.01686541,0.08025279,-0.0016468267,0.0,0.0,0.0014633569,0.0,5.1797448e-05,-0.0013552799,-0.0050396365,-0.0102176275,0.002336831,0.004169294,7.327141,1.0763972,-0.0014102977,0.061542436,0.0100247115,0.045028828,0.060494088,0.0,0.020037657,0.00027148917,0.9998292,1
5582,0.0,0.0024660202,-7.509647e-06,0.0010707123,-0.00015601149,0.0,-0.07298273,-0.082930885,0.008081575,0.0,0.0,-0.0018601599,0.0,1.9343477e-05,-0.0024797018,-0.01060205,-0.0031514026,-0.015526676,-0.009636324,-7.3221984,-1.0520664,-0.0012982492,-0.047110107,0.0030164758,-0.13697723,0.028731674,0.0,-0.01884043,0.00028831692,0.00015951779,0
1092,0.0,-0.0016199781,-0.00015809629,-0.00041672445,0.00015108708,0.0,0.017301675,0.07166728,-0.0016468267,0.0,0.0,0.0014633569,0.0,5.1797448e-05,-0.0013552799,-0.0050396365,0.0031309682,0.0020266157,0.0036716338,7.327141,1.0766851,-0.0009858627,0.07053423,0.010537393,0.04439187,0.060706653,0.0,0.020037657,0.00027148917,0.9998317,1
53,0.0,-0.00010622907,-0.00016073283,0.0001114531,0.00015108708,0.0,0.008585702,0.06798324,-0.003603415,0.0,0.0,0.0010239165,0.0,-8.958757e-06,-0.00096370745,-0.0053345854,-0.0057812487,0.0038872096,0.004120682,7.327141,1.1432965,-0.0014722568,-0.093436964,0.009598776,0.035912994,0.051932663,0.0,-0.013862619,-0.00035656057,0.9998005,1
3591,0.0,-0.0038628085,-0.0005199542,-0.0013725678,0.0002976792,0.0,-0.063542455,-0.06168882,-0.0022504567,0.0,0.0,0.0006874662,0.0,2.9283974e-05,-0.001085658,-0.003177539,-0.002553733,-0.024802826,-0.007590241,-7.3221984,-0.99074227,-0.0044667195,-0.035992555,-0.018507008,0.014883925,-0.2183895,0.0,-0.01608945,0.000294285,0.00015503795,0
6954,0.0,-0.003829707,-4.1892097e-05,0.0005048162,0.00015108708,0.0,0.01840352,-0.09863927,-0.0009888569,0.0,0.0,0.00080086174,0.0,9.184287e-06,-0.0065381075,0.005420418,-0.004857741,0.0028166873,-0.00977624,-7.3221984,-1.1735717,-0.001088157,0.057528414,0.003724249,0.03236696,0.05553097,0.0,-0.012947724,0.00010529556,0.00021042732,0
2122,0.0,-0.008631185,-7.872957e-06,0.00502392,-0.00015601149,0.0,-0.09182249,-0.11017171,-0.004213338,0.0,0.0,-0.0018601599,0.0,9.184287e-06,-0.0018605032,-0.00405217,0.0019839045,-0.00233351,-0.011504011,-7.3221984,-1.0943333,-0.0009726281,-0.039495282,0.0033126308,0.029948723,0.040366888,0.0,-0.014937131,0.0006000288,0.00017750227,0
1857,0.0,-0.00087687164,-4.1892097e-05,0.00038327288,0.00015108708,0.0,0.015193958,0.20479295,-0.0012216184,0.0,0.0,-0.008761319,0.0,9.184287e-06,-0.00096370745,-0.0062190457,0.008578801,-0.0019483757,0.0050810343,7.327141,0.25263873,-0.0018995075,-0.12159593,0.024983432,0.053374745,0.088410124,0.0,-0.038913194,-0.00035656057,0.9995859,1
2544,0.0,0.002040496,-0.00016073283,-0.00038804274,0.00015108708,0.0,0.020921974,-0.012100311,-0.0013128959,0.0,0.0,-0.002729918,0.0,-8.958757e-06,-0.008616697,0.03377054,0.0021125483,0.00046256237,-0.0030139114,-7.3221984,-1.167287,-0.0013021397,-0.0566778,0.0051859915,-0.07634924,0.0419348,0.0,-0.015383255,7.3399715e-05,0.00018969174,0
6334,0.0,-0.0037010836,-0.0007061977,-0.0013559901,0.0002976792,0.0,-0.068372265,-0.07648576,-0.0022019427,0.0,0.0,0.00076866493,0.0,-2.8564878e-05,0.00041826992,0.0037724315,0.0013515862,-0.0035652719,-0.008336833,-7.3221984,-1.0134935,-0.0047081923,-0.03554523,0.002805925,0.013254351,-0.22925274,0.0,-0.015651528,0.000294285,0.00015503795,0
4027,0.0,-0.001358405,-0.00016073283,-0.00047769997,0.00015108708,0.0,0.030929554,-0.19166124,-0.0011930516,0.0,0.0,0.001763003,0.0,9.184287e-06,0.0022147645,-0.006735181,-0.0060689175,0.012995781,-0.019866228,-7.3221984,0.18070538,-0.0020046213,0.10427695,0.008095358,0.055506963,0.09101178,0.0,-0.03925854,-0.00013829004,0.00081419287,0
7022,0.0,-0.0008019072,-3.9255545e-05,0.0011234311,-0.00023700944,0.0,0.009871792,0.10350596,-0.0018604465,0.0,0.0,-0.0035694623,0.0,5.1797448e-05,-0.00096370745,-0.0048224875,-0.0102440445,0.0035513078,0.008451227,-7.3221984,-1.2524832,-0.0010111247,-0.07194247,0.007807305,0.03470511,0.053425837,0.0,0.022591341,0.00027148917,0.00021733338,0
702,0.0,-0.0013359768,-0.00015809629,-0.0005896536,0.00015108708,0.0,0.027510673,-0.022621203,-0.0018229764,0.0,0.0,0.0055616572,0.0,5.1797448e-05,-0.0013552798,-0.005169629,0.00525405,0.013111714,-0.007140978,7.327141,0.25239906,-0.0020662094,0.08521293,0.02044824,0.05099284,0.085732795,0.0,0.04971976,0.00010529556,0.9996189,1
6649,0.0,-0.00071228045,-0.00118233,-0.0002815292,0.00065805775,0.0,0.011443351,-0.03306868,-0.0017001778,0.0,0.0,0.0006874662,0.0,2.9283974e-05,-0.00068783644,-0.0037374683,-0.0035574257,-0.03831129,-0.0013820725,-7.3221984,-1.0277511,-0.007961453,-0.051244,-0.022705313,0.015215543,-0.24541706,0.0,-0.015151003,-9.7579e-05,0.0001571492,0
4034,0.0,-0.034616303,-0.00030862325,-0.0045972364,-0.00015601149,0.0,-0.17952168,-0.063090295,-0.0015078336,0.0,0.0,-0.0018601599,0.0,6.8798495e-06,0.0004863352,0.0038245819,0.0035715234,0.011697295,-0.009651624,-7.3221984,-1.1634661,-0.0008149629,0.035351284,0.0035981352,0.024383817,0.03854547,0.0,-0.010985794,0.0006000288,0.00016996395,0
4427,0.0,0.00033322576,-4.1892097e-05,0.0003450843,-0.00023700944,0.0,0.013209772,-0.064646184,-0.0009888569,0.0,0.0,-0.0018601599,0.0,9.184287e-06,-0.0019003834,0.005475644,0.0035715234,0.003930648,-0.006178562,-7.3221984,-1.201141,-0.0011049565,0.06551732,0.0037892142,0.032821547,0.05824261,0.0,-0.011332986,0.00010529556,0.00021745007,0
6621,0.0,-0.00025748505,-0.0001529242,-0.00046331246,0.00015108708,0.0,0.014729999,-0.10011089,0.012259905,0.0,0.0,0.0013982162,0.0,0.00020286001,0.00085167366,0.006390133,0.0019839045,-0.0024759646,-0.0096837925,-7.3221984,-1.1697968,0.0008434274,-0.08216852,0.003736257,0.01800183,0.038899872,0.0,0.027246153,0.00010529556,0.00018976157,0
6005,0.0,0.0016862463,-0.00016073283,-0.00038804274,-0.00023700944,0.0,0.02293523,-0.01495274,-0.0006446654,0.0,0.0,0.0010239165,0.0,9.184287e-06,0.002527796,0.0369624,0.0034327656,0.004634352,-0.009853461,-7.3221984,-1.2032259,-0.0010464784,0.043024685,0.0055745803,-0.11060677,0.047816265,0.0,-0.014174471,7.3399715e-05,0.00020003215,0
3975,0.0,-0.00103465,-0.00014658325,-0.00046331246,0.00015108708,0.0,0.020107238,-0.09825763,-0.0012252855,0.0,0.0,0.0013982162,0.0,-2.8666589e-05,0.0023621889,0.0053730323,0.0016957566,0.0058023566,-0.008258874,-7.3221984,-1.2052668,-0.0009140619,0.057502806,0.0038870526,0.024823608,0.051661734,0.0,0.02126473,0.00010529556,0.00021370429,0
3411,0.0,-0.03474831,-7.872957e-06,0.0047521,9.9453115e-05,0.0,-0.16504213,-0.025070706,-0.0013750908,0.0,0.0,0.0010239165,0.0,9.184287e-06,-0.0012104912,-0.0033309008,0.0035715234,0.0040109977,-0.0060287816,-7.3221984,-1.2008615,-0.00086976925,0.0342784,0.0052714106,0.028456397,0.04274693,0.0,-0.012900273,0.0006000288,0.00017372411,0
5147,0.0,-0.008005741,-0.00012407714,-0.004738998,-0.00015601149,0.0,-0.1006915,-0.047040332,-0.004760473,0.0,0.0,-0.0035694623,0.0,5.1797448e-05,-0.0008189188,-0.0027977298,0.0026324778,0.000178816,-0.009745838,-7.3221984,-1.1921381,-0.0011074651,-0.04492491,0.0050114943,0.02460576,0.036941573,0.0,0.023605915,0.0006000288,0.0001736605,0
4260,0.0,-0.0039400533,-0.0007061977,-0.0013725678,-0.00046696758,0.0,-0.06380067,-0.035981156,-0.0022504567,0.0,0.0,0.0006874662,0.0,2.9283974e-05,-0.0006071989,-0.00264369,-0.0035574257,-0.029588394,0.0016485325,-7.3221984,-1.0126576,-0.0050771604,-0.038299356,-0.020593587,0.014556835,-0.21383943,0.0,-0.015151003,-0.00038649963,0.00015604022,0
4773,0.0,-0.0057355994,-0.0001267137,-0.0015807144,-0.00015601149,0.0,-0.08176024,0.039809305,-0.0014852104,0.0,0.0,0.0007913144,0.0,9.184287e-06,-0.0014381174,-0.009150002,-0.0037312869,-0.02913095,-0.0076520205,-7.3221984,-1.0948257,-0.00048777356,-0.04147849,-0.050432354,-0.11003247,0.028907957,0.0,-0.01713579,-0.00037866138,0.0001635149,0
4582,0.0,-0.008300029,-7.872957e-06,0.0047521,-0.00015601149,0.0,-0.14650002,-0.13330898,-0.007524193,0.0,0.0,0.0015146076,0.0,9.184287e-06,-0.0008189188,-0.0070278863,-0.00649245,-0.07783126,-0.007081444,-7.3221984,0.06865655,-0.0025939604,-0.10489769,-0.05649764,0.046248656,0.06222284,0.0,-0.045354944,0.0006000288,0.00042985805,0
5989,0.0,-0.0024213265,-0.00016073283,-0.0003047709,-0.00023700944,0.0,0.010823012,0.07946985,-0.001149266,0.0,0.0,0.0007913144,0.0,9.184287e-06,-0.00096370745,-0.005838116,-0.008724368,-0.03707324,-0.0012389026,-7.3221984,-1.1562481,-0.0006644827,-0.08251813,-0.056237012,0.037427068,0.05046205,0.0,-0.013421044,-0.00035656057,0.00019943627,0
5615,0.0,-0.00038216083,-0.00050632225,0.00017435808,0.00065805775,0.0,0.011430252,-0.072743684,-0.0110986745,0.0,0.0,-0.0023403335,0.0,0.00035067066,-0.0023847604,0.0032558849,0.0012288322,-0.008820438,-0.0097943125,-7.3221984,-1.0928124,-0.0055168886,0.032691773,0.0030088827,0.015045828,-0.29903197,0.0,0.03759892,7.429773e-05,0.00016144925,0
5505,0.0,-0.00079075224,-0.0001305134,-0.00047769997,-0.00023700944,0.0,0.015110054,-0.10762668,-0.0036630584,0.0,0.0,0.00087189005,0.0,9.184287e-06,-0.0020052919,-0.006483593,0.0019839045,-0.0012917803,-0.009257862,-7.3221984,-1.130292,0.007984553,-0.0872826,0.0036911457,0.031679425,0.039964974,0.0,-0.015877489,0.00010529556,0.00018494637,0
4237,0.0,-0.0024213265,-0.00016073283,-0.0003047709,-0.00023700944,0.0,0.008691838,0.039870974,-0.0036098477,0.0,0.0,0.0007913144,0.0,9.184287e-06,-0.00096370745,-0.005838116,0.002048474,-0.037932955,-0.00070792204,-7.3221984,-1.1514318,-0.0028329066,-0.1014198,-0.058488637,0.033022534,0.046733987,0.0,-0.013421044,0.00027148917,0.00018786978,0
4359,0.0,0.010961023,-7.872957e-06,0.0011478094,-0.00015601149,0.0,-0.09035321,0.23696746,-0.0019012621,0.0,0.0,0.0017337969,0.0,9.184287e-06,-0.0008189188,-0.0036755176,0.0068893256,-0.08581397,0.038870797,-7.3221984,0.19180405,-0.011277196,-0.095066726,-0.0681765,0.05737415,0.0776986,0.0,-0.03875403,-0.0050832955,0.0008171557,0
6081,0.0,-0.00060835364,-0.00118233,0.00017050037,0.00065805775,0.0,0.016167423,-0.12273584,-0.0019043724,0.0,0.0,0.0014148275,0.0,2.9283974e-05,-0.0011662955,-0.0071901716,0.001399921,-0.06614957,-0.01595526,-7.3221984,-0.046005454,-0.021464307,-0.08581673,-0.04049258,0.019078424,-0.45450807,0.0,-0.048089884,-9.7579e-05,0.00027302108,0
1088,0.0,0.0019730034,-0.00014784047,-0.00038804274,-0.00023700944,0.0,0.04244367,-0.16503564,-0.0008400731,0.0,0.0,-0.004044593,0.0,6.8798495e-06,0.004284531,0.043614056,-0.0059273955,0.027625574,-0.0142729785,7.327141,0.13462606,-0.0017785673,0.07579193,0.0063368203,-0.16901737,0.072156005,0.0,-0.03531108,7.3399715e-05,0.9993449,1
4937,0.0,-0.00087687164,-0.00016073283,-0.0003047709,0.00015108708,0.0,0.015424879,0.2010472,-0.0012216184,0.0,0.0,0.003068859,0.0,9.184287e-06,-0.00096370745,-0.0062759076,-0.014793105,-0.0028931992,0.005066095,-7.3221984,0.26747283,-0.001969432,-0.1233549,0.02569983,0.05189749,0.087022714,0.0,-0.042421803,-0.00035656057,0.001037434,0
1010,0.0,0.0018338622,-3.9255545e-05,0.0019345741,0.00015108708,0.0,0.022300968,-0.043425214,-0.0013783614,0.0,0.0,0.0013982162,0.0,5.1797448e-05,-0.00900827,0.014886888,0.0034327656,0.0062665474,-0.009774252,7.327141,1.1603997,-0.0013005907,0.042962223,0.0037345733,-0.11128849,0.044578806,0.0,0.026927995,7.3399715e-05,0.99979097,1
2861,0.0,-0.00071228045,-0.00118233,0.0009778448,0.00065805775,0.0,0.01124198,-0.015643,-0.0016776624,0.0,0.0,0.0007591176,0.0,2.9283974e-05,-0.00068783644,-0.003469247,0.0014936293,-0.03873917,-0.0011526849,-7.3221984,-1.0403565,-0.00827951,-0.05048095,-0.031647198,0.014489262,-0.24753018,0.0,-0.014907766,-9.7579e-05,0.0001571492,0
1874,0.0,0.024763873,-4.1892097e-05,-0.0004520395,0.00015108708,0.0,0.013219847,-0.07990949,-0.0013418437,0.0,0.0,-0.0018601599,0.0,9.184287e-06,-0.0033583867,-0.0208417,-0.003484211,-0.0067483997,-0.012395695,-7.3221984,-1.0949522,-0.0010884296,-0.054178588,0.0029619543,-0.108449124,0.0356318,0.0,-0.014876576,7.3399715e-05,0.00017363003,0
5565,0.0,-0.00037374502,-4.1528787e-05,0.0003450843,0.00015108708,0.0,0.018342229,-0.114144966,0.011948302,0.0,0.0,0.001763003,0.0,1.9343477e-05,-0.001508811,0.0061114137,0.0028131707,-0.0704708,-0.0014491715,-7.3221984,0.13171121,-0.0032433914,-0.14159948,0.0110598635,0.03728265,0.077532835,0.0,-0.04793394,0.00010529556,0.00060310523,0
2673,0.0,-0.00051445793,-0.0009960865,-0.0002815292,0.00065805775,0.0,0.01669999,-0.17747843,-0.0018558584,0.0,0.0,-0.0037178374,0.0,-2.8564878e-05,-0.0011662955,-0.0071901716,-0.004217046,-0.039625518,-0.016836232,-7.3221984,-0.013514936,-0.018347135,-0.08383785,0.0057279128,0.019300068,-0.48686197,0.0,-0.046770558,7.429773e-05,0.00027677734,0
5163,0.0,-0.0013241512,-0.00014658325,-0.00046331246,0.00015108708,0.0,0.020064635,-0.0677713,-0.0012252855,0.0,0.0,0.0013982162,0.0,-2.8666589e-05,0.0006054541,0.0050775013,0.0035715234,0.006832353,-0.006027225,-7.3221984,-1.2268072,-0.0010701914,0.06259469,0.0038870526,0.02644006,0.052705865,0.0,0.019349547,0.00010529556,0.00021745007,0
1411,0.0,-0.0015748981,-3.9255545e-05,0.0013065893,0.00015108708,0.0,0.0179001,-0.06652957,-0.0017000374,0.0,0.0,0.0013982162,0.0,5.1797448e-05,-0.0013552798,-0.004909343,0.0035715234,0.0021043057,-0.006008464,7.327141,1.1369705,0.0013215916,0.06288706,0.0038870526,0.03641016,0.053515363,0.0,0.022347385,0.00010529556,0.9998122,1
1001,0.0,-0.0007908858,-4.1892097e-05,0.00029461138,-0.00023700944,0.0,0.022660268,-0.15266699,-0.0038608206,0.0,0.0,0.001763003,0.0,-8.958757e-06,-0.00096370745,-0.009402447,-0.010765928,-0.012758577,-0.01737703,7.327141,0.13161933,-0.0028794566,-0.1589251,0.007778418,0.042578902,0.076390065,0.0,-0.046093676,0.00010529556,0.9992423,1
5334,0.0,-0.0005064638,-0.0010122091,-0.0002776715,-0.0010322913,0.0,0.018844234,-0.068788424,-0.002924768,0.0,0.0,0.0011720208,0.0,0.00013262917,0.0008375187,0.0036244062,-0.0033986517,0.011328619,-0.0028773772,-7.3221984,-1.0976008,-0.005383731,0.032795746,0.0031114533,0.013682409,-0.2900936,0.0,0.028828414,7.429773e-05,0.0001681128,0
4020,0.0,0.002040496,-0.00016073283,0.003477159,0.00015108708,0.0,0.022454962,-0.05673333,-0.0013418437,0.0,0.0,0.00080086174,0.0,9.184287e-06,0.0023794712,0.03387673,0.0021125483,-0.003135,-0.014094671,-7.3221984,-1.1217741,-0.0012277595,-0.06474224,0.0032930654,-0.06769008,0.042549994,0.0,-0.015550006,7.3399715e-05,0.0001907275,0
5214,0.0,-0.00059072376,-0.00016036953,-0.00042722706,0.00015108708,0.0,0.014939952,-0.021705009,0.010339411,0.0,0.0,-0.002729918,0.0,1.9343477e-05,0.0004571294,0.0061944965,0.0026324778,0.0029955744,0.0069041997,-7.3221984,-1.192395,-0.0010717404,-0.08309984,0.0055046463,0.0187901,0.04869023,0.0,-0.014980075,-0.00013829004,0.0001972341,0
3016,0.0,-0.0010873198,-0.00016073283,-0.00047769997,0.00015108708,0.0,0.0147676775,-0.0652215,-0.0036630584,0.0,0.0,0.000719663,0.0,9.184287e-06,-0.00096370745,-0.006483593,-0.005234641,-0.0338264,0.0018426883,-7.3221984,-1.113614,0.0008588757,-0.09602885,-0.024359144,0.031383764,0.042597216,0.0,-0.014298042,-0.00013829004,0.00018325105,0
5745,0.0,-0.0038028767,0.0025500758,0.0007433873,0.00015108708,0.0,0.021174788,0.029977754,-0.0012358106,0.0,0.0,0.0014633569,0.0,2.9388248e-05,0.0006054541,0.003944521,-0.011927653,0.0067217704,0.0046612443,-7.3221984,-1.2633032,-0.0008740563,0.066381946,0.0058174646,0.034576338,0.052683383,0.0,0.01945663,0.00010529556,0.00023367596,0
2884,0.0,-0.008600037,-0.00011382133,-0.0014011011,9.9453115e-05,0.0,-0.16491194,-0.08358445,-0.0011827599,0.0,0.0,-0.0018601599,0.0,-6.7109086e-06,0.00275249,0.01255209,0.0015569988,0.0056664185,-0.0075686793,-7.3221984,-1.0944353,-0.00083302555,0.03212172,0.0033662308,-0.09722664,0.03229031,0.0,-0.014024797,0.00028831692,0.00016386593,0
4987,0.0,-0.0006350356,-0.0009960865,-0.0002815292,-0.0010322913,0.0,0.010885546,-0.058813814,-0.0017001778,0.0,0.0,0.0006874662,0.0,2.9283974e-05,-0.0011662955,-0.0042713173,-0.002553733,-0.033525724,-0.00698949,-7.3221984,-1.0058752,-0.005462384,-0.0499571,-0.019638289,0.015486818,-0.25136316,0.0,-0.01608945,-9.7579e-05,0.0001561398,0
5223,0.0,-0.0024213265,-0.00016073283,0.0017614046,-0.00023700944,0.0,0.014191177,0.020891702,-0.0036098477,0.0,0.0,0.0007913144,0.0,9.184287e-06,-0.00096370745,-0.0052294796,0.002048474,-0.029963821,-0.002758067,-7.3221984,-1.140644,-0.0028329066,-0.105703324,-0.058488637,0.028239755,0.045705784,0.0,-0.0140460655,0.00010529556,0.00018693595,0
1350,0.0,-0.00039652697,0.00020267903,0.0003089989,0.00015108708,0.0,0.025050636,-0.08481189,-0.0014625206,0.0,0.0,-0.010093039,0.0,2.9388248e-05,0.0006054541,0.0045047384,0.00525405,0.026559234,-0.006768243,7.327141,0.30260366,-0.0019912175,0.09474746,0.011505333,0.0420872,0.078183345,0.0,0.04026159,0.00010529556,0.99960834,1
2131,0.0,-0.0019822237,0.0025385628,0.0007433873,-0.00023700944,0.0,0.019966878,0.06817738,-0.0016468267,0.0,0.0,0.0014633569,0.0,5.1797448e-05,0.0006054541,0.004428921,0.0031309682,0.0037635015,0.004087397,-7.3221984,-1.2872134,-0.0012558411,0.07059762,0.010817267,0.031975634,0.05822884,0.0,0.019167835,0.00010529556,0.00024263086,0
2932,0.0,-0.009171911,-0.004049724,-0.0013760871,0.0002976792,0.0,-0.12141522,-0.05872774,-0.0031535642,0.0,0.0,-0.0023403335,0.0,-0.00012937235,0.0003051672,0.0023705417,0.001956089,0.028689958,-0.004888002,-7.3221984,-1.0903825,-0.0034813557,0.025880968,0.0029186949,0.01351332,-0.21227975,0.0,0.024967143,0.000294285,0.00015979716,0
1032,0.0,-0.0013241512,-0.00015809629,-0.00046331246,0.00015108708,0.0,0.01913089,-0.034310393,-0.001677522,0.0,0.0,0.0014633569,0.0,5.1797448e-05,0.0006054541,0.0047686608,0.0035715234,0.004113375,-0.0063434225,7.327141,1.1054263,-0.0012589123,0.06008252,0.006014582,0.026355023,0.055197317,0.0,0.020309756,0.00010529556,0.9998122,1
5379,0.0,-0.0013241512,-0.00015809629,-0.00046331246,0.00015108708,0.0,0.019616539,-0.07009863,-0.0017000374,0.0,0.0,0.0013982162,0.0,5.1797448e-05,0.0006054541,0.0050775013,-0.011927653,0.0040878127,-0.0062363273,-7.3221984,-1.2236978,-0.0013005907,0.05991491,0.003848785,0.02638173,0.0542631,0.0,0.020325555,0.00010529556,0.00021335878,0
3824,0.0,-0.00040954034,-0.00118233,-0.0002575744,0.00065805775,0.0,0.019102119,-0.1722841,-0.0018558584,0.0,0.0,-0.0037178374,0.0,-2.8564878e-05,0.0004687383,0.009771294,0.0017995549,-0.009809114,-0.016986167,-7.3221984,-0.009688828,-0.022209575,-0.08023278,0.005858258,0.015298556,-0.49341944,0.0,-0.044393104,7.429773e-05,0.00029310558,0
598,0.0,-0.0014219625,-0.00015809629,-0.00041672445,0.00015108708,0.0,0.02173053,0.17897306,-0.0013603091,0.0,0.0,0.0055616572,0.0,5.1797448e-05,-0.0013552799,-0.005169629,0.005451671,0.016497206,0.0128716305,7.327141,0.3434336,-0.0017645562,0.072988406,0.01951053,0.05951391,0.09697009,0.0,0.044556603,0.00027148917,0.9997212,1
985,0.0,-0.0014219625,-3.9255545e-05,-5.00484e-07,0.00015108708,0.0,0.02134339,0.16216488,-0.0017191791,0.0,0.0,0.0055616572,0.0,5.1797448e-05,-0.0013552799,-0.005169629,0.004813495,0.017901022,0.0077313734,7.327141,0.3397223,-0.0017645562,0.09110861,0.02823826,0.05868576,0.09605534,0.0,0.044556603,0.00027148917,0.9997212,1
1812,0.0,-0.0024799611,0.00020267903,0.0003089989,-0.00023700944,0.0,0.01656322,-0.09145283,-0.0012252855,0.0,0.0,-0.002847748,0.0,-2.8666589e-05,0.0023621889,0.0048886323,-0.004857741,0.014246718,-0.0073957318,7.327141,1.166108,-0.0009482835,0.05762856,0.0037166334,0.027679902,0.043135107,0.0,0.018958258,0.00010529556,0.99980897,1
1983,0.0,0.009532,-5.236405e-06,0.004745823,-0.00015601149,0.0,-0.08215381,0.02265551,-0.0044219564,0.0,0.0,0.0014633569,0.0,-5.0525516e-05,0.00033801052,0.0028574448,0.0025206394,-0.0042534485,0.0042796023,-7.3221984,-1.2391344,-0.0013131135,-0.085742906,0.0066514565,0.028691752,0.042515058,0.0,0.022044752,0.0006000288,0.00018414942,0
4212,0.0,0.002117741,-0.00016036953,-0.00038804274,0.00015108708,0.0,0.021282122,-0.08179539,0.004221132,0.0,0.0,0.00080086174,0.0,1.9343477e-05,0.0027740155,0.040768653,0.0014639748,-0.0038010713,-0.013517547,-7.3221984,-1.1026787,-0.00107163,-0.055831946,0.0034592412,-0.07674179,0.042516615,0.0,-0.01689241,7.3399715e-05,0.0001907275,0
5463,0.0,0.0006115962,-0.00014658325,-0.00046331246,0.00015108708,0.0,0.03191948,-0.14812678,-0.0014625206,0.0,0.0,0.0053891977,0.0,2.9388248e-05,0.0006054541,0.0058172722,-0.016476713,0.019983254,-0.022341598,-7.3221984,0.24671152,0.0022395374,0.08995418,0.008240727,0.039046917,0.079873696,0.0,0.048876546,0.00010529556,0.00096665946,0
795,0.0,-0.0008019072,-0.0001529242,-0.00041672445,-0.00023700944,0.0,0.009867682,0.10107907,0.0052197184,0.0,0.0,0.0014633569,0.0,0.00020286001,-0.00096370745,-0.005172291,0.0066117505,-0.010781879,0.008860808,7.327141,1.1177465,-0.0010298565,-0.06886195,0.009598112,0.03933405,0.04949486,0.0,0.02483921,0.00027148917,0.9998167,1
830,0.0,-0.0011261356,-0.00014658325,-0.00046331246,0.00015108708,0.0,0.03191948,-0.11362352,-0.0014625206,0.0,0.0,-0.010093039,0.0,2.9388248e-05,0.0006054541,0.0057322355,0.00525405,0.018651577,-0.0066927145,7.327141,0.23400876,-0.0021019885,0.09879978,0.008276545,0.039020214,0.084774464,0.0,0.04292263,0.00010529556,0.99957055,1
5103,0.0,-0.0009026919,-0.00118233,-0.0002815292,-0.0010322913,0.0,0.012464584,-0.07391773,-0.0010056561,0.0,0.0,0.00076866493,0.0,2.9283974e-05,0.00077128614,-0.004070411,0.0012288322,-0.010237785,-0.0070988806,-7.3221984,-1.0588335,-0.005383739,0.03540927,0.00311739,0.018500868,-0.31608394,0.0,-0.014436816,7.429773e-05,0.000157907,0
5212,0.0,-0.00079777424,-0.0009374899,-0.0002575744,-0.015647734,0.0,0.020012379,-0.0680026,-0.00078291545,0.0,0.0,-0.0017611181,0.0,1.7496563e-05,0.0008375187,0.004149261,0.0012288322,0.050765634,0.009130221,-7.3221984,-1.0811259,-0.003155914,0.03490247,0.003064663,0.014355783,-0.26973784,0.0,-0.012406594,7.429773e-05,0.00017556635,0
879,0.0,0.008991098,-5.236405e-06,0.0011415324,-0.00015601149,0.0,-0.109460816,0.21426208,-0.0026124427,0.0,0.0,0.0055616572,0.0,5.1797448e-05,-0.0010683672,0.0034438288,-0.014793105,-0.010879549,0.02167595,7.327141,0.22639932,-0.0021221538,-0.08354123,0.011399522,0.05648743,0.07918937,0.0,0.057770908,0.0038704774,0.99958366,1
662,0.0,-0.0014087947,-0.00014784047,-0.00042722706,0.00015108708,0.0,0.022028465,0.028001966,-0.00093503913,0.0,0.0,0.0010239165,0.0,6.8798495e-06,0.0006054541,0.005882155,-0.011927653,0.0076984903,-0.0020723445,7.327141,1.1278255,-0.0010464784,0.06882955,0.005688792,0.033533785,0.057228595,0.0,-0.013053529,-0.00013829004,0.9998241,1
1404,0.0,-0.0016199781,-0.00015809629,0.0011234311,0.00015108708,0.0,0.016681965,0.080163755,-0.0016468267,0.0,0.0,0.0014633569,0.0,5.1797448e-05,-0.0013552799,-0.0041100937,0.0031309682,0.0050598364,0.0036716338,7.327141,1.073059,-0.0009858627,0.06364912,0.010537393,0.039137058,0.06150131,0.0,0.02162935,0.00027148917,0.9998317,1
6480,0.0,-0.0008812244,-0.00016073283,0.017002126,-0.00023700944,0.0,0.029977387,-0.016956491,-0.0014647827,0.0,0.0,0.0017337969,0.0,9.184287e-06,-0.0023168023,-0.028080348,-0.0059621637,-0.09455099,-0.00950359,-7.3221984,0.07015677,-0.0026286182,-0.09379132,-0.11056942,-0.15542914,0.056407653,0.0,-0.049172007,7.3399715e-05,0.00044031505,0
2609,0.0,-0.004237214,-0.0007061977,-0.0013725678,-0.00046696758,0.0,-0.06181873,0.027988767,-0.0018435442,0.0,0.0,0.0007591176,0.0,2.9283974e-05,-0.00060719904,-0.00264369,-0.0031545453,-0.021048538,0.0007843289,-7.3221984,-1.0449308,-0.005832434,-0.036339145,-0.03703665,0.0151217505,-0.2284105,0.0,-0.014477523,0.000294285,0.0001582475,0
4868,0.0,-0.0012444912,-0.00015809629,0.00018265776,0.00015108708,0.0,0.0179001,-0.10317044,-0.0017000374,0.0,0.0,0.0013982162,0.0,5.1797448e-05,-0.005993004,-0.0052591464,0.0016957566,0.0011184802,-0.009420366,-7.3221984,-1.2042142,-0.0010701914,0.05582584,0.0038870526,0.0386584,0.052686837,0.0,0.023651736,0.00010529556,0.00021042732,0
3175,0.0,-0.0012084892,-4.1892097e-05,-0.0004520395,-0.00023700944,0.0,0.01317024,-0.052654263,-0.0013418437,0.0,0.0,0.000719663,0.0,9.184287e-06,-0.0023168023,-0.031775184,0.0017747739,-0.037632458,0.0025181712,-7.3221984,-1.0865687,-0.0018798269,-0.06719945,-0.021129195,-0.12780128,0.031324867,0.0,-0.018090945,-9.63996e-05,0.00016128892,0
4830,0.0,-0.0024622325,-0.00016073283,-0.00047769997,-0.00023700944,0.0,0.014078733,0.025598492,-0.0036098477,0.0,0.0,0.0007913144,0.0,9.184287e-06,-0.00096370745,-0.005838116,-0.0042615733,-0.02906867,-0.0073992354,-7.3221984,-1.1410317,0.0018080565,-0.105118304,-0.056237012,0.031265277,0.04417356,0.0,-0.014035249,-0.00013829004,0.00018693595,0
2935,0.0,-0.0009352442,-0.00015809629,-0.0005896536,0.00015108708,0.0,0.01461928,-0.058091566,-0.004374239,0.0,0.0,0.0013170175,0.0,5.1797448e-05,-0.00096370745,-0.005172291,-0.005234641,-0.033403452,0.000709394,-7.3221984,-1.1529282,-0.0011010068,-0.09225366,-0.027703717,0.027259473,0.041109815,0.0,0.024360007,0.00010529556,0.00018325105,0
6814,0.0,0.003368851,-0.00025048817,0.0013489377,0.0002976792,0.0,-0.05946171,-0.07396445,-0.010460374,0.0,0.0,-0.0023403335,0.0,-0.00034205965,0.00041826992,0.0030789296,0.0013515862,-0.002216332,-0.007866276,-7.3221984,-1.0533965,-0.0044803107,-0.0417615,0.0026974182,0.013895617,-0.22767326,0.0,0.039208457,0.000294285,0.000158516,0
1450,0.0,-0.008202897,-7.872957e-06,0.0011478094,-0.00015601149,0.0,-0.07940869,0.083144836,-0.003806425,0.0,0.0,0.0010239165,0.0,9.184287e-06,-0.0008189188,-0.0034635551,-0.0057812487,0.0047326935,0.0041402867,7.327141,1.1610565,-0.00087111286,-0.026404638,0.0087838285,0.035537634,0.0486973,0.0,-0.013968582,-0.0050832955,0.99980026,1
6823,0.0,0.0010481348,-0.00053401245,0.00017050037,-0.0010322913,0.0,0.01026236,-0.033700317,-0.0017001778,0.0,0.0,0.0006874662,0.0,2.9283974e-05,-0.00068783644,-0.0035137408,0.0014936293,-0.040606882,0.0022927565,-7.3221984,-1.0288332,-0.008738743,-0.052599166,-0.022535566,0.01563711,-0.24907702,0.0,-0.015051473,7.429773e-05,0.0001571492,0
4625,0.0,-0.0022923423,-0.00016073283,0.0006581527,-0.00023700944,0.0,0.01291641,0.037467424,-0.0012886331,0.0,0.0,0.0007913144,0.0,9.184287e-06,-0.0023168023,-0.03443934,0.0015285444,-0.030914601,-0.008089421,-7.3221984,-1.1174814,-0.0006644827,-0.057895835,-0.05438842,-0.12426396,0.03339265,0.0,-0.019350538,7.3399715e-05,0.00016685996,0
6137,0.0,-0.0016451621,-0.00016073283,-0.00047769997,0.00015108708,0.0,0.018430747,-0.03276237,-0.00095990894,0.0,0.0,-0.002729918,0.0,-8.958757e-06,-0.0013552798,-0.0056146625,0.0035715234,0.0041069165,-0.006243105,-7.3221984,-1.2292297,-0.0010277466,0.062466733,0.0056554424,0.04112595,0.057067145,0.0,-0.012546356,0.00010529556,0.00021745007,0
6039,0.0,0.0019730034,-0.00014784047,-0.00038804274,0.00015108708,0.0,0.041564025,-0.12251329,-0.0008400731,0.0,0.0,-0.004044593,0.0,6.8798495e-06,0.002527796,0.040226907,0.005115292,0.031573497,-0.026235932,-7.3221984,0.12756373,-0.0021937,0.08169634,0.0064545125,-0.1753897,0.0717313,0.0,-0.03263084,7.3399715e-05,0.00068530487,0
3985,0.0,-0.0013315498,-0.00014784047,-0.00042722706,0.00015108708,0.0,0.020107238,-0.09987532,-0.0009575545,0.0,0.0,0.00080086174,0.0,6.8798495e-06,0.0023621889,0.0065967855,0.0016957566,0.008486362,-0.008025676,-7.3221984,-1.1778685,-0.0009125739,0.05997128,0.0038419412,0.026292617,0.052525252,0.0,-0.012858158,0.00010529556,0.00021370429,0
4685,0.0,-0.0006767096,-4.1892097e-05,0.00032165792,0.00015108708,0.0,0.010383928,0.064088166,-0.0036098477,0.0,0.0,0.0010239165,0.0,9.184287e-06,-0.001508811,0.00579806,0.0025206394,0.0040694033,0.0035804694,-7.3221984,-1.224313,-0.001047822,-0.09504336,0.009469439,0.02369351,0.052880276,0.0,-0.013766783,-0.00035656057,0.00020472932,0
4061,0.0,-0.0008771088,-0.004077092,0.00045464636,0.00065805775,0.0,0.028063443,-0.074898265,-0.002603285,0.0,0.0,-0.0023403335,0.0,-0.00012937235,0.0008375187,0.0033655716,-0.0033986517,0.062574476,0.0028399355,-7.3221984,-1.1145173,0.011730138,0.032795746,0.0030587262,0.013423574,-0.23884068,0.0,0.025262764,7.429773e-05,0.00018633339,0
2405,0.0,-0.0006350356,-0.0009960865,-0.0002815292,0.00065805775,0.0,0.011216911,-0.06263032,-0.0017001778,0.0,0.0,0.0006874662,0.0,2.9283974e-05,-0.0011662955,-0.0042713173,-0.002553733,-0.02882703,-0.010681447,-7.3221984,-1.0064104,-0.005462384,-0.04922175,-0.019638289,0.015646724,-0.25093517,0.0,-0.01608945,-9.7579e-05,0.0001561398,0
5321,0.0,-0.008225065,-0.00012407714,-0.004738998,9.9453115e-05,0.0,-0.09733582,-0.045679037,-0.004760473,0.0,0.0,0.0012307549,0.0,5.1797448e-05,-0.0008189188,-0.0027977298,0.0022947036,-0.037179783,0.00090877805,-7.3221984,-1.1396137,-0.0007870103,-0.048187632,-0.0338566,0.024152417,0.034971487,0.0,0.023592757,0.0006000288,0.00017206861,0
762,0.0,-0.0016949426,-0.00016073283,-0.0003047709,-0.00023700944,0.0,0.02168305,0.18945312,-0.00064912846,0.0,0.0,0.003068859,0.0,9.184287e-06,-0.0013552799,-0.0058354544,-0.015417576,0.014853943,0.01337719,7.327141,0.31748208,-0.001827664,0.086187854,0.017931912,0.063445985,0.10034283,0.0,-0.03256762,0.00027148917,0.9996923,1
1217,0.0,-0.007948699,-0.00012635038,-0.0045972364,-0.00015601149,0.0,-0.13791,-0.14935023,0.037676845,0.0,0.0,0.001763003,0.0,-1.8868479e-05,0.00033801052,0.00961745,-0.010765928,-0.0014175032,-0.017448915,7.327141,0.16910249,-0.0027027475,-0.09159261,0.007282762,0.043729443,0.0686006,0.0,-0.045836825,0.0006000288,0.9992442,1
124,0.0,-0.0014219625,-3.9255545e-05,-5.00484e-07,-0.00023700944,0.0,0.02145213,0.17205612,-0.0013603091,0.0,0.0,0.0055616572,0.0,5.1797448e-05,-0.0013552799,-0.005169629,0.005451671,0.017901022,0.00794916,7.327141,0.3397223,-0.0017645562,0.078541964,0.02823826,0.059539676,0.09694134,0.0,0.044556603,0.00027148917,0.9997212,1
2844,0.0,-0.00062086206,-0.00016073283,0.017002126,0.00015108708,0.0,0.017371848,-0.08236085,-0.0013354113,0.0,0.0,-0.0018601599,0.0,-8.958757e-06,-0.0033583867,-0.030456044,0.0014639748,-0.0065859826,-0.012483541,-7.3221984,-1.0961369,-0.0010528984,-0.054465786,0.0032403383,-0.11322093,0.03486189,0.0,-0.019033434,7.3399715e-05,0.00016988486,0
4581,0.0,-0.00103465,0.00020267903,0.0003089989,0.00015108708,0.0,0.019521082,-0.0961779,-0.001258326,0.0,0.0,-0.002847748,0.0,2.9388248e-05,0.0023621889,0.0050775013,0.0016957566,0.014682843,-0.008695956,-7.3221984,-1.2037772,-0.0011786828,0.058224265,0.00391375,0.026506986,0.04304259,0.0,0.019685274,0.00010529556,0.00021370429,0
6025,0.0,-0.0008019072,-0.00015809629,-0.00041672445,-0.00023700944,0.0,0.0101027135,0.10936945,-0.0018604465,0.0,0.0,-0.0035694623,0.0,5.1797448e-05,-0.00096370745,-0.005172291,0.006896274,0.0038249942,0.008436288,-7.3221984,-1.2555925,-0.0010111247,-0.07018349,0.007957842,0.038550407,0.054874282,0.0,0.021910567,0.00027148917,0.00022281136,0
6857,0.0,-0.00016195988,-3.408346e-05,-5.00484e-07,0.00015108708,0.0,0.008515648,0.10124662,0.005016952,0.0,0.0,0.0014633569,0.0,-0.0001978786,-0.00096370745,-0.0046687606,0.0066117505,-0.010922256,0.0045307027,-7.3221984,-1.2401317,-0.0010653879,-0.07134754,0.009598112,0.039990935,0.05004616,0.0,0.024330422,0.00027148917,0.00022281136,0
4925,0.0,-0.0006350356,-0.0009960865,-0.0002815292,0.00065805775,0.0,0.011156819,-0.060950063,-0.0017001778,0.0,0.0,0.0006874662,0.0,2.9283974e-05,-0.0011662955,-0.0042713173,-0.002553733,-0.029665759,-0.010095671,-7.3221984,-1.0064104,-0.005462384,-0.04928944,-0.019638289,0.015655123,-0.25241494,0.0,-0.01608945,7.429773e-05,0.0001561398,0
4700,0.0,-0.00087687164,-4.1892097e-05,0.0001114531,-0.00023700944,0.0,0.015146481,0.19793446,-0.0012216184,0.0,0.0,-0.008761319,0.0,9.184287e-06,-0.00096370745,-0.0062759076,-0.014793105,-0.0029728068,0.0055786944,-7.3221984,0.24951643,-0.0023239425,-0.1233549,0.025112769,0.05192326,0.0871108,0.0,-0.038741857,-0.00035656057,0.0010070595,0
6396,0.0,-0.0007840927,-0.00016036953,-0.0008217478,-0.00023700944,0.0,0.012414543,0.08306012,0.0022689267,0.0,0.0,0.0010239165,0.0,1.9343477e-05,-0.0023168023,-0.03478442,-0.0055375984,-0.015762731,0.009200474,-7.3221984,-1.1850692,-0.001047822,-0.04639079,0.00717072,-0.16071637,0.03813699,0.0,-0.01725133,-0.00019121855,0.00017526797,0
4739,0.0,-0.00755476,0.00012280385,0.0013489377,-0.00078103406,0.0,-0.15085518,-0.16869527,-0.0064644194,0.0,0.0,-0.0062674247,0.0,-0.00012937235,0.00078705035,0.0031840666,0.0016768009,0.04558904,-0.020187698,-7.3221984,0.015864633,-0.011732074,0.036227863,0.0054621813,0.018977897,-0.39825043,0.0,0.07782547,0.000294285,0.0003725409,0
6145,0.0,-0.0014585751,-0.00016073283,-0.00025429795,-0.00023700944,0.0,0.023528358,0.14946678,-0.0010079985,0.0,0.0,-0.008761319,0.0,9.184287e-06,-0.0019003835,0.005761422,0.004813495,0.019492116,0.008226589,-7.3221984,0.3401735,-0.002123447,0.109947965,0.026865136,0.04930102,0.09840602,0.0,-0.028185792,-0.00035656057,0.0014428522,0
619,0.0,-0.0017311479,-0.00016073283,-0.0003047709,-0.00023700944,0.0,0.017044805,0.09415958,-0.0005767761,0.0,0.0,0.0010239165,0.0,9.184287e-06,0.00045802974,-0.00596598,0.003769144,0.0037556335,0.0045127636,7.327141,1.0929366,-0.0010038281,0.05354983,0.008919492,0.048388064,0.06487365,0.0,-0.012285538,0.00027148917,0.9998317,1
3502,0.0,-0.0013241512,-3.9255545e-05,0.0003089989,0.00015108708,0.0,0.0181146,-0.036645975,-0.001677522,0.0,0.0,0.0014633569,0.0,5.1797448e-05,0.0006054541,0.0047686608,-0.011927653,0.0038396884,-0.006407908,-7.3221984,-1.2553562,-0.0010285128,0.05740274,0.0058174646,0.026363619,0.0540257,0.0,0.020309756,0.00010529556,0.00021335878,0
623,0.0,-0.0012121213,-0.00015809629,0.00012584063,0.00015108708,0.0,0.022199752,0.17602113,-0.0013603091,0.0,0.0,0.0055616572,0.0,5.1797448e-05,0.0006054541,0.0049891383,0.005451671,0.01874788,0.008528609,7.327141,0.34253928,-0.0017645562,0.078254886,0.01951053,0.04756705,0.09759743,0.0,0.04320713,0.00027148917,0.9997212,1
2254,0.0,-0.0010464139,-4.1892097e-05,0.0005664311,0.00015108708,0.0,0.013813329,-0.0010643662,-0.0036405432,0.0,0.0,0.0007913144,0.0,9.184287e-06,-0.00096370745,-0.0057812543,-0.005234641,-0.037613068,0.0009981028,-7.3221984,-1.1307704,-0.0009816849,-0.113268726,-0.036010005,0.031175947,0.044303823,0.0,-0.014676008,0.00010529556,0.00018584315,0
4459,0.0,-0.00016195988,-0.0001529242,0.00018265776,0.00015108708,0.0,0.0118339555,0.04222286,0.011884629,0.0,0.0,0.0014633569,0.0,0.00020286001,-0.00096370745,-0.0046687606,0.002236116,-0.019514337,0.0017704831,-7.3221984,-1.2324172,-0.0010653879,-0.10073334,0.009598112,0.03181314,0.042330988,0.0,0.02544395,0.00010529556,0.00020146754,0
5564,0.0,0.0017160926,-4.1892097e-05,0.00029461138,-0.00023700944,0.0,0.012732405,-0.0045979493,-0.0036405432,0.0,0.0,0.0007913144,0.0,9.184287e-06,-0.00096370745,-0.0053345854,-0.005234641,-0.037613068,0.0017581258,-7.3221984,-1.1307064,-0.0010172162,-0.11439576,-0.03477717,0.03196332,0.044660132,0.0,-0.014405141,-0.00013829004,0.00018584315,0
2381,0.0,-0.0008019072,-0.00015809629,-0.00041672445,-0.00023700944,0.0,0.0101027135,0.109734304,-0.0017647976,0.0,0.0,0.0014633569,0.0,-5.0525516e-05,-0.00096370745,-0.005172291,0.006896274,0.0038137662,0.008436288,-7.3221984,-1.2618643,-0.0010298565,-0.07018349,0.008108884,0.038550407,0.05505265,0.0,0.022491941,0.00027148917,0.00022281136,0
4675,0.0,-0.0009174297,-4.1892097e-05,0.0006581527,0.00015108708,0.0,0.013578744,-0.0007349099,-0.0013193283,0.0,0.0,0.0007913144,0.0,9.184287e-06,-0.0023168023,-0.03443934,0.0017747739,-0.03942356,0.0003249871,-7.3221984,-1.1056161,-0.0009816849,-0.0633313,-0.033597387,-0.119106576,0.03183772,0.0,-0.02018277,7.3399715e-05,0.00016588466,0
5546,0.0,0.0014653547,-4.1892097e-05,0.00029461138,-0.00023700944,0.0,0.014493491,0.033944808,-0.00095990894,0.0,0.0,0.0010239165,0.0,-8.958757e-06,-0.0013552798,-0.005201931,0.0035715234,0.00396189,0.0046647126,-7.3221984,-1.2411444,-0.0010820098,0.07213541,0.0055708215,0.048203237,0.06231749,0.0,-0.012822673,0.00010529556,0.00023815673,0
607,0.0,-0.0013241512,-0.0003413852,0.0003089989,0.00015108708,0.0,0.021177988,0.03128387,-0.0012358106,0.0,0.0,-0.0035694623,0.0,2.9388248e-05,0.0006054541,0.0047686608,0.0035715234,0.013995325,-0.0014832515,7.327141,1.1022345,-0.0011370044,0.06906174,0.00586354,0.032315377,0.051555596,0.0,0.018408468,0.00010529556,0.9998274,1
1316,0.0,0.00037781807,-4.1892097e-05,0.00029461138,-0.00023700944,0.0,0.02118941,0.018154742,-0.0037859974,0.0,0.0,0.003068859,0.0,9.184287e-06,-0.00096370745,-0.005772377,0.0043150047,0.0028095748,0.004725244,7.327141,0.2219728,-0.0021456177,-0.13708214,0.019034602,0.042344812,0.077534564,0.0,-0.05040743,-0.00013829004,0.9994654,1
4578,0.0,-0.0006019542,-0.00013294625,0.0001232102,0.009975003,0.0,0.02667835,-0.07065928,-0.002924768,0.0,0.0,-0.0023403335,0.0,0.00013262917,0.00077128614,-0.003526554,0.0012288322,0.010031725,0.025920138,-7.3221984,-1.0980216,-0.0038993605,0.033427,0.0031097743,0.016707227,-0.26315582,0.0,0.02913428,7.429773e-05,0.00018057332,0
569,0.0,-0.0013241512,-3.9255545e-05,0.0007433873,-0.00023700944,0.0,0.018482262,-0.06617156,-0.0017000374,0.0,0.0,0.0013982162,0.0,5.1797448e-05,-0.0019003834,0.0043965513,0.0035715234,0.004202285,-0.006083026,7.327141,1.1370846,-0.0010701914,0.062380254,0.0038870526,0.02801274,0.055475827,0.0,0.020544985,0.00010529556,0.9998122,1
5914,0.0,-0.004360687,-7.872957e-06,0.0010707123,9.9453115e-05,0.0,-0.08386941,-0.051197972,-0.0018921229,0.0,0.0,0.000719663,0.0,9.184287e-06,-0.0014381174,-0.011963488,0.0017747739,-0.038145166,0.00068349345,-7.3221984,-1.0472802,-0.00094226317,-0.05396432,-0.02081525,-0.11795987,0.027123958,0.0,-0.018428577,-0.00037866138,0.00015805553,0
5425,0.0,-0.0010918463,-0.00016073283,-0.0003047709,-0.00023700944,0.0,0.010823012,0.103652544,-0.001149266,0.0,0.0,0.0007913144,0.0,9.184287e-06,-0.00096370745,-0.005838116,-0.008724368,-0.03707324,0.022042872,-7.3221984,-1.1864467,0.0014670643,-0.08251813,-0.029517153,0.037427068,0.052591477,0.0,-0.013421044,-0.00035656057,0.00020957054,0
2770,0.0,-0.00790766,-0.0001267137,-0.0045972364,-0.00015601149,0.0,-0.10529649,-0.110604994,-0.004213338,0.0,0.0,0.00080086174,0.0,9.184287e-06,0.0007325548,0.00466685,0.0019839045,3.0500989e-05,-0.011642646,-7.3221984,-1.1008693,-0.0009913599,-0.042116527,0.0033653579,0.025066135,0.039861318,0.0,-0.015586285,0.0006000288,0.0001736605,0
4973,0.0,-0.009833868,-0.00036525956,-0.0013559901,-0.00078103406,0.0,-0.09690272,-0.07214801,-0.001315815,0.0,0.0,-0.0017611181,0.0,-1.7066921e-05,0.00078705035,0.0029691502,0.0012288322,0.025538072,-0.024844615,-7.3221984,-1.0607928,0.0056393263,0.026360687,0.002873584,0.013977748,-0.21682215,0.0,-0.012280525,0.000294285,0.00015831013,0
5605,0.0,0.009142011,-7.872957e-06,0.0047819084,-0.00015601149,0.0,-0.1391373,-0.16506678,-0.00751776,0.0,0.0,0.001763003,0.0,-8.958757e-06,-0.0010683672,0.009244057,-0.010765928,0.0011004712,-0.017361067,-7.3221984,0.15653822,-0.0027775555,-0.13497464,0.00698733,0.046507213,0.06803842,0.0,-0.045342237,0.0006000288,0.00052545633,0
5052,0.0,-0.0056993943,-0.0001267137,-0.0008465598,-0.00015601149,0.0,-0.1265923,0.13223928,-0.0014584516,0.0,0.0,0.0017337969,0.0,9.184287e-06,-0.0014381174,-0.009587794,0.0030290433,-0.08361428,0.013162496,-7.3221984,0.06529003,-0.0035778075,-0.06247639,-0.1289932,-0.24427427,0.051487178,0.0,-0.04387247,0.0009938761,0.0004195101,0
3707,0.0,-0.008331651,-0.00012407714,-0.0016200942,-0.00015601149,0.0,-0.2612075,-0.12669152,-0.005143847,0.0,0.0,0.0053891977,0.0,-5.0525516e-05,-0.0033435277,-0.0036502108,0.005115292,0.018037736,-0.0075434577,-7.3221984,0.13802582,-0.0017648042,0.05904477,0.0060993475,-0.1826245,0.05411321,0.0,0.058425143,0.00028831692,0.0005057573,0
2536,0.0,-0.0013725894,-0.00014784047,-0.00042722706,0.00015108708,0.0,0.03184897,-0.11709792,-0.0011617492,0.0,0.0,-0.004044593,0.0,6.8798495e-06,-0.0019003834,0.006699815,0.00525405,0.020363543,-0.0070494553,-7.3221984,0.23424006,-0.0019346968,0.111936115,0.008051752,0.043491613,0.0898362,0.0,-0.028101755,0.00010529556,0.0009649314,0
143,0.0,-0.0010102086,-4.1892097e-05,0.00029461138,-0.00023700944,0.0,0.021140914,0.0032533822,-0.0037859974,0.0,0.0,0.0017337969,0.0,9.184287e-06,-0.00096370745,-0.0062759076,-0.00649245,-0.08630971,-0.009406241,7.327141,0.1319376,-0.0019032949,-0.1612718,-0.12831005,0.041702267,0.071444154,0.0,-0.044381514,-0.00013829004,0.9992072,1
2382,0.0,-0.0006306726,-0.00016073283,-0.00089687004,0.00015108708,0.0,0.028718062,-0.14447054,-0.0015460384,0.0,0.0,0.0015146076,0.0,9.184287e-06,-0.0033583867,-0.04051676,0.0014888974,-0.08099303,-0.0117489435,-7.3221984,0.062227216,-0.0027706695,-0.10932201,-0.042484872,-0.17282206,0.053959973,0.0,-0.05714442,7.3399715e-05,0.00038883803,0
6668,0.0,-0.0006981069,-0.00016036953,-0.00089687004,-0.00023700944,0.0,0.013641455,0.0034872522,0.0040383646,0.0,0.0,-0.002729918,0.0,-1.8868479e-05,-0.0023168023,-0.03478442,-0.00568658,0.0022472204,0.006724149,-7.3221984,-1.1645429,-0.0010717404,-0.050087456,0.0052300217,-0.12738772,0.034628183,0.0,-0.018299123,-9.63996e-05,0.00017158496,0
4429,0.0,0.003977723,-0.0002781783,0.001352457,0.0002976792,0.0,-0.05479545,-0.06699665,-0.0022504567,0.0,0.0,0.0006874662,0.0,2.9283974e-05,-0.001085658,-0.0030525045,0.0011986545,-0.020703068,-0.008139734,-7.3221984,-0.9915789,-0.004788665,-0.043253873,-0.018632237,0.016300492,-0.23332761,0.0,-0.015696993,0.000294285,0.00015503795,0
1513,0.0,-0.0013725894,-0.00034264242,-0.00042722706,0.00015108708,0.0,0.032392215,-0.115457125,-0.0011583515,0.0,0.0,-0.004044593,0.0,-6.7109086e-06,0.0006054541,0.0070410254,0.00525405,0.039210897,-0.022078207,7.327141,0.20807052,-0.0018817318,0.10768425,0.008131177,0.041646123,0.07532185,0.0,-0.025988853,0.00010529556,0.999534,1
4012,0.0,-0.0014219625,-0.00015809629,-0.00041672445,-0.00023700944,0.0,0.02191562,0.14368387,-0.0017191791,0.0,0.0,0.0055616572,0.0,5.1797448e-05,-0.0013552799,-0.005169629,0.004813495,0.017476335,0.00793422,-7.3221984,0.36488146,-0.0017645562,0.097993724,0.02823826,0.057057064,0.09530766,0.0,0.044556603,0.00027148917,0.0015721546,0
4323,0.0,0.024763873,-4.1892097e-05,-0.0004520395,0.00015108708,0.0,0.013617397,-0.07881297,-0.0013354113,0.0,0.0,-0.0018601599,0.0,-8.958757e-06,0.0010701965,-0.024901964,-0.003484211,-0.0007804057,-0.012395695,-7.3221984,-1.101236,-0.0010884296,-0.057493046,0.0029934214,-0.10708141,0.036005687,0.0,-0.014870144,7.3399715e-05,0.00017363003,0
1633,0.0,-0.0013725894,-0.00014784047,-0.00042722706,-0.00023700944,0.0,0.025668716,0.1314274,-0.0009766961,0.0,0.0,0.003068859,0.0,6.8798495e-06,0.0006054541,0.0061026327,0.00525405,0.027042087,0.008246779,7.327141,0.28769907,-0.0018703141,0.110138796,0.023505224,0.047344252,0.09465841,0.0,-0.033555802,0.00010529556,0.9996811,1
6324,0.0,-0.0008270911,-0.00016073283,-0.00047769997,0.00015108708,0.0,0.014599717,-0.035594825,-0.0036341106,0.0,0.0,0.0010239165,0.0,-8.958757e-06,0.0003097051,-0.0061894334,0.0026324778,0.0005454054,0.007179478,-7.3221984,-1.1948004,-0.0010904722,-0.09026986,0.0054895133,0.030259417,0.04657866,0.0,-0.015255518,0.00010529556,0.00018954836,0
2858,0.0,0.002117741,-0.00016073283,0.003477159,0.00015108708,0.0,0.022678565,-0.07939478,-0.0013418437,0.0,0.0,0.00080086174,0.0,9.184287e-06,0.0027740155,0.03387673,0.0014639748,-0.00021437003,-0.015638568,-7.3221984,-1.1072062,-0.00107163,-0.05708703,0.0033245324,-0.06769008,0.04252678,0.0,-0.016699389,7.3399715e-05,0.0001907275,0
4828,0.0,-0.003653588,-0.00012407714,-0.0030278596,-0.00015601149,0.0,-0.08616824,0.047215987,-0.0021963909,0.0,0.0,-0.0035694623,0.0,5.1797448e-05,0.00043801017,-0.0040608286,-0.0052509625,-0.010079513,0.003828985,-7.3221984,-1.1970171,-0.0012588504,-0.043963235,0.007738594,-0.09986221,0.03065036,0.0,0.033957645,0.00028831692,0.00017206582,0
3845,0.0,-0.0024213265,-0.00016073283,-0.0003047709,-0.00023700944,0.0,0.0096749365,0.044193298,-0.0036098477,0.0,0.0,0.0007913144,0.0,9.184287e-06,-0.00096370745,-0.005838116,-0.0042615733,-0.03707324,-0.00536616,-7.3221984,-1.1505721,-0.0006644827,-0.10083477,-0.056237012,0.03274444,0.046578497,0.0,-0.013421044,-0.00035656057,0.00018786978,0
2840,0.0,-0.0024213265,-0.00016073283,0.0017614046,0.00015108708,0.0,0.014373794,0.023840489,-0.0036098477,0.0,0.0,0.0007913144,0.0,9.184287e-06,-0.00096370745,-0.0052294796,0.002048474,-0.029550465,-0.002975854,-7.3221984,-1.144496,-0.0028329066,-0.105703324,-0.058488637,0.028224677,0.04547638,0.0,-0.013421044,-0.00013829004,0.00018693595,0
2093,0.0,-0.0038888624,0.0025385628,0.000560229,0.00015108708,0.0,0.017609358,0.08018925,-0.0015511778,0.0,0.0,0.0014633569,0.0,-5.0525516e-05,-0.0019003835,0.0036033108,0.0031309682,0.0042565684,0.0038696104,-7.3221984,-1.2906107,-0.0012558411,0.063498065,0.010817267,0.037305087,0.05841792,0.0,0.019090086,0.00027148917,0.00024263086,0
6295,0.0,-0.0016199781,-0.00015809629,-0.00041672445,-0.00023700944,0.0,0.017021626,0.0905148,-0.0012879567,0.0,0.0,0.0014633569,0.0,5.1797448e-05,-0.0013552799,-0.0050396365,0.003769144,0.0025309103,0.0038894205,-7.3221984,-1.2906038,-0.0009858627,0.05108247,0.010537393,0.04594108,0.06210792,0.0,0.020037657,0.00027148917,0.00024263086,0
3036,0.0,-0.00040954034,0.034437954,-0.0002575744,-0.0010322913,0.0,0.012252504,-0.17731899,0.006262187,0.0,0.0,-0.0037178374,0.0,0.00010590417,0.0004687383,0.009771294,0.0017995549,-0.030463416,-0.013982462,-7.3221984,-0.020585444,-0.019891025,-0.07827336,0.005821346,0.015717506,-0.47564808,0.0,-0.047945127,7.429773e-05,0.00029921328,0
4792,0.0,-0.0030020701,-0.0001267137,-0.0014011011,9.9453115e-05,0.0,-0.13015355,-0.06688739,-0.0018856903,0.0,0.0,0.00080086174,0.0,-8.958757e-06,-0.0029519554,0.012091415,-0.00568658,-0.001620006,-0.011109753,-7.3221984,-1.0718585,-0.0010510504,-0.04584225,0.0030592652,-0.102051996,0.030114558,0.0,-0.016132532,0.00028831692,0.00015898207,0
4936,0.0,0.0020767013,-0.00016073283,-0.00038804274,0.00015108708,0.0,0.038612053,-0.112611674,-0.0015396059,0.0,0.0,0.001763003,0.0,-8.958757e-06,0.0023794712,0.045719255,-0.010235641,0.01218207,-0.021437902,-7.3221984,0.16910374,-0.0028794566,-0.11121033,0.0062875855,-0.12072875,0.06817058,0.0,-0.04848405,7.3399715e-05,0.0006021495,0
4740,0.0,-0.00084018486,-4.1892097e-05,-0.0004520395,-0.00023700944,0.0,0.013850064,-0.07113932,-0.0013418437,0.0,0.0,0.000719663,0.0,9.184287e-06,-0.0033583867,-0.037597906,-0.002938446,-0.031825785,0.0006741325,-7.3221984,-1.0729913,-0.0011189723,-0.057475034,-0.021723047,-0.124605894,0.031029705,0.0,-0.019577961,7.3399715e-05,0.00016128892,0
5911,0.0,-0.00755476,0.000112240596,0.0013489377,0.0002976792,0.0,-0.15998417,-0.17117003,-0.0064644194,0.0,0.0,0.0036272758,0.0,-0.00012937235,0.00078705035,0.0031840666,0.0016768009,-0.002412365,-0.0015467253,-7.3221984,0.026284954,-0.015132295,0.036227863,0.005623479,0.018977897,-0.45274475,0.0,0.07617343,0.000294285,0.00034426374,0
6623,0.0,-0.004105159,-0.00012635038,-0.0015807144,9.9453115e-05,0.0,-0.17079383,0.020999454,0.021408651,0.0,0.0,0.003068859,0.0,1.9343477e-05,0.00043801017,-0.010563456,-0.010235641,0.008258322,0.004316528,-7.3221984,0.12098976,-0.0018353729,-0.073087804,0.014243007,-0.19673617,0.049354583,0.0,-0.055718884,0.00028831692,0.0004939737,0
495,0.0,-0.0004473231,-0.00015809629,-5.00484e-07,-0.00023700944,0.0,0.008440402,0.11290928,-0.0018604465,0.0,0.0,0.0012307549,0.0,5.1797448e-05,-0.00096370745,-0.0046687606,0.006424109,-0.02073106,0.021769103,7.327141,1.1484604,0.0014850297,-0.069071956,-0.031096322,0.03914528,0.053602003,0.0,0.022022935,0.00027148917,0.99981683,1
826,0.0,-0.0017311479,-0.00016073283,-0.0003047709,-0.00023700944,0.0,0.01686541,0.082835935,-0.0009356461,0.0,0.0,-0.002729918,0.0,9.184287e-06,-0.0013552799,-0.005705462,0.0031309682,0.0025073236,0.0039885594,7.327141,1.0991364,-0.0009850964,0.06590204,0.010257679,0.048157837,0.06406561,0.0,-0.011577014,0.00027148917,0.9998317,1
3863,0.0,-0.0012444912,-0.00014658325,-0.0005896536,-0.00023700944,0.0,0.019340193,-0.07455523,-0.0012252855,0.0,0.0,-0.002847748,0.0,-2.8666589e-05,0.00045802974,-0.005030724,0.0035715234,0.0075447857,-0.009504793,-7.3221984,-1.2105657,-0.0010514597,0.06203535,0.0038343256,0.03451252,0.052128226,0.0,0.021416442,0.00010529556,0.00021745007,0
6510,0.0,-0.0014219625,-0.00015809629,-0.00041672445,-0.00023700944,0.0,0.02168305,0.1696305,-0.0013603091,0.0,0.0,0.0055616572,0.0,5.1797448e-05,-0.0013552799,-0.005169629,-0.015417576,0.016956199,0.00793422,-7.3221984,0.33659998,-0.0017645562,0.07928566,0.027445704,0.059303448,0.09595609,0.0,0.044556603,0.00027148917,0.0015112587,0
840,0.0,-0.008166692,-0.0001267137,-0.0012240501,-0.00015601149,0.0,-0.1301483,0.23236732,-0.0019012621,0.0,0.0,0.003068859,0.0,9.184287e-06,-0.0008189188,-0.0039013466,-0.014793105,-0.0010186927,0.023266908,7.327141,0.23689571,-0.0022171577,-0.053911768,0.0136985015,0.056446977,0.08307384,0.0,-0.042421803,-0.0050832955,0.9995478,1
3974,0.0,-0.0010464139,-0.00016073283,-0.00047769997,-0.00023700944,0.0,0.014917285,-0.0010798224,-0.0036405432,0.0,0.0,0.0007913144,0.0,9.184287e-06,-0.00096370745,-0.005838116,-0.005234641,-0.037533462,0.00120095,-7.3221984,-1.1307704,-0.0009816849,-0.113268726,-0.036010005,0.031265277,0.044523723,0.0,-0.014504671,-0.00013829004,0.00018584315,0
7035,0.0,-0.0015679173,-4.1892097e-05,0.0005664311,0.00015108708,0.0,0.0179001,-0.07434785,-0.0009888569,0.0,0.0,0.00080086174,0.0,9.184287e-06,-0.0013552798,-0.0059816344,0.0035715234,0.0016246627,-0.0061210706,-7.3221984,-1.1902322,-0.001088157,0.06504642,0.0038419412,0.04236261,0.05721247,0.0,-0.013548631,0.00010529556,0.00021745007,0
3014,0.0,-0.0005134671,-0.00118233,-0.0002575744,-0.0010322913,0.0,0.011735565,-0.05096073,-0.0016516638,0.0,0.0,-0.0017611181,0.0,-2.8564878e-05,0.0002875016,0.004820694,-0.004446022,-0.009600242,-0.0071916967,-7.3221984,-1.0496714,-0.007833622,-0.05180053,0.0029203391,0.011590696,-0.26278389,0.0,-0.014073382,7.429773e-05,0.0001561398,0
969,0.0,-0.00079777424,0.004236181,0.00031748385,-0.015647734,0.0,0.026159856,-0.07307864,-0.0007655359,0.0,0.0,0.00076866493,0.0,-1.7066921e-05,0.0008375187,0.004118504,0.0012288322,0.085089654,0.013992468,7.327141,1.2771473,-0.0033013406,0.03490247,0.00311739,0.014354129,-0.24505797,0.0,-0.012848732,7.429773e-05,0.9997825,1
5009,0.0,-0.03463714,-0.00012407714,-0.004738998,9.9453115e-05,0.0,-0.17279345,-0.029435046,-0.0020862713,0.0,0.0,0.0014633569,0.0,5.1797448e-05,0.00041887138,-0.0022461049,0.0035715234,0.005238422,-0.005948185,-7.3221984,-1.226158,-0.00085180375,0.032045238,0.005400083,0.020122387,0.039361008,0.0,0.022135964,0.0006000288,0.00016996395,0
2535,0.0,-0.0010160176,-0.0001305134,-0.00089687004,-0.00023700944,0.0,0.016006062,-0.08936854,-0.0006607482,0.0,0.0,0.00080086174,0.0,-8.958757e-06,-0.007346099,-0.040662795,0.0015569988,0.0025762422,-0.00785437,-7.3221984,-1.1452972,0.0022324696,0.038788874,0.0036100368,-0.16623425,0.03453952,0.0,-0.017363995,7.3399715e-05,0.00016520874,0
6606,0.0,-0.00043622233,-0.0009960865,-0.0002575744,-0.0010322913,0.0,0.011527909,-0.0717562,-0.0016516638,0.0,0.0,0.00076866493,0.0,-2.8564878e-05,0.0004687383,0.0049525425,-0.0030058692,-0.012186546,-0.0074520004,-7.3221984,-1.0327619,-0.0055233412,-0.049364187,0.0029730662,0.011176504,-0.26319706,0.0,-0.015651528,7.429773e-05,0.0001561398,0
4005,0.0,-0.0010918463,-0.00016073283,-0.0003047709,0.00015108708,0.0,0.010870489,0.09779856,-0.001149266,0.0,0.0,0.0007913144,0.0,9.184287e-06,-0.00096370745,-0.005838116,-0.008724368,-0.03707324,0.016785925,-7.3221984,-1.1864467,-0.010398759,-0.08251813,-0.0386333,0.037427068,0.051048912,0.0,-0.013421044,-0.00035656057,0.00020272836,0
528,0.0,0.0011719724,-2.8999733e-05,5.678783e-05,-0.00023700944,0.0,0.024627531,-0.07537566,-0.0006358784,0.0,0.0,-0.0018601599,0.0,6.8798495e-06,0.004284531,0.042874288,-0.004716219,0.009345854,-0.0038940946,7.327141,1.2187545,-0.0010694251,0.04030125,0.0034396176,-0.10519659,0.042933296,0.0,-0.013287999,-9.63996e-05,0.99979645,1
5902,0.0,-0.0039830757,-0.0007543106,0.0001944552,-0.0010322913,0.0,0.020797502,-0.1641551,-0.0012098508,0.0,0.0,-0.0037178374,0.0,2.9283974e-05,-0.0023847604,0.004735738,-0.0046098283,-0.008536134,-0.008121993,-7.3221984,0.045562733,0.028870072,0.059794344,0.005927596,0.019058678,-0.53241235,0.0,-0.036218397,7.429773e-05,0.0003657017,0
2701,0.0,-0.0006981069,-0.00016073283,-0.00089687004,-0.00023700944,0.0,0.014342843,-0.04001302,-0.0013354113,0.0,0.0,-0.0018601599,0.0,-8.958757e-06,-0.0023168023,-0.03478442,0.0021125483,-0.0014009171,-0.010749528,-7.3221984,-1.1335794,-0.0014394271,-0.0633381,0.0038740418,-0.12140238,0.033843562,0.0,-0.017502846,-9.63996e-05,0.00016508417,0
5692,0.0,0.00350112,-0.0005199542,0.0013690348,0.0002976792,0.0,-0.05946171,-0.07510393,-0.0022019427,0.0,0.0,-0.0017611181,0.0,-2.8564878e-05,0.00041826992,0.0036037844,0.0013515862,-0.0048009953,-0.0064751506,-7.3221984,-1.0147954,-0.004162621,-0.043495756,0.002753198,0.014536595,-0.24088165,0.0,-0.014878672,0.000294285,0.00015503795,0
5124,0.0,-0.0037689127,-0.0005199542,-0.0013725678,-0.00046696758,0.0,-0.06570022,-0.077048436,-0.0022504567,0.0,0.0,0.00076866493,0.0,2.9283974e-05,0.00038069714,-0.003343505,0.0013515862,-0.007012883,-0.0076943794,-7.3221984,-1.0072491,-0.004527677,-0.036238443,0.002805925,0.014994152,-0.2275916,0.0,-0.016281413,0.000294285,0.00015503795,0
280,0.0,-0.0016949426,-0.00016073283,-0.0003047709,-0.00023700944,0.0,0.02168305,0.18274166,-0.00064912846,0.0,0.0,0.003068859,0.0,9.184287e-06,-0.0013552799,-0.0058354544,-0.015417576,0.016337369,0.008221993,7.327141,0.28979674,-0.001827664,0.09174141,0.026659641,0.063445985,0.100029476,0.0,-0.0326942,0.00027148917,0.9996848,1
5544,0.0,-0.0003217678,-4.1892097e-05,0.00029461138,-0.00023700944,0.0,0.021491678,-0.17123696,-0.0038672532,0.0,0.0,-0.004044593,0.0,9.184287e-06,-0.00096370745,-0.008898918,-0.010765928,-0.012757422,-0.017224697,-7.3221984,0.1808142,-0.0031147394,-0.1577601,0.0074608815,0.04321002,0.074699506,0.0,-0.042310454,0.00010529556,0.0005888821,0
6199,0.0,-0.0038628085,-0.0007061977,-0.0013725678,-0.00046696758,0.0,-0.06382686,-0.06470324,-0.0022504567,0.0,0.0,0.0006874662,0.0,2.9283974e-05,-0.001085658,-0.003177539,-0.002553733,-0.026848532,0.0017798912,-7.3221984,-0.99122065,-0.0050771604,-0.036968917,-0.018507008,0.014828111,-0.21221772,0.0,-0.01608945,-0.00038649963,0.00015604022,0
4196,0.0,-0.004360687,-0.0001267137,-0.0015807144,9.9453115e-05,0.0,-0.08581546,-0.05134743,-0.0018921229,0.0,0.0,0.000719663,0.0,9.184287e-06,-0.0014381174,-0.011963488,-0.0047043553,-0.03720585,0.0023132418,-7.3221984,-1.0479435,-0.0016675864,-0.049559217,-0.021007262,-0.111775436,0.026652686,0.0,-0.018190475,-0.00037866138,0.00015805553,0
4021,0.0,-0.0040717283,-0.00043415744,-0.0013559901,-0.00046696758,0.0,-0.06685077,-0.07362014,0.008866558,0.0,0.0,-0.0017611181,0.0,-0.00010330361,0.00041826992,0.0036986775,0.0013515862,-0.010488791,-0.0076947315,-7.3221984,-1.0356656,0.0086207045,-0.033941984,0.0027217309,0.013849852,-0.22597305,0.0,-0.017835122,0.000294285,0.00015503795,0
200,0.0,-0.0014219625,-0.00015809629,-0.00041672445,0.00015108708,0.0,0.02173053,0.17885844,-0.0013603091,0.0,0.0,0.0055616572,0.0,5.1797448e-05,-0.0013552799,-0.005169629,0.005451671,0.016497206,0.013151504,7.327141,0.3434336,-0.0021889913,0.072988406,0.019790404,0.05951391,0.09694939,0.0,0.044556603,0.00027148917,0.9997212,1
6007,0.0,0.0013735605,-0.00015809629,-0.0005896536,0.00015108708,0.0,0.023724036,-0.17709589,-0.0044827843,0.0,0.0,0.0053891977,0.0,-5.0525516e-05,-0.00096370745,-0.008623097,0.0043150047,-0.005800707,-0.016124122,-7.3221984,0.16895206,-0.0030467482,-0.1481144,0.008212108,0.03778314,0.071611546,0.0,0.072614215,0.00010529556,0.0006736992,0
1237,0.0,-0.0009130769,-0.00016073283,-0.0003047709,0.00015108708,0.0,0.011133289,0.10140479,-0.0011428334,0.0,0.0,0.0010239165,0.0,-8.958757e-06,-0.00096370745,-0.005838116,-0.0102440445,-0.007218929,0.008772144,7.327141,1.1357505,-0.0014722568,-0.07897511,0.0069250017,0.039938744,0.054634057,0.0,-0.01396215,-0.00035656057,0.9998078,1
1782,0.0,0.0010146818,-3.9255545e-05,0.00012584063,-0.00023700944,0.0,0.012147851,0.093436874,-0.0012879567,0.0,0.0,0.0014633569,0.0,5.1797448e-05,-0.0019003835,0.0039430503,0.003769144,0.0039867605,0.004690069,7.327141,1.0714751,-0.001445829,0.051620893,0.007707418,0.03883977,0.06282425,0.0,0.018948404,0.00027148917,0.9998317,1
1840,0.0,-0.001389293,-0.0005914791,0.00031748385,0.00065805775,0.0,0.018907204,-0.070277415,-0.00078291545,0.0,0.0,-0.0017611181,0.0,1.7496563e-05,0.0008375187,0.004118504,-0.0033986517,0.017612793,-0.0041811294,7.327141,1.3038969,-0.0050186836,0.03477802,0.0030136148,0.014321732,-0.29413298,0.0,-0.012592238,7.429773e-05,0.9997571,1
6979,0.0,-0.0020803914,-0.00053401245,0.00035595437,0.00065805775,0.0,0.01634703,-0.12628722,-0.0019043724,0.0,0.0,0.0014148275,0.0,2.9283974e-05,-0.0011662955,-0.007158504,0.001399921,-0.071636,-0.0062763398,-7.3221984,-0.07044296,-0.023782857,-0.086793095,-0.04049258,0.01901445,-0.44739524,0.0,-0.04557486,7.429773e-05,0.0002682101,0
397,0.0,-0.0015339924,-0.00015809629,-0.0005896536,0.00015108708,0.0,0.018430747,-0.01692125,-0.001677522,0.0,0.0,0.0014633569,0.0,5.1797448e-05,-0.0013552798,-0.0050396365,0.0035715234,0.0019799592,-0.006068144,7.327141,1.1038868,-0.0012589123,0.06001913,0.006014582,0.03832765,0.05440304,0.0,0.022057144,0.00010529556,0.9998148,1
5136,0.0,-0.0007908858,-0.00016073283,-0.00047769997,0.00015108708,0.0,0.023747215,-0.15843076,-0.0038672532,0.0,0.0,-0.004044593,0.0,9.184287e-06,0.0003097051,-0.009753766,0.0043150047,-0.0066757575,-0.017609756,-7.3221984,0.13447276,-0.0028095325,-0.1632206,0.007766248,0.042379227,0.076885104,0.0,-0.041502688,0.00010529556,0.00058084883,0
287,0.0,-0.0014087947,-0.00014784047,-0.00042722706,0.00015108708,0.0,0.01957899,-0.019751372,-0.00093503913,0.0,0.0,0.0010239165,0.0,6.8798495e-06,0.0006054541,0.005882155,0.0035715234,0.008420896,-0.006229856,7.327141,1.1298195,-0.0010464784,0.06253012,0.0058064843,0.027713772,0.053533565,0.0,-0.012943367,0.00010529556,0.9998148,1
6355,0.0,-0.003079315,-0.0001267137,-0.0014011011,9.9453115e-05,0.0,-0.13809225,-0.02025377,-0.0017280777,0.0,0.0,0.0010239165,0.0,9.184287e-06,0.00084743067,0.009984347,0.0021125483,0.0032329978,-0.011216847,-7.3221984,-1.1268111,-0.00091376307,-0.04858012,0.0047540013,-0.10021937,0.03076337,0.0,-0.01600955,0.00028831692,0.00015898207,0
1015,0.0,0.002117741,-4.1892097e-05,5.678783e-05,-0.00023700944,0.0,0.021927774,-0.06405537,-0.0013354113,0.0,0.0,0.00080086174,0.0,-8.958757e-06,0.0023794712,0.040242054,0.0021125483,0.0054157255,-0.013861945,7.327141,1.2408159,-0.0012277595,-0.06425021,0.0033245324,-0.069849804,0.0424837,0.0,-0.016221039,7.3399715e-05,0.99978584,1
7037,0.0,0.0021881124,-3.408346e-05,0.0019345741,-0.00023700944,0.0,0.0212726,0.015772253,0.005600597,0.0,0.0,-0.0035694623,0.0,-0.0001978786,0.0023794712,0.026914533,-0.00568658,0.00030491487,0.0038478826,-7.3221984,-1.2054166,-0.001053775,-0.054622505,0.0051925182,-0.075611174,0.0369731,0.0,0.0293744,7.3399715e-05,0.00019823825,0
6210,0.0,-0.0009130769,-0.00016073283,-0.00047769997,-0.00023700944,0.0,0.014341531,0.036310524,-0.0036098477,0.0,0.0,-0.002729918,0.0,9.184287e-06,-0.00096370745,-0.005838116,-0.0057812487,4.1734544e-05,0.0040585953,-7.3221984,-1.2096575,-0.0010290903,-0.103488825,0.00916786,0.03171862,0.049206037,0.0,-0.013973743,-0.00013829004,0.00019635557,0
6158,0.0,-0.0038628085,-0.0005199542,-0.0013725678,-0.00046696758,0.0,-0.06294812,-0.063764974,-0.0022504567,0.0,0.0,0.0006874662,0.0,2.9283974e-05,-0.001085658,-0.003177539,-0.002553733,-0.02094286,-0.006995904,-7.3221984,-0.9912775,-0.0044667195,-0.0353249,-0.018507008,0.015043831,-0.22088967,0.0,-0.01608945,0.000294285,0.00015503795,0
4324,0.0,0.0013395372,-4.1892097e-05,0.0003450843,0.00015108708,0.0,0.012936625,-0.03593063,-0.0036405432,0.0,0.0,0.0010239165,0.0,9.184287e-06,-0.001508811,0.0044680713,0.0026324778,0.0005335203,0.007071472,-7.3221984,-1.1952451,-0.0013564029,-0.090864845,0.0053332746,0.020811755,0.04720373,0.0,-0.014811261,0.00010529556,0.00018954836,0
4680,0.0,-0.00079777424,0.0037849373,0.0001944552,-0.0010322913,0.0,0.024991713,-0.072602145,-0.0007655359,0.0,0.0,-0.0017611181,0.0,-1.7066921e-05,0.0008375187,0.004149261,0.0012288322,0.085089654,0.0077734613,-7.3221984,-1.0854818,-0.004051352,0.03490247,0.003064663,0.014384887,-0.24882993,0.0,-0.012389215,7.429773e-05,0.0001880723,0
3777,0.0,-0.034531657,-0.0001125641,-0.004633322,-0.00015601149,0.0,-0.17952168,-0.06456943,-0.0017755646,0.0,0.0,0.0013982162,0.0,-2.8666589e-05,0.0004863352,0.0026008287,0.0035715234,0.006355013,-0.0056797937,-7.3221984,-1.1908077,-0.0011238815,0.033660717,0.0037753982,0.022914806,0.04033454,0.0,0.018731778,0.0006000288,0.00016996395,0
5263,0.0,-0.00943654,-0.0040570134,-0.0008054846,0.0002976792,0.0,-0.17922357,-0.17377156,-0.004626671,0.0,0.0,-0.0037178374,0.0,-1.7066921e-05,0.00078705035,0.0035712952,-0.0046098283,0.08043229,0.0009867949,-7.3221984,0.013500151,-0.011046307,0.045860812,0.0052657644,0.019342694,-0.40950137,0.0,-0.0326575,-0.00038649963,0.00033701432,0
732,0.0,-0.0014101369,-0.00014658325,-0.00046331246,0.00015108708,0.0,0.02105477,0.06656076,-0.0012051151,0.0,0.0,0.0014633569,0.0,2.9388248e-05,0.0006054541,0.0047686608,0.0031309682,0.0065299645,0.0036394019,7.327141,1.0768754,-0.0014102977,0.07070607,0.010817267,0.03224845,0.05859788,0.0,0.01875766,0.00010529556,0.9998317,1
482,0.0,-0.0014809511,-0.0001529242,-0.00029038332,-0.00023700944,0.0,0.012955723,0.19428273,0.005727291,0.0,0.0,0.0055616572,0.0,0.00020286001,-0.001508811,0.0054682833,0.007076967,-0.034117036,0.023759421,7.327141,0.30139172,-0.0024642947,-0.10128987,0.026916303,0.045723606,0.08130213,0.0,0.059221976,0.00027148917,0.9996462,1
6077,0.0,-0.004086678,-0.0007061977,0.001352457,-0.00046696758,0.0,-0.086971566,-0.018525537,-0.004230816,0.0,0.0,0.0016340169,0.0,2.9283974e-05,-0.0006071989,-0.0030814814,0.0019588456,-0.06877262,-0.00838224,-7.3221984,-0.013757229,-0.020031191,-0.059910372,-0.08733174,0.019994633,-0.4031449,0.0,-0.040821135,0.000294285,0.00029542376,0
4819,0.0,-0.0026421978,-0.00011890505,-0.0016200942,-0.00015601149,0.0,-0.13261116,-0.07878008,0.009630171,0.0,0.0,0.0013982162,0.0,-0.0001978786,0.001241975,0.0053955372,0.0014639748,-0.0017999329,-0.010170035,-7.3221984,-1.1184558,-0.0010330849,-0.04146596,0.0031470973,-0.10373349,0.023972904,0.0,0.03093,0.00028831692,0.00015898207,0
4635,0.0,-0.0011220376,-0.00034264242,0.0005048162,0.00015108708,0.0,0.03141852,-0.19812194,-0.0011583515,0.0,0.0,0.001763003,0.0,-6.7109086e-06,0.0023621889,0.0072813304,0.0021437253,0.034005437,-0.017370371,-7.3221984,0.21083057,-0.0014920159,0.101202376,0.00821305,0.04004137,0.07536271,0.0,-0.036508173,0.00010529556,0.00084783835,0
4302,0.0,-0.007807726,-0.00012407714,-0.004738998,-0.00015601149,0.0,-0.16665913,-0.12848186,-0.008139724,0.0,0.0,0.0053891977,0.0,-5.0525516e-05,-0.0008189188,-0.0032355213,-0.010765928,0.0019897162,-0.016195172,-7.3221984,0.20445609,-0.0028113113,-0.08713145,0.009405841,0.040405557,0.062041394,0.0,0.06977806,0.0006000288,0.0006267805,0
1729,0.0,0.0017634911,-0.00011693544,-0.00038804274,0.00022445101,0.0,0.02477652,-0.074710645,-0.0006324807,0.0,0.0,-0.0018601599,0.0,-6.7109086e-06,0.004284531,0.042874288,-0.004716219,0.013657436,-0.007987799,7.327141,1.2174358,-0.00070017995,0.03991605,0.0034396176,-0.104994744,0.042723544,0.0,-0.013657132,7.3399715e-05,0.99979645,1
4057,0.0,-0.0008270911,-0.00016073283,0.0017614046,0.00015108708,0.0,0.015475147,-0.004987654,-0.0036341106,0.0,0.0,-0.002729918,0.0,-8.958757e-06,-0.00096370745,-0.0052294796,0.0026324778,0.002900928,0.00823346,-7.3221984,-1.1957886,-0.0010717404,-0.108638026,0.0055046463,0.02867802,0.047881093,0.0,-0.014425915,-0.00013829004,0.00019222952,0
2699,0.0,-0.0006619016,-0.00016073283,-0.00089687004,0.00015108708,0.0,0.029042326,-0.11108738,-0.0015460384,0.0,0.0,-0.004044593,0.0,9.184287e-06,-0.0023168023,-0.038147673,0.003795075,-0.009516766,-0.018282874,-7.3221984,0.0760955,-0.0030685356,-0.11989401,0.0060626008,-0.17309667,0.059257872,0.0,-0.046358466,7.3399715e-05,0.0004590796,0
4899,0.0,-0.00084018486,-0.00016073283,-0.00089687004,0.00015108708,0.0,0.014158095,-0.055845816,-0.0013418437,0.0,0.0,0.000719663,0.0,9.184287e-06,-0.0023168023,-0.037597906,0.0017747739,-0.03977579,9.8520424e-05,-7.3221984,-1.0774556,-0.0011189723,-0.06710551,-0.02194653,-0.12367361,0.031200176,0.0,-0.019017536,7.3399715e-05,0.00016128892,0
3576,0.0,-0.03433364,-0.00012407714,-0.004633322,9.9453115e-05,0.0,-0.24006581,0.12901604,-0.002398823,0.0,0.0,0.0055616572,0.0,5.1797448e-05,0.0004863352,0.0025124657,-0.016476713,0.020706771,0.008448172,-7.3221984,0.2593688,-0.0021198997,0.05686526,0.020699546,0.04314088,0.07156117,0.0,0.046232685,0.0006000288,0.0009424965,0
1580,0.0,-0.0016199781,-0.00015809629,-0.0005896536,0.00015108708,0.0,0.019929707,0.06766187,-0.0015511778,0.0,0.0,-0.0035694623,0.0,-5.0525516e-05,0.00045802974,-0.0048112147,0.0031309682,0.004544314,0.0036716338,7.327141,1.082728,-0.00096713094,0.070748664,0.0103863515,0.040142126,0.060853835,0.0,0.020211704,0.00010529556,0.9998317,1
5169,0.0,-0.0014087947,-0.00014784047,-0.00042722706,-0.00023700944,0.0,0.02001716,-0.063174464,-0.0009575545,0.0,0.0,0.00080086174,0.0,6.8798495e-06,0.0006054541,0.0063012545,0.0035715234,0.0075416733,-0.0058255494,-7.3221984,-1.2063638,-0.0013185563,0.0651297,0.0039213663,0.027909068,0.05395339,0.0,-0.012083514,0.00010529556,0.00021745007,0
2449,0.0,0.00055548974,-0.00015809629,0.00018265776,0.00015108708,0.0,0.029754944,-0.14467287,-0.0018085832,0.0,0.0,0.0053891977,0.0,-5.0525516e-05,-0.0013552798,-0.0056953127,0.00525405,0.012954162,-0.0067059635,-7.3221984,0.26707995,-0.002171913,0.10021951,0.008437844,0.05132359,0.08950137,0.0,0.057256065,0.00010529556,0.0010418781,0
4928,0.0,0.0015834016,-0.0001529242,-0.00046331246,-0.00023700944,0.0,0.019907894,-0.1977022,0.013699666,0.0,0.0,-0.010093039,0.0,0.00020286001,0.00085167366,0.011340732,0.0024318732,-0.01069996,-0.013444565,-7.3221984,0.18227571,-0.002590295,-0.1297756,0.0079713855,0.027981088,0.06965538,0.0,0.072708845,0.00010529556,0.0006848139,0
709,0.0,0.0016453404,-0.00016073283,-0.00038804274,-0.00023700944,0.0,0.023420876,-0.048737597,-0.00066718075,0.0,0.0,0.00080086174,0.0,9.184287e-06,0.002527796,0.03948714,0.0034327656,0.0046835546,-0.009729295,7.327141,1.1899886,0.0013843823,0.045536853,0.0036100368,-0.11136708,0.046692755,0.0,-0.013704109,7.3399715e-05,0.99979585,1
6338,0.0,0.0019545103,-0.00016073283,-0.00038804274,-0.00023700944,0.0,0.020318344,0.045645513,-0.0012822005,0.0,0.0,-0.002729918,0.0,-8.958757e-06,-0.008616697,0.03377054,-0.0052509625,-0.010867366,-0.0008235285,-7.3221984,-1.1844094,-0.0010290903,-0.061065916,0.00775141,-0.080616266,0.043050986,0.0,-0.014953012,-9.63996e-05,0.00019325886,0
4406,0.0,-0.002673347,-4.1892097e-05,-0.0004520395,-0.00023700944,0.0,0.01320565,-0.066181675,-0.0013418437,0.0,0.0,-0.0018601599,0.0,9.184287e-06,-0.0023168023,-0.031775184,0.0021125483,-0.0036159158,-0.010554586,-7.3221984,-1.1089774,-0.0014749585,-0.065106,0.0030840996,-0.12830466,0.032817554,0.0,-0.018086985,7.3399715e-05,0.00016278126,0
2101,0.0,-0.004441783,-3.9255545e-05,0.0007433873,-0.00023700944,0.0,0.026950318,-0.02064227,-0.0017273275,0.0,0.0,0.0055616572,0.0,-5.0525516e-05,-0.0019003834,0.0038237881,0.00525405,0.014150711,-0.00718353,-7.3221984,0.29673955,-0.0018072063,0.08471142,0.02044824,0.043251928,0.08880966,0.0,0.047792323,0.00010529556,0.0011920092,0
629,0.0,-0.00079777424,-0.0045331456,0.0001944552,-0.0010322913,0.0,0.024991713,-0.07613069,-0.00078291545,0.0,0.0,-0.0017611181,0.0,1.7496563e-05,0.0008375187,0.004149261,0.0012288322,0.07504074,0.00549987,7.327141,1.2849712,-0.004051352,0.03490247,0.003064663,0.014384887,-0.25818107,0.0,-0.012406594,7.429773e-05,0.9997769,1
2783,0.0,-0.0009174297,-0.00016073283,-0.00089687004,0.00015108708,0.0,0.014121701,0.010019279,-0.0013193283,0.0,0.0,0.0007913144,0.0,9.184287e-06,-0.0023168023,-0.03478442,-0.0047043553,-0.03848424,0.00031004776,-7.3221984,-1.105424,-0.0009816849,-0.064982004,-0.033373903,-0.12378008,0.031977933,0.0,-0.017968023,-9.63996e-05,0.00016588466,0
4377,0.0,0.007705439,5.019414e-06,-0.0014011011,-0.00015601149,0.0,-0.13245647,-0.08835326,-0.0011861576,0.0,0.0,-0.0018601599,0.0,6.8798495e-06,-0.007981252,0.010294784,0.0015569988,0.0075580985,-0.0073956777,-7.3221984,-1.0969809,-0.0008685568,0.034661226,0.0031305675,-0.1465641,0.03277297,0.0,-0.013287999,0.00028831692,0.0001613529,0
6452,0.0,-0.008381667,-0.0001267137,-0.0012240501,-0.00015601149,0.0,-0.0862674,0.11442288,-0.0013458433,0.0,0.0,0.0007913144,0.0,9.184287e-06,-0.0008189188,-0.0034635551,-0.008724368,-0.0361493,0.022109624,-7.3221984,-1.1770532,0.0016437734,-0.022094846,-0.026348602,0.03593744,0.04789054,0.0,-0.013421044,-0.0050832955,0.00020361075,0
5933,0.0,-0.0039400533,-5.7880156e-05,0.001352457,-0.00046696758,0.0,-0.06082846,-0.016173694,-0.0020864115,0.0,0.0,0.0007591176,0.0,2.9283974e-05,-0.0006071989,-0.00264369,-0.0035574257,-0.031378727,0.0020066157,-7.3221984,-1.0273619,-0.005395217,-0.03667929,-0.028353417,0.014854367,-0.21817459,0.0,-0.014907766,-0.00038649963,0.00015604022,0
4941,0.0,-0.0014947804,-0.00016073283,-0.00025429795,0.00015108708,0.0,0.017931312,0.07323276,-0.0009292136,0.0,0.0,0.0010239165,0.0,-8.958757e-06,-0.0019003835,0.0055409446,0.0031309682,0.0034196381,0.0037753675,-7.3221984,-1.2659388,-0.0014282631,0.0726361,0.010688595,0.035623483,0.064041376,0.0,-0.011837053,0.00027148917,0.00024263086,0
415,0.0,-0.0009130769,-0.00016073283,-0.00047769997,-0.00023700944,0.0,0.01436471,0.03112229,-0.003603415,0.0,0.0,0.0010239165,0.0,-8.958757e-06,0.0003097051,-0.0061894334,0.0025206394,-0.010177088,0.0040585953,7.327141,1.1434848,-0.001047822,-0.11173615,0.008284893,0.031585876,0.04854244,0.0,-0.01396215,-0.00013829004,0.99978715,1
5930,0.0,-0.008166692,-7.872957e-06,0.0047521,-0.00015601149,0.0,-0.13473435,0.12421378,-0.0043618437,0.0,0.0,-0.008761319,0.0,9.184287e-06,-0.0008189188,-0.0039013466,0.0042031663,-0.0042298315,0.0042781206,-7.3221984,0.2488234,-0.0016640705,-0.09294727,0.021429958,0.046623167,0.07248825,0.0,-0.04196266,-0.00078804843,0.00081874884,0
1677,0.0,-0.008202897,-0.0001267137,-0.0012240501,9.9453115e-05,0.0,-0.08245075,0.12679785,-0.0013394107,0.0,0.0,0.0010239165,0.0,-8.958757e-06,-0.0008189188,-0.0034635551,0.006896274,0.0047241896,0.008691655,7.327141,1.1505009,-0.00087111286,-0.011811022,0.007445138,0.041431922,0.05374273,0.0,-0.01396215,0.0038704774,0.99981576,1
1354,0.0,-4.8204878e-05,-0.00015809629,-0.00046331246,0.00015108708,0.0,0.015263674,0.06849754,-0.0016468267,0.0,0.0,0.0014633569,0.0,5.1797448e-05,-0.0019003835,0.004500764,0.0031309682,0.0033077332,0.0030710008,7.327141,1.0772485,-0.0009858627,0.071181096,0.010537393,0.037651714,0.061294116,0.0,0.019153107,0.00010529556,0.9998317,1
6762,0.0,-0.0012883235,-1.1672666e-05,-0.0004520395,-0.00023700944,0.0,0.013542413,-0.07158823,-0.0013418437,0.0,0.0,0.000719663,0.0,9.184287e-06,-0.0033583867,-0.031775184,-0.002938446,-0.036220383,0.0014165074,-7.3221984,-1.0726293,0.0032502667,-0.05861837,-0.02049021,-0.12552497,0.025728904,0.0,-0.019174688,7.3399715e-05,0.00016128892,0
15,0.0,0.041815057,5.019414e-06,0.0047819084,-0.00015601149,0.0,-0.10158018,-0.012628289,-0.0013437883,0.0,0.0,-0.002729918,0.0,6.8798495e-06,0.0004863352,0.0031882338,0.0035715234,0.0062789344,-0.005794578,7.327141,1.1663295,-0.0011169681,0.056813054,0.00496413,0.03796291,0.051603187,0.0,-0.012334136,0.0006000288,0.99980825,1
3385,0.0,-0.0009174297,-4.1892097e-05,0.0006581527,-0.00023700944,0.0,0.013850064,-0.04831493,-0.0013418437,0.0,0.0,0.000719663,0.0,9.184287e-06,-0.0023168023,-0.03725283,-0.0047043553,-0.038995683,0.001385228,-7.3221984,-1.0857729,-0.0011189723,-0.063192435,-0.021723047,-0.122435495,0.031166345,0.0,-0.020405224,7.3399715e-05,0.00016128892,0
2472,0.0,-0.0009026919,-0.0009960865,-0.0002815292,-0.0010322913,0.0,0.012451675,-0.07486256,-0.0010056561,0.0,0.0,0.00076866493,0.0,2.9283974e-05,-0.0021398643,-0.0039628497,0.0012288322,-0.013946533,-0.0069692805,-7.3221984,-1.0561613,-0.005383739,0.034876123,0.00311739,0.018772822,-0.31101686,0.0,-0.0147607885,7.429773e-05,0.000157907,0
1878,0.0,0.0011201698,0.00020267903,0.0003089989,0.00015108708,0.0,0.025630694,-0.112784274,-0.0014294802,0.0,0.0,0.0053891977,0.0,-2.8666589e-05,0.0006054541,0.004853917,0.00525405,0.026592273,-0.0064191706,-7.3221984,0.26480395,-0.0018894704,0.09948925,0.008122755,0.04169328,0.08060986,0.0,0.042180978,0.00010529556,0.0010618591,0
2528,0.0,-0.00041134984,-0.00016036953,-0.00089687004,-0.00023700944,0.0,0.024559317,-0.1928677,0.005647256,0.0,0.0,0.001763003,0.0,-1.8868479e-05,-0.0033583867,-0.04051676,0.001542148,-0.06288296,-0.015580514,-7.3221984,0.053470835,-0.0028794566,-0.105142094,0.0063900743,-0.19592202,0.05606138,0.0,-0.057928324,7.3399715e-05,0.00038552057,0
6362,0.0,-0.0008270911,-0.00016036953,-0.00047769997,0.00015108708,0.0,0.014239808,-0.035039227,0.010339411,0.0,0.0,0.0010239165,0.0,1.9343477e-05,-0.00096370745,-0.005838116,-0.005447598,-0.015495269,0.007211464,-7.3221984,-1.1725068,-0.0013208715,-0.07878011,0.0056923935,0.03261058,0.047195982,0.0,-0.01521687,-0.00013829004,0.00019448316,0
5314,0.0,-0.0010464139,-0.00016073283,-0.00047769997,-0.00023700944,0.0,0.01458506,-0.06017276,-0.0036630584,0.0,0.0,0.000719663,0.0,9.184287e-06,-0.00096370745,-0.0062825126,0.0022947036,-0.03882501,0.0026341113,-7.3221984,-1.1134804,-0.0018442955,-0.10123695,-0.024998132,0.030157395,0.043899145,0.0,-0.014242459,0.00010529556,0.00018325105,0
6564,0.0,-0.0038461576,-0.00070361467,-0.0013725678,0.0002976792,0.0,-0.062930964,-0.039346717,0.008866558,0.0,0.0,0.00076866493,0.0,-0.00010330361,-0.0006071989,-0.00264369,-0.004446022,-0.0071601034,0.0037687516,-7.3221984,-1.0476106,-0.005316137,-0.034572586,0.0032202024,0.015370383,-0.23742768,0.0,-0.01781551,-0.00038649963,0.00015604022,0
5887,0.0,-0.009463223,0.00018897088,0.0013690348,0.002080385,0.0,-0.11745949,-0.06963894,-0.001315815,0.0,0.0,-0.0017611181,0.0,-1.7066921e-05,0.00078705035,0.0029691502,-0.0033986517,0.005552129,0.00251925,-7.3221984,-1.0371474,-0.004011567,0.026236238,0.0028225358,0.014242882,-0.23118418,0.0,-0.0125888195,0.000294285,0.00015683364,0
2578,0.0,-0.0038628085,-0.0007061977,-0.0013725678,0.0002976792,0.0,-0.063972384,-0.05564697,-0.0022504567,0.0,0.0,0.0006874662,0.0,2.9283974e-05,-0.0006071989,-0.003177539,-0.0035574257,-0.027334062,0.0010720564,-7.3221984,-0.9959621,-0.005532504,-0.03812249,-0.018739827,0.015043831,-0.21504839,0.0,-0.015529025,0.000294285,0.00015604022,0
406,0.0,-0.0009539828,-0.00016073283,-0.0003047709,0.00015108708,0.0,0.011133289,0.11218011,-0.001149266,0.0,0.0,0.0010239165,0.0,9.184287e-06,-0.00096370745,-0.005838116,0.006896274,0.0038368446,0.008509342,7.327141,1.1313938,0.0014247171,-0.07223432,0.007980212,0.04156157,0.055990037,0.0,-0.013957766,-0.00035656057,0.9998167,1
3117,0.0,0.0016358383,0.00010499492,0.0001944552,0.0017044074,0.0,0.015461808,-0.07098898,-0.0007655359,0.0,0.0,-0.0029228176,0.0,-1.7066921e-05,0.0008375187,0.003934033,-0.0033986517,0.035154216,-0.05754171,-7.3221984,-1.0958518,0.0142338965,0.03420935,0.0029127237,0.015176964,-0.2807023,0.0,-0.011888067,7.429773e-05,0.00016168712,0
4955,0.0,-0.000782661,-0.00015809629,-0.00041672445,-0.00023700944,0.0,0.012661332,0.1931348,-0.0019327989,0.0,0.0,0.0042265947,0.0,5.1797448e-05,-0.00096370745,-0.0056100823,-0.009982177,-0.06527381,0.041955538,-7.3221984,0.21366008,-0.011257262,-0.104045756,-0.09473251,0.04707141,0.0766588,0.0,0.05710972,0.00027148917,0.00092960056,0
3083,0.0,-0.03270139,-0.00011252382,-0.004738998,9.9453115e-05,0.0,-0.2542559,-0.2122724,-0.005561172,0.0,0.0,0.0053891977,0.0,5.1797448e-05,-0.0058482154,-0.0033207517,0.0021437253,0.008667842,-0.019298656,-7.3221984,0.15857174,0.0029194779,0.053570393,0.007696587,0.042978924,0.062487654,0.0,0.05930496,0.0006000288,0.0005725354,0
3855,0.0,0.0021021266,-0.00015809629,-0.0006070356,-0.00023700944,0.0,0.020259637,0.0455186,-0.0019998136,0.0,0.0,0.0014633569,0.0,5.1797448e-05,-0.008616697,0.027911935,0.00200071,-0.010727694,-4.3316744e-05,-7.3221984,-1.2301582,-0.0010298565,-0.062203538,0.008181661,-0.07787267,0.041011125,0.0,0.025035461,7.3399715e-05,0.00019325886,0
2822,0.0,-0.0010056805,-0.00118233,0.0009778448,0.00065805775,0.0,0.011321079,-0.05929431,-0.0017001778,0.0,0.0,0.0006874662,0.0,2.9283974e-05,-0.0011662955,-0.004003096,-0.002553733,-0.033178795,-0.0076431856,-7.3221984,-1.0239998,0.0044874423,-0.04950876,-0.019638289,0.014670936,-0.2452388,0.0,-0.01598076,-9.7579e-05,0.0001561398,0
3931,0.0,-0.0007159214,-0.00015809629,-0.0005896536,-0.00023700944,0.0,0.0145290615,-0.020942457,-0.0043517235,0.0,0.0,-0.0035694623,0.0,5.1797448e-05,-0.00096370745,-0.005172291,-0.006216867,0.0029974584,0.007661086,-7.3221984,-1.224661,-0.001053775,-0.082985036,0.005590598,0.027321486,0.04385315,0.0,0.024121093,0.00010529556,0.00019222952,0
165,0.0,-0.0022561369,-0.00016073283,-0.0008217478,0.00015108708,0.0,0.0210484,0.099696346,-0.0007788078,0.0,0.0,0.0017337969,0.0,9.184287e-06,-0.0023168023,-0.035222214,-0.006045,-0.08626866,0.012507308,7.327141,0.10152432,-0.0037545166,-0.0807645,-0.14925906,-0.19953868,0.058033418,0.0,-0.04399905,-0.00019121855,0.9990902,1
6169,0.0,-0.00030806474,-0.00015809629,-0.00046331246,-0.00023700944,0.0,0.02474874,0.020740343,-0.004497178,0.0,0.0,0.0055616572,0.0,5.1797448e-05,0.0004571294,0.0062938933,0.0043150047,0.014946531,0.0057683284,-7.3221984,0.29659763,-0.0019489742,-0.14590009,0.020162735,0.027445938,0.07618321,0.0,0.06831834,0.00010529556,0.0009937288,0
1293,0.0,-0.0013241512,-0.00014658325,-0.00046331246,0.00015108708,0.0,0.020064635,-0.064093634,-0.001258326,0.0,0.0,0.0013982162,0.0,2.9388248e-05,0.0006054541,0.0050775013,0.0035715234,0.006799313,-0.006027225,7.327141,1.1333195,-0.0010701914,0.06268209,0.0038870526,0.02644006,0.052672826,0.0,0.019390615,0.00010529556,0.9998122,1
6834,0.0,-0.002673347,-4.1528787e-05,-0.0004520395,-0.00023700944,0.0,0.012600838,-0.08333011,0.004221132,0.0,0.0,0.00080086174,0.0,1.9343477e-05,-0.0033583867,-0.031775184,-0.0031514026,-0.015562143,-0.01015315,-7.3221984,-1.0833555,-0.0012632909,-0.053508155,0.0031808573,-0.13615076,0.03215793,0.0,-0.019570487,-9.63996e-05,0.00016278126,0
1482,0.0,-0.0010918463,-0.00016073283,-0.0003047709,0.00015108708,0.0,0.009887391,0.109021045,-0.001149266,0.0,0.0,0.0007913144,0.0,9.184287e-06,-0.00096370745,-0.005838116,0.006424109,-0.037932955,0.021825086,7.327141,1.1765853,0.0014670643,-0.07840416,-0.030304665,0.039109416,0.05382023,0.0,-0.013421044,0.00027148917,0.9998099,1
1256,0.0,-0.0013241512,-0.00015809629,-0.00046331246,-0.00023700944,0.0,0.019012906,-0.01986319,-0.001677522,0.0,0.0,-0.0035694623,0.0,5.1797448e-05,-0.0019003834,0.0044274502,-0.011927653,0.003919296,-0.0061256355,7.327141,1.1125711,-0.0012401805,0.057188306,0.0057458477,0.028142184,0.054017957,0.0,0.02016581,0.00010529556,0.99981123,1
1220,0.0,-0.0017311479,-0.00016073283,-0.0003047709,-0.00023700944,0.0,0.017021626,0.091574036,-0.0005767761,0.0,0.0,0.0010239165,0.0,9.184287e-06,-0.0013552799,-0.005705462,-0.010868515,0.0023132444,0.004268433,7.327141,1.0984576,-0.0014282631,0.054079086,0.009896039,0.04880129,0.06368321,0.0,-0.012196876,0.00027148917,0.9998292,1
1271,0.0,-0.0013241512,-0.00015809629,-0.00046331246,-0.00023700944,0.0,0.019498551,-0.06590016,-0.0017000374,0.0,0.0,-0.002847748,0.0,5.1797448e-05,-0.0019003834,0.004736291,0.0035715234,0.004281892,-0.0060979654,7.327141,1.1418803,-0.0010514597,0.062380254,0.0038343256,0.028285552,0.05539517,0.0,0.019470667,0.00010529556,0.9998122,1
4631,0.0,-0.0010523566,-0.00016073283,0.0006581527,0.00015108708,0.0,0.015481092,-0.047885433,-0.00066718075,0.0,0.0,-0.0018601599,0.0,9.184287e-06,-0.0027083745,-0.03680773,-0.011786131,0.001390391,-0.0068091257,-7.3221984,-1.1687385,-0.0010694251,0.04294614,0.0034396176,-0.16677105,0.03729376,0.0,-0.018181646,7.3399715e-05,0.00016751037,0
1873,0.0,0.0044180476,-4.1528787e-05,0.00029461138,-0.00023700944,0.0,0.01192162,0.04067793,0.0101332655,0.0,0.0,0.0010239165,0.0,1.9343477e-05,-0.00096370745,-0.0043981946,-0.0050119804,-0.015468674,0.003508896,-7.3221984,-1.1981441,-0.0015077882,-0.0984427,0.007978154,0.029698217,0.050635204,0.0,-0.014393564,-0.00013829004,0.00020146754,0
6087,0.0,-0.001055641,-0.00016073283,-0.0003047709,0.00015108708,0.0,0.013691908,0.19870523,-0.0012216184,0.0,0.0,0.0017337969,0.0,9.184287e-06,-0.00096370745,-0.0062759076,-0.009982177,-0.08307094,0.04319699,-7.3221984,0.23443061,-0.011320369,-0.12386465,-0.08989625,0.048704773,0.07975149,0.0,-0.039076872,-0.00035656057,0.00084240263,0
1323,0.0,0.0010146818,-3.9255545e-05,-0.00029038332,-0.00023700944,0.0,0.012378772,0.09076608,-0.0012879567,0.0,0.0,0.0014633569,0.0,5.1797448e-05,-0.0019003835,0.004500764,0.003769144,0.0035629855,0.00388599,7.327141,1.0732455,-0.001021394,0.051620893,0.008916772,0.03937172,0.062780015,0.0,0.018582875,0.00027148917,0.9998317,1
998,0.0,-0.0022923423,-4.1892097e-05,-0.0005316053,0.00015108708,0.0,0.012102222,0.062442772,-0.0007064554,0.0,0.0,0.0007913144,0.0,9.184287e-06,-0.0023168023,-0.03478442,-0.0047871917,-0.030757552,0.0062146876,7.327141,1.2261486,-0.0028329066,-0.049135756,-0.05255977,-0.14797297,0.03417041,0.0,-0.016510768,0.00014559591,0.9997552,1
605,0.0,-0.00059072376,-0.00016036953,-0.00042722706,-0.00023700944,0.0,0.015273216,-0.0037964503,0.010339411,0.0,0.0,0.0010239165,0.0,1.9343477e-05,0.0004571294,0.0061944965,0.0026324778,0.0029955744,0.008255392,7.327141,1.1655184,-0.0013208715,-0.10258373,0.005735114,0.020146716,0.049994208,0.0,-0.015361833,0.00010529556,0.999793,1
2006,0.0,-0.011523853,-4.1892097e-05,5.678783e-05,0.00015108708,0.0,0.019876514,-0.05661847,-0.0013418437,0.0,0.0,0.00080086174,0.0,9.184287e-06,0.0023794712,0.035167154,-0.00568658,0.0025604623,-0.014079731,-7.3221984,-1.1248845,-0.0012632909,-0.06078099,0.0032818117,-0.080056965,0.040131442,0.0,-0.015450476,7.3399715e-05,0.00018435111,0
5984,0.0,-0.0009751117,-0.00016073283,-0.00089687004,-0.00023700944,0.0,0.015834833,-0.08229192,-0.00066718075,0.0,0.0,-0.0018601599,0.0,9.184287e-06,0.0025807116,-0.040665675,0.0015569988,0.0046760077,-0.009891806,-7.3221984,-1.1450332,-0.0012998244,0.0416941,0.0036367348,-0.16498537,0.037616175,0.0,-0.020150254,7.3399715e-05,0.00016778149,0
2639,0.0,-0.00030806474,-0.0001529242,-0.00046331246,-0.00023700944,0.0,0.02171125,0.038049154,0.01308929,0.0,0.0,0.0055616572,0.0,0.00020286001,0.0004571294,0.0062938933,-0.010765928,0.007421684,0.006933991,-7.3221984,0.27584097,-0.0021793738,-0.1347269,0.020259209,0.029019013,0.07158059,0.0,0.06899154,0.00010529556,0.0009922415,0
848,0.0,-0.0013315498,-0.00034264242,-0.00042722706,-0.00023700944,0.0,0.020318115,-0.074401066,-0.0009575545,0.0,0.0,-0.0018601599,0.0,6.8798495e-06,0.0006054541,0.0063012545,0.0035715234,0.016096903,-0.009461475,7.327141,1.1727567,-0.0009662489,0.06399702,0.0037892142,0.027909068,0.04788627,0.0,-0.011547751,0.00010529556,0.9998122,1
3865,0.0,-0.004283442,-0.0001267137,-0.0015807144,-0.00015601149,0.0,-0.08523214,-0.06081176,-0.0018921229,0.0,0.0,0.000719663,0.0,9.184287e-06,-0.0024797018,-0.011963488,-0.002938446,-0.026521794,0.0010899131,-7.3221984,-1.0340251,-0.0008825726,-0.038674153,-0.020591762,-0.11234917,0.027904248,0.0,-0.019577961,0.00028831692,0.00016239476,0
2443,0.0,-0.0010918463,-0.00016073283,0.0001114531,0.00015108708,0.0,0.010639569,0.1101379,-0.001149266,0.0,0.0,0.0007913144,0.0,9.184287e-06,-0.00096370745,-0.005838116,-0.008724368,-0.019894931,0.021825086,-7.3221984,-1.1864467,0.0014670643,-0.07410972,-0.029517153,0.039902493,0.054426633,0.0,-0.013421044,-0.00035656057,0.00021742165,0
6521,0.0,-0.034723125,-0.00012407714,-0.004738998,-0.00015601149,0.0,-0.19231154,0.05175145,-0.0017477551,0.0,0.0,0.0014633569,0.0,-5.0525516e-05,-0.0012104913,-0.0026650755,0.0031309682,0.0022805156,0.0039561726,-7.3221984,-1.2673074,-0.0008091536,0.0344367,0.010002319,0.02567592,0.042406313,0.0,0.020738613,0.0006000288,0.0001767416,0
6044,0.0,-0.0017311479,-0.00016073283,-0.0003047709,0.00015108708,0.0,0.018052202,0.092984565,-0.0005767761,0.0,0.0,0.0010239165,0.0,9.184287e-06,-0.0013552799,-0.005705462,0.003769144,0.0025073236,0.0037707724,-7.3221984,-1.2685435,-0.0010038281,0.053335395,0.010408721,0.048952237,0.06448493,0.0,-0.012196876,-0.00035656057,0.00024263086,0
1996,0.0,-5.805619e-05,-0.00118233,0.00017050037,0.00065805775,0.0,0.010427374,-0.059609998,-0.0017001778,0.0,0.0,0.0006874662,0.0,2.9283974e-05,-0.0011662955,-0.00404759,-0.002553733,-0.032096546,-0.01022527,-7.3221984,-1.0058047,-0.00578433,-0.05045523,-0.019638289,0.015810385,-0.25102553,0.0,-0.015696993,-9.7579e-05,0.0001561398,0
3789,0.0,-0.0038628085,-0.0007061977,-0.0013725678,-0.00046696758,0.0,-0.06294812,-0.062129006,-0.0022504567,0.0,0.0,0.0006874662,0.0,2.9283974e-05,-0.001085658,-0.003177539,-0.002553733,-0.02337365,-0.007125504,-7.3221984,-0.99092275,-0.004647235,-0.035992555,-0.018507008,0.014883925,-0.21912566,0.0,-0.01608945,0.000294285,0.00015503795,0
2170,0.0,-0.00071228045,-0.00118233,0.00035595437,0.00065805775,0.0,0.010869417,-0.015587344,-0.0016776624,0.0,0.0,0.0007591176,0.0,2.9283974e-05,-0.00068783644,-0.0037058,0.0014936293,-0.03873917,-0.0011526849,-7.3221984,-1.0403565,-0.00827951,-0.05048095,-0.031647198,0.015261873,-0.24705507,0.0,-0.014980141,-9.7579e-05,0.0001571492,0
5681,0.0,-0.012132314,-0.0003413852,-0.00016220505,0.00015108708,0.0,0.021667814,-0.07427653,-0.0009366498,0.0,0.0,0.0013982162,0.0,2.9388248e-05,0.004284531,0.022072906,-0.004716219,0.012258457,-0.0038711394,-7.3221984,-1.1756045,-0.0008363088,0.037746135,0.003537456,-0.110904835,0.038418323,0.0,0.025641052,7.3399715e-05,0.0001939441,0
6360,0.0,-0.0017185798,-0.00015809629,-0.0022688932,-0.00023700944,0.0,0.011884827,0.046039935,-0.0019998136,0.0,0.0,0.0012307549,0.0,5.1797448e-05,-0.0023168023,-0.028719584,-0.0037312869,-0.031587616,-0.006313046,-7.3221984,-1.1563462,-0.0006465172,-0.051084,-0.05439257,-0.12722072,0.033110127,0.0,0.03424398,0.00014559591,0.0001710684,0
4781,0.0,-0.0005064638,-0.0010122091,-0.0002776715,0.00065805775,0.0,0.019175598,-0.06856206,-0.002924768,0.0,0.0,0.0011720208,0.0,0.00013262917,0.0008375187,0.0036244062,-0.0033986517,0.012337799,-0.005983558,-7.3221984,-1.0982186,-0.005383731,0.032795746,0.0031114533,0.013682409,-0.28900912,0.0,0.02821065,7.429773e-05,0.0001681128,0
5026,0.0,-0.00074984634,-0.00016036953,-0.00047769997,0.00015108708,0.0,0.014198275,-0.10283482,0.010508542,0.0,0.0,-0.0018601599,0.0,1.9343477e-05,-0.0020052919,-0.006483593,0.0018608111,-0.014683751,-0.009785668,-7.3221984,-1.110948,-0.0012090278,-0.08223959,0.0036384186,0.03389785,0.04634367,0.0,-0.015351273,-0.00013829004,0.00018976157,0
1635,0.0,-0.0014101369,-0.00015809629,-0.00029038332,0.00015108708,0.0,0.017698739,0.09138403,-0.0012879567,0.0,0.0,0.0014633569,0.0,5.1797448e-05,-0.0019003835,0.0049851635,-0.010868515,0.0031674784,0.006027818,7.327141,1.0733056,-0.0014102977,0.050733797,0.008535483,0.03616119,0.061466217,0.0,0.018756839,0.00027148917,0.9998292,1
2492,0.0,0.002076835,-0.000107847794,-0.00038804274,-0.00023700944,0.0,0.022404343,-0.07629829,-0.0013354113,0.0,0.0,-0.001975425,0.0,-8.958757e-06,-0.009658282,0.040212348,-0.003484211,-0.000330335,-0.0063779103,-7.3221984,-1.1120209,0.0067356806,-0.051867187,0.0032290847,-0.07012753,0.039099384,0.0,-0.015952084,7.3399715e-05,0.00019013592,0
2475,0.0,-0.00043622233,-0.0009960865,-0.0002575744,-0.0010322913,0.0,0.011527909,-0.07420763,-0.0017001778,0.0,0.0,0.00076866493,0.0,2.9283974e-05,0.0004687383,0.0049525425,0.0013515862,-0.01408416,-0.0074520004,-7.3221984,-1.0309175,-0.0055233412,-0.049509767,0.0029970044,0.011266105,-0.26454067,0.0,-0.016138133,7.429773e-05,0.0001561398,0
6118,0.0,-0.00042642027,-0.00015809629,-0.0005896536,-0.00023700944,0.0,0.014679176,-0.08438681,-0.004374239,0.0,0.0,-0.002847748,0.0,5.1797448e-05,-0.00096370745,-0.005704243,-0.006216867,-0.0028020297,-0.00978492,-7.3221984,-1.1659118,-0.0011910623,-0.09160023,0.003474633,0.027585307,0.042858906,0.0,0.024424007,0.00010529556,0.00018494637,0
3017,0.0,-0.0007159214,0.0043113567,-0.0005896536,0.00015108708,0.0,0.01509242,-0.0027975473,-0.00404918,0.0,0.0,-0.0035694623,0.0,-5.0525516e-05,-0.00096370745,-0.005172291,0.0026324778,0.0033843142,0.0074432995,-7.3221984,-1.2300209,-0.001053775,-0.10746006,0.0054986104,0.028881595,0.040358245,0.0,0.023198357,0.00010529556,0.00019222952,0
6379,0.0,0.0019730034,-0.00034264242,-0.00038804274,-0.00023700944,0.0,0.042949684,-0.16499132,-0.0008400731,0.0,0.0,-0.004044593,0.0,6.8798495e-06,0.004284531,0.043614056,-0.0059273955,0.037008423,-0.013733922,-7.3221984,0.1601238,-0.0016513325,0.07579193,0.0063368203,-0.16901737,0.060413465,0.0,-0.035243727,7.3399715e-05,0.00067841215,0
1824,0.0,-0.035885327,-7.872957e-06,0.0047521,9.9453115e-05,0.0,-0.26167443,0.028442832,-0.0035194948,0.0,0.0,0.003068859,0.0,9.184287e-06,-0.0012104912,-0.0032350644,0.00525405,0.009644216,0.008309492,7.327141,0.24237931,-0.0019240044,0.073593795,0.01618813,0.05012353,0.07585545,0.0,-0.03779971,0.0006000288,0.9994423,1
3400,0.0,0.00016515671,-0.00015809629,0.010225656,-0.00023700944,0.0,0.01394418,-0.06416863,-0.0020530242,0.0,0.0,0.0013982162,0.0,5.1797448e-05,-0.0023168023,-0.024608124,-0.00568658,-0.00953725,-0.010458036,-7.3221984,-1.149336,-0.0012097941,-0.058061004,0.0032954556,-0.10109829,0.03402417,0.0,0.049272317,7.3399715e-05,0.00017549556,0
5732,0.0,-0.013608901,0.0002014218,5.678783e-05,-0.00023700944,0.0,0.021997722,-0.059456814,-0.0006358784,0.0,0.0,0.00080086174,0.0,6.8798495e-06,0.002527796,0.03388564,-0.011786131,0.013973214,-0.01314841,-7.3221984,-1.1588448,-0.0010104037,0.0415211,0.0034923446,-0.121620886,0.036652543,0.0,-0.013437703,7.3399715e-05,0.00018970693,0
1116,0.0,-0.0024213265,-0.00016073283,-0.0003047709,-0.00023700944,0.0,0.010823012,0.08458903,-0.001149266,0.0,0.0,0.0007913144,0.0,9.184287e-06,-0.00096370745,-0.005838116,0.006424109,-0.037932955,-0.0012389026,7.327141,1.2067841,-0.0006644827,-0.07840416,-0.057024524,0.039049894,0.051862385,0.0,-0.013421044,-0.00035656057,0.99980026,1
2379,0.0,0.0017634911,-0.00034264242,-0.00038804274,-0.00023700944,0.0,0.023868976,-0.056793194,-0.0006324807,0.0,0.0,0.00080086174,0.0,-6.7109086e-06,0.002527796,0.03948714,0.0034327656,0.013825074,-0.013254708,-7.3221984,-1.1623467,-0.0010104037,0.04449158,0.0036100368,-0.11136708,0.040735178,0.0,-0.013826762,7.3399715e-05,0.00020003215,0
3696,0.0,-0.00051445793,-0.00118233,-0.0002815292,0.00065805775,0.0,0.01854301,-0.17143628,-0.0018558584,0.0,0.0,-0.0037178374,0.0,-2.8564878e-05,-0.0011662955,-0.0071901716,-0.004217046,-0.017154835,-0.01696583,-7.3221984,0.033893913,-0.018765973,-0.08383785,0.00583432,0.019300068,-0.474239,0.0,-0.046770558,7.429773e-05,0.00030276176,0
2729,0.0,0.002117741,-0.00016073283,-0.00038804274,-0.00023700944,0.0,0.022208616,-0.080505446,-0.0013354113,0.0,0.0,0.00080086174,0.0,-8.958757e-06,-0.009658282,0.040212348,0.0014639748,-0.00021552463,-0.006492086,-7.3221984,-1.1072062,-0.00107163,-0.053772572,0.0033245324,-0.07095917,0.042164356,0.0,-0.016692957,7.3399715e-05,0.00019013592,0
3440,0.0,-0.0005920661,-0.00015809629,0.0003089989,-0.00023700944,0.0,0.013890242,0.029348698,-0.004321028,0.0,0.0,0.0014633569,0.0,5.1797448e-05,0.0004571294,0.0055513657,0.0025206394,-0.004939063,0.0035095473,-7.3221984,-1.2581104,-0.0010298565,-0.10947874,0.008527278,0.01753361,0.04683472,0.0,0.02151776,0.00010529556,0.00019187226,0
4062,0.0,-0.0014101369,-0.00015809629,0.0007527494,0.00015108708,0.0,0.0177783,0.08811747,-0.0012879567,0.0,0.0,-0.0035694623,0.0,5.1797448e-05,-0.0019003835,0.0038401145,-0.010868515,0.0041533248,0.0033963555,-7.3221984,-1.2816027,-0.00096713094,0.05167512,0.009593796,0.03501614,0.061446007,0.0,0.018463245,0.00027148917,0.00023912168,0
4666,0.0,-0.00103465,-2.7742506e-05,0.0003089989,0.00015108708,0.0,0.019048346,-0.07425086,-0.0012252855,0.0,0.0,0.0013982162,0.0,-2.8666589e-05,0.0006054541,0.0050775013,0.0035715234,0.007761925,-0.009903494,-7.3221984,-1.2164859,-0.0013005907,0.061528545,0.0039664772,0.026506986,0.05249755,0.0,0.019648569,0.00010529556,0.00021745007,0
4648,0.0,-0.007935563,-0.00012407714,0.0057640783,-0.00015601149,0.0,-0.09065394,-0.07922951,-0.004924518,0.0,0.0,0.0013170175,0.0,5.1797448e-05,-0.0008189188,-0.0029798788,0.0022947036,-0.014706489,0.0055751847,-7.3221984,-1.1148595,-0.001649621,-0.041948043,-0.024144394,0.023934266,0.038239695,0.0,0.02582897,0.0006000288,0.00018191888,0
6991,0.0,0.0014571531,2.4769324e-06,-0.0018991849,-0.00023700944,0.0,0.034100823,-0.16603804,-0.0011078041,0.0,0.0,-0.0105233155,0.0,-2.8666589e-05,0.0025807116,-0.025344437,0.0020049675,0.03022679,-0.01949355,-7.3221984,0.18928859,0.012716634,0.060279086,0.006599881,-0.1957728,0.04926812,0.0,0.08734918,7.3399715e-05,0.0006916549,0
5171,0.0,-0.0023101568,-0.00015809629,-0.00041672445,-0.00023700944,0.0,0.009839914,0.076749034,-0.0018604465,0.0,0.0,0.0012307549,0.0,5.1797448e-05,-0.00096370745,-0.005172291,-0.008724368,-0.03704965,-0.0015126718,-7.3221984,-1.1847461,-0.0006465172,-0.08046732,-0.057028666,0.034415916,0.047963753,0.0,0.022196898,0.00027148917,0.00019943627,0
6702,0.0,-0.0016199781,0.0043113567,-0.0005896536,-0.00023700944,0.0,0.019882228,0.06681912,-0.0014399323,0.0,0.0,0.0014633569,0.0,5.1797448e-05,0.00045802974,-0.0048112147,0.0031309682,0.005147957,0.0038439396,-7.3221984,-1.2868654,-0.0014102977,0.070857115,0.010817267,0.040142126,0.056304824,0.0,0.021152647,0.00010529556,0.00024263086,0
2812,0.0,-0.0038628085,-0.0005199542,-0.00054181844,-0.00046696758,0.0,-0.06327258,-0.06333816,-0.0022504567,0.0,0.0,0.0006874662,0.0,2.9283974e-05,-0.001085658,-0.0030349216,0.0011986545,-0.025174763,-0.006995904,-7.3221984,-0.9911142,-0.0044667195,-0.03603869,-0.018632237,0.01464907,-0.22041538,0.0,-0.01608945,0.000294285,0.00015503795,0
1641,0.0,0.0007653309,-0.00015809629,-0.00046331246,0.00015108708,0.0,0.031400874,-0.1792222,-0.0019042321,0.0,0.0,0.0053891977,0.0,5.1797448e-05,-0.0065381075,0.0054760617,-0.0060689175,0.012571433,-0.019784765,7.327141,0.21448582,-0.002171913,0.086886816,0.008320152,0.04089241,0.08676332,0.0,0.058685444,0.00010529556,0.999526,1
2428,0.0,-0.0010056805,-0.00118233,0.00017050037,-0.0010322913,0.0,0.010617151,-0.062388632,-0.0017001778,0.0,0.0,0.0006874662,0.0,2.9283974e-05,-0.0011662955,-0.0042713173,0.0011986545,-0.029878682,-0.006964413,-7.3221984,-1.0240738,0.0044874423,-0.049335573,-0.019763518,0.015765427,-0.2474743,0.0,-0.01598076,-9.7579e-05,0.0001561398,0
3439,0.0,-0.00043622233,-0.00053401245,0.0001944552,-0.0010322913,0.0,0.011437298,-0.07148973,-0.0016516638,0.0,0.0,0.00076866493,0.0,-2.8564878e-05,-0.0014111915,0.0046674004,-0.0030058692,-0.014180733,-0.008014921,-7.3221984,-1.0302703,-0.008022411,-0.048554987,0.0029730662,0.012097244,-0.26084945,0.0,-0.016089618,7.429773e-05,0.0001561398,0
1557,0.0,-0.00012434444,-0.0001529242,-0.0023440153,0.00015108708,0.0,0.013392873,0.030903384,0.005597218,0.0,0.0,0.0014633569,0.0,0.00020286001,0.0006756522,-0.032779846,0.0021125483,-0.00479803,0.0073659993,7.327141,1.134786,-0.001302906,-0.058405545,0.0062049003,-0.12000158,0.029101929,0.0,0.037664995,7.3399715e-05,0.99976784,1
5044,0.0,-0.00085890543,-0.00118233,-0.0002815292,-0.0010322913,0.0,0.016344152,-0.079491474,-0.0019043724,0.0,0.0,0.0014148275,0.0,2.9283974e-05,-0.00068783644,-0.0071901716,0.0019588456,-0.08743648,-0.0020969384,-7.3221984,-0.030756716,-0.023782857,-0.09234374,-0.04049258,0.019049322,-0.45069,0.0,-0.04061877,-9.7579e-05,0.00028767574,0
581,0.0,0.0021233633,0.00023322791,-0.00016220505,0.0008043356,0.0,0.025603438,-0.07919053,-0.0009366498,0.0,0.0,-0.002847748,0.0,2.9388248e-05,0.004284531,0.027674405,0.0015569988,0.016361907,0.00010670256,7.327141,1.1891056,-0.0007010866,0.037997372,0.0036024211,-0.09960707,0.029814266,0.0,0.025472114,7.3399715e-05,0.99979645,1
3693,0.0,-0.008240164,-0.0001125641,-0.0016200942,9.9453115e-05,0.0,-0.15968005,-0.082335375,-0.0014538884,0.0,0.0,0.0013982162,0.0,-2.8666589e-05,0.00275249,-0.0034423862,0.0015569988,0.0067653004,-0.010143177,-7.3221984,-1.129167,-0.00089348224,0.030038452,0.0034640688,-0.09294719,0.03159384,0.0,0.02705157,0.00028831692,0.00016386593,0
4165,0.0,-0.0011684193,-0.00028362276,-0.0002575744,0.009975003,0.0,0.027848288,-0.07368989,-0.0007655359,0.0,0.0,-0.0017611181,0.0,-1.7066921e-05,-0.0023847604,0.003995967,0.0012288322,0.020251293,0.019889785,-7.3221984,-1.079327,0.00839021,0.03436932,0.003064663,0.01483323,-0.25973463,0.0,-0.0124801295,7.429773e-05,0.00018057332,0
6826,0.0,0.0041559497,-0.0002781783,0.0013690348,-0.00046696758,0.0,-0.058867373,-0.07319767,-0.0022019427,0.0,0.0,-0.0017611181,0.0,-2.8564878e-05,0.00041826992,0.0036037844,-0.0030058692,-0.00511196,-0.007535761,-7.3221984,-1.0111519,-0.0046608346,-0.043350175,0.0026283686,0.014446994,-0.24086162,0.0,-0.014878672,0.000294285,0.00015503795,0
3165,0.0,-0.011931971,-4.1892097e-05,-0.00038804274,-0.00023700944,0.0,0.03646584,-0.18153921,-0.0015396059,0.0,0.0,0.001763003,0.0,-8.958757e-06,0.0027740155,0.040117756,-0.0046953876,0.009564168,-0.022944124,-7.3221984,0.08790949,-0.0032433914,-0.10184267,0.006131347,-0.131432,0.06610039,0.0,-0.05209864,7.3399715e-05,0.0005040762,0
3362,0.0,-0.00062086206,0.0025359262,0.0006581527,0.00015108708,0.0,0.014415632,-0.065832034,-0.0013418437,0.0,0.0,-0.0018601599,0.0,9.184287e-06,-0.0023168023,-0.03725283,0.0021125483,-0.0036159158,-0.010746263,-7.3221984,-1.1093343,-0.0010545712,-0.06461796,0.0032403383,-0.12521517,0.029608648,0.0,-0.020694189,7.3399715e-05,0.00016278126,0
2273,0.0,-0.00059072376,-4.1892097e-05,0.0003450843,-0.00023700944,0.0,0.013954876,0.016753558,-0.0036098477,0.0,0.0,0.0010239165,0.0,9.184287e-06,-0.001508811,0.005853286,0.0026324778,-0.0010995297,0.008190908,-7.3221984,-1.2170637,-0.0010904722,-0.10922169,0.006062531,0.02025241,0.04847439,0.0,-0.01433658,-0.00013829004,0.00019222952,0
5288,0.0,-0.0010873198,-0.00016073283,0.0017614046,-0.00023700944,0.0,0.015164872,-0.0053898892,-0.0036405432,0.0,0.0,0.0007913144,0.0,9.184287e-06,-0.00096370745,-0.0052294796,0.0022947036,-0.038357735,0.0012180207,-7.3221984,-1.1306939,0.0014908542,-0.11696377,-0.036233492,0.028224677,0.043830086,0.0,-0.014867482,-0.00013829004,0.00018584315,0
2793,0.0,-0.00087600993,-0.00118233,-0.0002815292,-0.0010322913,0.0,0.020996924,-0.16538578,-0.0011613368,0.0,0.0,0.0016632229,0.0,-2.8564878e-05,0.00077128614,-0.004369949,-0.0046098283,-0.009631645,-0.012855122,-7.3221984,0.020921316,-0.022968981,0.06366117,0.0060888934,0.022833843,-0.5770811,0.0,-0.039141983,7.429773e-05,0.00032387278,0
1791,0.0,8.6350614e-05,-4.1892097e-05,0.00029461138,-0.00023700944,0.0,0.01202151,0.01663921,-0.0036098477,0.0,0.0,0.0010239165,0.0,9.184287e-06,-0.00096370745,-0.0053345854,-0.006216867,0.0009953454,0.008466185,7.327141,1.1505102,-0.0011260036,-0.10579502,0.006185986,0.032431744,0.047555473,0.0,-0.0144940745,0.00010529556,0.9997875,1
6974,0.0,-0.008499178,-7.509647e-06,0.00494164,-0.00015601149,0.0,-0.092171505,-0.102652304,0.014368987,0.0,0.0,-0.0018601599,0.0,1.9343477e-05,-0.0021099516,0.0044554803,-0.0040144976,0.00029871712,-0.009500006,-7.3221984,-1.1076432,-0.0010323187,-0.033219874,0.003404619,0.02844797,0.041642204,0.0,-0.014712019,0.0006000288,0.00018212349,0
2469,0.0,-0.0010161513,-0.00016073283,-0.00089687004,0.00015108708,0.0,0.033389214,-0.10653146,-0.0008649429,0.0,0.0,0.001763003,0.0,-8.958757e-06,-0.0027083745,-0.037588976,-0.016335193,0.01798901,-0.0077358196,-7.3221984,0.16041042,-0.0020046213,0.08743866,0.006498118,-0.23120016,0.06700765,0.0,-0.038573973,7.3399715e-05,0.0006095736,0
4834,0.0,-0.00079777424,-0.004081902,-0.0002575744,0.009975003,0.0,0.033687297,-0.07361707,-0.0007655359,0.0,0.0,-0.0017611181,0.0,-1.7066921e-05,0.0008375187,0.004149261,-0.0033986517,0.074974164,0.032545082,-7.3221984,-1.0780927,-0.0031125525,0.03477802,0.0030136148,0.014323386,-0.2327625,0.0,-0.012389215,7.429773e-05,0.00019663997,0
4977,0.0,-0.003319007,-0.00011252382,-0.0030278596,-0.00015601149,0.0,-0.08778709,-0.080726966,-0.0026033034,0.0,0.0,0.0013982162,0.0,5.1797448e-05,0.0008325544,-0.005036578,0.0014639748,-0.010646025,-0.011507129,-7.3221984,-1.1040882,0.0015635634,-0.042039353,0.0031470973,-0.09930337,0.027218338,0.0,0.041400876,0.00028831692,0.00016585493,0
6596,0.0,-0.004233453,-0.0005199542,-0.0013725678,-0.00046696758,0.0,-0.06294812,-0.06322977,-0.0022504567,0.0,0.0,0.0006874662,0.0,2.9283974e-05,-0.001085658,-0.003177539,-0.002553733,-0.022337887,-0.0068412274,-7.3221984,-1.0095539,0.0063728727,-0.0353249,-0.018507008,0.015043831,-0.21248578,0.0,-0.01598076,0.000294285,0.00015503795,0
3775,0.0,-0.03448328,-0.00030862325,-0.0045972364,-0.00015601149,0.0,-0.26115158,-0.21157733,-0.0048152916,0.0,0.0,-0.004044593,0.0,-6.7109086e-06,0.00224307,0.0046971506,0.0021437253,0.028658325,-0.01853239,-7.3221984,0.1548861,0.0017367908,0.0663435,0.0073899208,0.043741908,0.05874658,0.0,-0.031944104,0.0006000288,0.0005355577,0
3547,0.0,-0.0008019072,-0.00015809629,-0.0005896536,-0.00023700944,0.0,0.014206389,0.033620186,-0.004321028,0.0,0.0,0.0014633569,0.0,5.1797448e-05,-0.00096370745,-0.005172291,0.0025206394,0.00067275646,0.0037848258,-7.3221984,-1.2510208,-0.0010298565,-0.104378045,0.009598112,0.028881595,0.047052924,0.0,0.022569688,0.00010529556,0.00019635557,0
112,0.0,-0.0013241512,-0.00015809629,0.0007433873,-0.00023700944,0.0,0.018482262,-0.066196986,-0.0017000374,0.0,0.0,0.0013982162,0.0,5.1797448e-05,-0.0019003834,0.004954264,0.0035715234,0.0035770815,-0.0060979654,7.327141,1.1370846,-0.0010701914,0.062380254,0.0038870526,0.028570453,0.055510353,0.0,0.020179456,0.00010529556,0.9998122,1
494,0.0,0.00017696437,-0.00015809629,0.00018265776,-0.00023700944,0.0,0.021259079,-0.0024252157,-0.0018229764,0.0,0.0,0.0055616572,0.0,5.1797448e-05,-0.0013552798,-0.004666099,-0.016476713,0.01106788,0.008590272,7.327141,0.2970968,-0.0020376057,0.080461875,0.020409973,0.051845994,0.087474525,0.0,0.05351243,0.00010529556,0.99963915,1
4495,0.0,0.005450823,-5.236405e-06,0.0046401466,-0.00015601149,0.0,-0.14808913,0.056022927,-0.001843404,0.0,0.0,0.0014633569,0.0,5.1797448e-05,-0.0012104913,-0.002439247,0.0031309682,0.002359623,0.003971112,-7.3221984,-1.267713,-0.0008091536,0.046518102,0.010002319,0.033520103,0.048468318,0.0,0.019863693,0.0006000288,0.00019990955,0
4304,0.0,-0.00039405053,-0.00015809629,-0.00029038332,-0.00023700944,0.0,0.013875863,0.1406526,-0.0043933806,0.0,0.0,-0.01374721,0.0,5.1797448e-05,-0.001508811,0.005952683,0.0042031663,-0.010166594,0.0024619147,-7.3221984,0.28315052,-0.0018363997,-0.1361384,0.024584949,0.033781,0.07943611,0.0,0.05371798,0.00027148917,0.0010499462,0
6141,0.0,-0.0038628085,-0.0005199542,-0.0013725678,-0.00046696758,0.0,-0.06294812,-0.06322977,-0.0022504567,0.0,0.0,0.0006874662,0.0,2.9283974e-05,-0.001085658,-0.003177539,-0.002553733,-0.022548495,-0.006995904,-7.3221984,-0.99074227,-0.0044667195,-0.0353249,-0.018507008,0.015043831,-0.22035448,0.0,-0.01608945,0.000294285,0.00015503795,0
674,0.0,-0.008091727,-0.00011890505,-0.004738998,9.9453115e-05,0.0,-0.099626675,0.027049227,0.013054247,0.0,0.0,0.0014633569,0.0,-0.0001978786,-0.0008189188,-0.0027977298,0.002236116,-0.014596892,0.0026650024,7.327141,1.146649,-0.0008531474,-0.037724968,0.009063038,0.027468193,0.037191346,0.0,0.024504386,0.0006000288,0.9997842,1
3025,0.0,-0.0013241512,-0.0003413852,-0.00046331246,0.00015108708,0.0,0.021527506,0.051070474,-0.0011720748,0.0,0.0,-0.0035694623,0.0,-2.8666589e-05,0.0006054541,0.0047686608,0.0035715234,0.015807813,0.005072727,-7.3221984,-1.2815434,-0.0011370044,0.06906174,0.0065188026,0.03224845,0.050254647,0.0,0.017713895,0.00010529556,0.00023815673,0
4019,0.0,-0.00043622233,-0.0011797468,-0.0002575744,0.00065805775,0.0,0.011146525,-0.07088783,0.005006114,0.0,0.0,-0.0017611181,0.0,-0.00010330361,0.0004687383,0.004820694,-0.0030058692,-0.017579507,-0.011249797,-7.3221984,-1.0237331,-0.007833622,-0.048029505,0.002888872,0.012009646,-0.26643136,0.0,-0.017943813,7.429773e-05,0.0001561398,0
3603,0.0,-0.00051445793,-0.00118233,-0.0002815292,-0.0010322913,0.0,0.016608326,-0.18102485,-0.0018558584,0.0,0.0,-0.0037178374,0.0,-2.8564878e-05,-0.0011662955,-0.0071901716,-0.004217046,-0.033877876,-0.013757175,-7.3221984,-0.068111025,-0.026512185,-0.084106416,0.00583432,0.019300068,-0.4848227,0.0,-0.04918783,7.429773e-05,0.0002606659,0
3234,0.0,-0.003057554,-0.00016073283,-0.00089687004,0.00015108708,0.0,0.013159475,-0.015101631,-0.0013193283,0.0,0.0,0.0007913144,0.0,9.184287e-06,-0.0023168023,-0.028961698,-0.0047043553,-0.03848424,0.0009007545,-7.3221984,-1.1042905,-0.0017425395,-0.05964506,-0.033789404,-0.12104516,0.031208605,0.0,-0.017466502,-9.63996e-05,0.00016357088,0
284,0.0,-0.0012121213,-0.00015809629,-0.00029038332,0.00015108708,0.0,0.022360167,0.17098972,-0.0013603091,0.0,0.0,0.0055616572,0.0,5.1797448e-05,-0.0019003835,0.005205641,0.005451671,0.019526495,0.007441156,7.327141,0.2955221,-0.0020235593,0.07804045,0.02823826,0.049944486,0.095094204,0.0,0.043660052,0.00027148917,0.999708,1
6434,0.0,-0.0013315498,-0.00014784047,-0.00042722706,0.00015108708,0.0,0.020070007,-0.10528841,-0.0009541568,0.0,0.0,-0.0018601599,0.0,-6.7109086e-06,-0.0065381075,0.006255575,0.0016957566,0.0069002747,-0.008340791,-7.3221984,-1.1733979,-0.0010694251,0.05817271,0.0037892142,0.028138109,0.051639874,0.0,-0.012472443,0.00010529556,0.00021042732,0
2343,0.0,-0.0015339924,-0.00015809629,-0.0005896536,0.00015108708,0.0,0.018835802,-0.056700148,-0.0017000374,0.0,0.0,-0.002847748,0.0,5.1797448e-05,-0.0013552798,-0.004459897,-0.011927653,0.004800245,-0.006068144,-7.3221984,-1.2296623,-0.0012818589,0.059034005,0.0043188697,0.03454168,0.053561077,0.0,0.02180623,0.00010529556,0.00021335878,0
4562,0.0,-0.002192065,-3.9255545e-05,0.0013065893,0.00015108708,0.0,0.018890236,0.068818465,-0.0016468267,0.0,0.0,0.0014633569,0.0,5.1797448e-05,-0.0013552799,-0.004689833,0.0031309682,0.0017995203,0.0036865731,-7.3221984,-1.286055,-0.0009858627,0.07053423,0.010537393,0.042039767,0.060640235,0.0,0.02132317,0.00010529556,0.00024263086,0
3944,0.0,-0.008390524,-0.00030862325,-0.0014011011,-0.00015601149,0.0,-0.27386326,-0.19985211,-0.0044936156,0.0,0.0,0.001763003,0.0,-6.7109086e-06,0.00275249,0.013291861,0.0020049675,0.029376974,-0.01685116,-7.3221984,0.08538323,-0.0015095314,0.062072705,0.0059539787,-0.19002214,0.04617086,0.0,-0.039711177,0.00028831692,0.0004019651,0
6071,0.0,-0.007788231,-0.00012407714,0.0011415324,9.9453115e-05,0.0,-0.12520266,0.21660826,-0.0026124427,0.0,0.0,0.0055616572,0.0,5.1797448e-05,-0.0010683672,0.0036610775,0.008578801,0.0010495911,0.0036825456,-7.3221984,0.2415359,-0.0017296149,-0.048071455,0.023082955,0.055404816,0.079240635,0.0,0.058335178,0.0038704774,0.0010949762,0
2635,0.0,-0.0006350356,-0.00118233,-0.0002815292,-0.0010322913,0.0,0.010825454,-0.06085504,-0.0017001778,0.0,0.0,0.0006874662,0.0,2.9283974e-05,-0.0011662955,-0.0042713173,-0.002553733,-0.029842217,-0.0071190894,-7.3221984,-1.0060557,-0.0056429,-0.04928944,-0.019638289,0.015655123,-0.25327632,0.0,-0.01608945,7.429773e-05,0.0001561398,0
6932,0.0,-0.0029484483,-4.1892097e-05,0.0001114531,0.00015108708,0.0,0.017802909,0.090787984,-0.0005703436,0.0,0.0,0.0010239165,0.0,-8.958757e-06,0.00045802974,-0.0054624495,0.003769144,0.0039559067,0.0037857117,-7.3221984,-1.2690854,-0.0010038281,0.05354983,0.010408721,0.048857838,0.06450953,0.0,-0.012179574,-0.00035656057,0.00024263086,0
5792,0.0,-0.015657881,6.276641e-06,-0.0003764332,9.9453115e-05,0.0,-0.21790782,-0.19494662,-0.0047977846,0.0,0.0,-0.010093039,0.0,2.9388248e-05,0.0023430695,0.003374583,0.0020049675,0.02591968,-0.019556642,-7.3221984,0.059713744,-0.001953883,0.05186857,0.00593805,-0.17628235,0.05220695,0.0,0.08393201,0.00028831692,0.0004594215,0
120,0.0,-0.0016089568,-0.00016073283,0.00029461138,-0.00023700944,0.0,0.026446901,-0.008075304,-0.0011117959,0.0,0.0,0.003068859,0.0,9.184287e-06,-0.0013552798,-0.0058354544,-0.016476713,0.008670194,0.00823353,7.327141,0.26868182,-0.0018703141,0.09353409,0.019544484,0.055143975,0.09145406,0.0,-0.03985724,0.00010529556,0.99959725,1
2124,0.0,-0.0014317036,-4.1892097e-05,-0.0004520395,-0.00023700944,0.0,0.013850064,-0.0559594,-0.0013418437,0.0,0.0,0.000719663,0.0,9.184287e-06,-0.0023168023,-0.037597906,0.0017747739,-0.039855395,0.00033124676,-7.3221984,-1.0770632,-0.0011189723,-0.06710551,-0.02194653,-0.123934165,0.03136026,0.0,-0.018625079,7.3399715e-05,0.00016128892,0
5015,0.0,0.0007653309,-0.0003413852,-0.00046331246,-0.00023700944,0.0,0.031872,-0.18185815,-0.0014625206,0.0,0.0,-0.010093039,0.0,2.9388248e-05,0.0023621889,0.0058172722,0.0021437253,0.022903137,-0.01918411,-7.3221984,0.23483056,-0.0016860104,0.089329675,0.00819712,0.03910525,0.07896779,0.0,0.04841897,0.00010529556,0.0009278494,0
4163,0.0,-0.0006350356,-0.00118233,-0.0002815292,0.00065805775,0.0,0.011396518,-0.063581005,-0.0017001778,0.0,0.0,0.0006874662,0.0,2.9283974e-05,-0.0011662955,-0.0042713173,0.0011986545,-0.027769791,-0.0107085705,-7.3221984,-1.0069628,-0.007961453,-0.049267884,-0.019763518,0.015744723,-0.25180733,0.0,-0.01608945,7.429773e-05,0.0001561398,0
5821,0.0,-0.00103465,-2.7742506e-05,0.0007433873,0.00015108708,0.0,0.018977838,-0.10352607,-0.0012252855,0.0,0.0,0.0013982162,0.0,-2.8666589e-05,-0.0065381075,0.0043965513,0.0016957566,0.006107949,-0.009392178,-7.3221984,-1.2052668,-0.0010701914,0.055704236,0.0038870526,0.02801274,0.05052872,0.0,0.02148416,0.00010529556,0.00021042732,0
2885,0.0,-0.0017311479,-0.00016073283,-0.0003047709,0.00015108708,0.0,0.018052202,0.09136259,-0.0005767761,0.0,0.0,0.0010239165,0.0,9.184287e-06,-0.0013552799,-0.005705462,-0.010868515,0.0020322087,0.0045748507,-7.3221984,-1.2657151,-0.0014282631,0.054079086,0.009896039,0.048741773,0.06341922,0.0,-0.012196876,-0.00035656057,0.00023912168,0
2601,0.0,-0.0038361263,-0.0005199542,-0.0013725678,-0.00046696758,0.0,-0.09582235,-0.13389471,-0.005561312,0.0,0.0,0.0014148275,0.0,2.9283974e-05,-0.001085658,-0.0060963933,-0.0030978988,-0.048379526,-0.012725893,-7.3221984,-0.09247592,-0.018924752,-0.06303423,-0.036447488,0.019878775,-0.3990416,0.0,-0.050507158,0.000294285,0.00025273554,0
2361,0.0,0.002117741,-0.00016073283,-0.00038804274,0.00015108708,0.0,0.022235803,-0.07651002,-0.0013418437,0.0,0.0,-0.0018601599,0.0,9.184287e-06,0.0027740155,0.040768653,-0.003484211,0.002105388,-0.01562495,-7.3221984,-1.1054553,-0.0012090278,-0.057367258,0.0032290847,-0.069093175,0.041768998,0.0,-0.015969332,7.3399715e-05,0.0001907275,0
2129,0.0,-0.0019864957,-0.00053401245,0.00017050037,0.00065805775,0.0,0.016671294,-0.14718413,-0.0018558584,0.0,0.0,0.0016632229,0.0,-2.8564878e-05,-0.00068783644,-0.0071901716,0.0034905178,-0.035447046,-0.016798241,-7.3221984,-0.05476276,-0.028146425,-0.09048282,0.005913148,0.019418772,-0.48807836,0.0,-0.04568301,7.429773e-05,0.000274017,0
5179,0.0,-0.0013315498,-0.00016073283,-0.00042722706,-0.00023700944,0.0,0.019676292,-0.0987267,-0.0009888569,0.0,0.0,0.00080086174,0.0,9.184287e-06,-0.0065381075,0.006255575,-0.004857741,0.0028962945,-0.00842515,-7.3221984,-1.1739641,-0.00093202747,0.057528414,0.003724249,0.028064694,0.05614,0.0,-0.013284956,-0.00013829004,0.00021042732,0
4844,0.0,-0.0006350356,-0.00118233,-0.0002815292,-0.0010322913,0.0,0.010885546,-0.060835257,-0.0017001778,0.0,0.0,0.0006874662,0.0,2.9283974e-05,-0.0011662955,-0.0042713173,-0.002553733,-0.03125993,0.0017529909,-7.3221984,-1.0063536,-0.0056429,-0.0488411,-0.019638289,0.015646724,-0.25433606,0.0,-0.01608945,-9.7579e-05,0.0001571492,0
952,0.0,-0.0013987718,-4.1892097e-05,0.00038327288,-0.00023700944,0.0,0.014163382,0.19862124,-0.0012216184,0.0,0.0,-0.008761319,0.0,9.184287e-06,-0.00096370745,-0.0062190457,-0.014793105,-0.0029728068,0.005298821,7.327141,0.2630608,-0.0018995075,-0.1233549,0.024832895,0.05181144,0.08719171,0.0,-0.038590353,0.00027148917,0.9995751,1
3119,0.0,0.00029766047,-0.00053401245,0.00017050037,-0.0010322913,0.0,0.01039983,-0.072642796,-0.0016516638,0.0,0.0,-0.0017611181,0.0,-2.8564878e-05,0.00040250568,-0.0042054243,-0.0030058692,-0.014217589,-0.007953731,-7.3221984,-1.0255455,-0.005837015,-0.050555535,0.002819448,0.015847543,-0.2589885,0.0,-0.015411681,7.429773e-05,0.0001561398,0
236,0.0,-0.0014101369,-0.00015809629,-0.00029038332,-0.00023700944,0.0,0.017495047,0.08002172,-0.0016468267,0.0,0.0,0.0014633569,0.0,5.1797448e-05,-0.0019003835,0.0044274502,0.0031309682,0.004347404,0.003894016,7.327141,1.0729079,-0.0014102977,0.063498065,0.010817267,0.034960024,0.062050622,0.0,0.019122368,0.00027148917,0.9998317,1
1119,0.0,0.0021233633,-0.00014658325,-0.0006070356,0.00015108708,0.0,0.023936743,-0.07790837,-0.0009036094,0.0,0.0,-0.002847748,0.0,-2.8666589e-05,-0.013645994,0.023730954,-0.004716219,0.008791835,-0.0037161706,7.327141,1.1905366,-0.00087587663,0.035263803,0.003484729,-0.1063093,0.040392835,0.0,0.025578914,7.3399715e-05,0.99978834,1
2339,0.0,0.0016108878,-3.9255545e-05,-0.0023440153,-0.00023700944,0.0,0.033457905,-0.17349038,-0.0015825559,0.0,0.0,-0.010093039,0.0,5.1797448e-05,-0.007346099,-0.024794158,0.0020049675,0.027369265,-0.018011356,-7.3221984,0.1615869,-0.0017154595,0.063568614,0.006599881,-0.19571473,0.066293426,0.0,0.08857086,7.3399715e-05,0.00066476304,0
3125,0.0,0.00073897524,-0.00037118097,0.00017050037,0.00065805775,0.0,0.01722052,-0.073361285,-0.0007655359,0.0,0.0,-0.0017611181,0.0,-1.7066921e-05,0.00077128614,-0.0038466835,0.0012288322,0.017996214,-0.0043231277,-7.3221984,-1.0606378,-0.0053406293,0.035714004,0.0029637718,0.018900445,-0.29272336,0.0,-0.012753138,7.429773e-05,0.0001681128,0
1012,0.0,0.0019458921,0.00020267903,-0.00024177087,-0.00023700944,0.0,0.032655,0.13968828,-0.00092275103,0.0,0.0,-0.01374721,0.0,-2.8666589e-05,0.002527796,0.023767864,0.0046747373,0.03379744,0.0046746666,7.327141,0.24147606,-0.0017680562,0.062813774,0.025774084,-0.19468477,0.064650625,0.0,0.04789626,0.00014559591,0.9995876,1
6988,0.0,0.0014853163,0.0025362896,5.678783e-05,-0.00023700944,0.0,0.021431345,-0.07929959,0.0042074956,0.0,0.0,-0.0018601599,0.0,-1.8868479e-05,0.0027740155,0.040768653,0.0014639748,-0.0038147767,-0.013075691,-7.3221984,-1.1018852,0.00092327676,-0.05720685,0.0032403383,-0.07700235,0.03794038,0.0,-0.015731378,7.3399715e-05,0.0001907275,0
4804,0.0,-0.00062086206,-0.00016073283,-0.00089687004,0.00015108708,0.0,0.014649761,-0.08246118,-0.0013354113,0.0,0.0,-0.0018601599,0.0,-8.958757e-06,0.0010701965,-0.041658167,0.0014639748,0.003774375,-0.012469923,-7.3221984,-1.1050929,-0.0012090278,-0.058364887,0.0032718054,-0.12425392,0.032835893,0.0,-0.018595342,7.3399715e-05,0.00016278126,0
3257,0.0,-0.0007718064,-4.1528787e-05,-0.00042722706,0.00015108708,0.0,0.013439513,-0.07224157,0.010508542,0.0,0.0,-0.0018601599,0.0,1.9343477e-05,-0.001508811,0.0063179117,0.0026324778,0.0008983857,0.007026234,-7.3221984,-1.1513637,-0.0012090278,-0.087402694,0.0036384186,0.02363259,0.048529014,0.0,-0.013800336,0.00010529556,0.00019448316,0
4722,0.0,-0.0006038917,-3.9255545e-05,0.00018265776,-0.00023700944,0.0,0.017481688,0.11193473,-0.0043933806,0.0,0.0,0.0055616572,0.0,5.1797448e-05,-0.00096370745,-0.0056100823,0.0042031663,-0.0037066513,0.002752132,-7.3221984,0.26172298,-0.0019063241,-0.14302146,0.02663643,0.03892778,0.07714451,0.0,0.06258139,0.00010529556,0.0010245973,0
3584,0.0,0.003923344,-0.00014658325,-0.0006070356,-0.00023700944,0.0,0.041536838,-0.16270515,-0.0011078041,0.0,0.0,-0.010093039,0.0,-2.8666589e-05,-0.013645994,0.024470726,-0.0059273955,0.019421723,-0.013995662,-7.3221984,0.16142473,-0.0017154595,0.059685145,0.006482189,-0.16530982,0.06815764,0.0,0.06268058,7.3399715e-05,0.000703388,0
6818,0.0,0.00092740846,-4.1892097e-05,0.00029461138,-0.00023700944,0.0,0.021167414,-0.13107133,-0.0038672532,0.0,0.0,0.0015146076,0.0,9.184287e-06,-0.00096370745,-0.008898918,-0.00649245,-0.09076375,-0.00660596,-7.3221984,0.098901644,-0.0029042051,-0.16138041,-0.05918467,0.042075615,0.07066556,0.0,-0.04616271,0.00010529556,0.0004931773,0
5135,0.0,0.0016862463,-0.00014784047,-0.00038804274,0.00015108708,0.0,0.023916451,-0.04815151,-0.0006358784,0.0,0.0,-0.0018601599,0.0,6.8798495e-06,0.002527796,0.03948714,0.0034327656,0.008179536,-0.009675625,-7.3221984,-1.1712619,-0.0010694251,0.045536853,0.0035573097,-0.11136708,0.04331836,0.0,-0.012905811,7.3399715e-05,0.00020003215,0
4169,0.0,-0.00828107,-0.0001416159,-0.0016200942,-0.0005566888,0.0,-0.16590598,-0.0808378,-0.0014538884,0.0,0.0,-0.002847748,0.0,-2.8666589e-05,0.00275249,-0.0026477901,0.0015569988,0.012988969,-0.0057529025,-7.3221984,-1.126778,0.001026124,0.029653253,0.0034113417,-0.091356464,0.026114779,0.0,0.025361108,0.00028831692,0.00016386593,0
1360,0.0,0.0008158704,-0.00015809629,0.00018265776,0.00015108708,0.0,0.012249811,-0.033998124,-0.001677522,0.0,0.0,-0.0035694623,0.0,5.1797448e-05,0.00045802974,-0.004307684,0.0035715234,0.004825807,-0.006147569,7.327141,1.1122223,-0.0010097811,0.060923036,0.005784115,0.035160176,0.05487508,0.0,0.021302877,0.00010529556,0.9998122,1
1151,0.0,-0.0005403341,-0.00016036953,-0.00047769997,0.00015108708,0.0,0.019311683,-0.17155737,0.011934666,0.0,0.0,-0.004044593,0.0,-1.8868479e-05,0.0003097051,-0.009753766,0.0043150047,-0.009274493,-0.017530331,7.327141,0.18534252,-0.002981204,-0.15396516,0.007905441,0.044170875,0.07644689,0.0,-0.04506317,0.00010529556,0.99929225,1
252,0.0,-0.0016089568,-0.00016073283,-0.00047769997,-0.00023700944,0.0,0.030723758,-0.11792753,-0.0011930516,0.0,0.0,-0.004044593,0.0,9.184287e-06,-0.0013552798,-0.0064746626,0.00525405,0.016513625,-0.0068449173,7.327141,0.23357093,-0.0019346968,0.11526979,0.008051752,0.056204073,0.09369934,0.0,-0.028395487,0.00010529556,0.9995504,1
5286,0.0,0.0019730034,-0.00031209353,0.003477159,0.0008043356,0.0,0.043987602,-0.17497692,-0.0008366754,0.0,0.0,-0.004044593,0.0,-6.7109086e-06,0.004284531,0.03672213,0.0020049675,0.037264068,-0.009965263,-7.3221984,0.1612612,-0.0013504776,0.076341726,0.0064545125,-0.16700459,0.055247568,0.0,-0.03524033,7.3399715e-05,0.00067841215,0
1946,0.0,0.010887797,-5.236405e-06,0.0010358559,-0.00015601149,0.0,-0.062003568,0.11305977,-0.0020570238,0.0,0.0,0.0012307549,0.0,5.1797448e-05,-0.0008189188,-0.0025719013,-0.008724368,-0.03620532,0.017225124,-7.3221984,-1.2052139,0.0016262076,-0.056788113,-0.025686381,0.036723815,0.048271876,0.0,0.022022935,0.0038704774,0.00020847838,0
2890,0.0,-0.008116911,-0.0001267137,-0.004627045,-0.00015601149,0.0,-0.10643005,-0.015952151,-0.0040492923,0.0,0.0,0.0010239165,0.0,9.184287e-06,0.0002705467,-0.0036243238,0.0026324778,0.0014704966,0.007464017,-7.3221984,-1.1671584,-0.00091376307,-0.049504664,0.0049544387,0.028144602,0.041017964,0.0,-0.0152903125,0.0006000288,0.00018049913,0
4900,0.0,-0.0038361263,-0.0007061977,-0.0013725678,-0.00046696758,0.0,-0.0967011,-0.13545534,-0.005561312,0.0,0.0,0.0014148275,0.0,2.9283974e-05,-0.001085658,-0.0060963933,-0.0030978988,-0.05325523,-0.003374429,-7.3221984,-0.09328866,-0.020898566,-0.064678244,-0.036447488,0.019663054,-0.39153725,0.0,-0.048089884,-0.00038649963,0.00025436922,0
3424,0.0,-0.034531657,-0.00012407714,0.0051802113,-0.00015601149,0.0,-0.16899353,-0.02578117,-0.0020862713,0.0,0.0,0.0014633569,0.0,5.1797448e-05,-0.0014599395,0.0023538182,0.0035715234,0.0038211793,-0.0059867273,-7.3221984,-1.2263092,-0.00085180375,0.031679757,0.005400083,0.02491173,0.040457845,0.0,0.020163657,0.0006000288,0.00017372411,0
3087,0.0,0.026487496,-4.1892097e-05,-0.0005316053,0.00015108708,0.0,0.011595408,0.08741019,-0.0007064554,0.0,0.0,0.0007913144,0.0,9.184287e-06,-0.0023168023,-0.018028216,-0.0047871917,-0.030757552,0.016541239,-7.3221984,-1.160796,0.0014315329,-0.04962379,-0.025427174,-0.13113981,0.039730757,0.0,-0.0126404045,-0.00019121855,0.00018702474,0
6498,0.0,-0.008240164,-0.0001125641,0.00028633652,9.9453115e-05,0.0,-0.16116278,-0.06078235,-0.0014869289,0.0,0.0,0.0013982162,0.0,2.9388248e-05,0.0009957553,-0.004925116,-0.011786131,0.008192156,-0.010733917,-7.3221984,-1.1372765,-0.00089348224,0.030708507,0.0033463766,-0.09178238,0.031688068,0.0,0.025476472,0.00028831692,0.00016360098,0
1053,0.0,-0.0012121213,-0.00014658325,-0.00029038332,-0.00023700944,0.0,0.022604568,0.15932411,-0.0012444272,0.0,0.0,-0.01374721,0.0,-2.8666589e-05,-0.0019003835,0.004647928,0.004813495,0.022781765,0.007947469,7.327141,0.33212283,-0.0016946318,0.0906071,0.027371325,0.048532855,0.09361899,0.0,0.038432382,0.00027148917,0.9997116,1
1187,0.0,-0.0006019542,-0.0011546398,-0.00032881938,-0.0010322913,0.0,0.012677503,-0.05395072,-0.009215573,0.0,0.0,0.0011720208,0.0,-0.00034205965,-0.00086770795,-0.0034561288,0.001956089,-0.0072805127,-0.007843121,7.327141,1.2553691,-0.007880303,0.034831055,0.003207006,0.017765265,-0.30675688,0.0,0.037636038,7.429773e-05,0.9997471,1
6592,0.0,-0.0015679173,-0.00016073283,-0.00047769997,0.00015108708,0.0,0.018908089,-0.10522591,-0.0009888569,0.0,0.0,-0.0018601599,0.0,9.184287e-06,-0.005993004,-0.0062539456,0.0016957566,0.003091841,-0.008969437,-7.3221984,-1.1728724,-0.0008944236,0.058294315,0.0037892142,0.041888393,0.05545628,0.0,-0.013041949,0.00010529556,0.00021042732,0
3551,0.0,-0.0006405043,-0.00016073283,-0.00042722706,0.00015108708,0.0,0.019175094,0.10887863,-0.0036757672,0.0,0.0,0.003068859,0.0,-8.958757e-06,-0.001508811,0.0065958137,0.0042031663,-0.01678442,0.0037033637,-7.3221984,0.26369512,-0.001969432,-0.15872778,0.024665821,0.031251676,0.079925105,0.0,-0.04537915,0.00010529556,0.0008974108,0
4360,0.0,0.00083245325,-0.00053401245,0.00017050037,0.00065805775,0.0,0.010367283,-0.06235169,-0.0017001778,0.0,0.0,0.0006874662,0.0,2.9283974e-05,-0.0011662955,-0.00404759,-0.002553733,-0.02967246,-0.00988601,-7.3221984,-1.0063399,-0.00578433,-0.049787577,-0.019110493,0.01597869,-0.25352633,0.0,-0.015696993,7.429773e-05,0.0001561398,0
1776,0.0,0.0017927713,-3.9255545e-05,-5.00484e-07,-0.00023700944,0.0,0.011602884,0.08947716,-0.0012879567,0.0,0.0,0.0014633569,0.0,5.1797448e-05,-0.0013552799,-0.0045361063,-0.010868515,0.0022572235,0.0041612685,7.327141,1.0767347,-0.001021394,0.052515633,0.0081242155,0.046600938,0.06126328,0.0,0.019863693,0.00027148917,0.9998292,1
1240,0.0,-0.00059072376,-0.00016036953,-0.00042722706,0.00015108708,0.0,0.014772172,-0.061550688,0.010508542,0.0,0.0,0.00080086174,0.0,1.9343477e-05,-0.001508811,0.005853286,-0.006216867,-7.3951436e-05,0.0069041997,7.327141,1.2056673,-0.0012277595,-0.081067845,0.0041712364,0.02087395,0.048246514,0.0,-0.015085608,0.00010529556,0.99979,1
1620,0.0,-0.00042642027,-0.00015809629,-0.0005896536,-0.00023700944,0.0,0.014679176,-0.09090865,-0.004374239,0.0,0.0,0.0013982162,0.0,5.1797448e-05,-0.00096370745,-0.005704243,0.0026324778,-0.0002524278,-0.00978492,7.327141,1.1900752,-0.0012097941,-0.09478002,0.003736257,0.027803877,0.043504126,0.0,0.025278894,0.00010529556,0.99977916,1
6461,0.0,0.0024776135,-0.00015809629,-0.0006070356,-0.00023700944,0.0,0.022155046,-0.076370746,-0.0019573753,0.0,0.0,-0.002847748,0.0,-5.0525516e-05,0.0027740155,0.03312518,0.0014639748,0.0007296883,-0.015156962,-7.3221984,-1.1477913,-0.0010349328,-0.05497935,0.0033169168,-0.065861635,0.04018938,0.0,0.027516859,7.3399715e-05,0.0001907275,0
172,0.0,-0.0014101369,-0.00015809629,-0.00029038332,0.00015108708,0.0,0.017698739,0.09138403,-0.0012879567,0.0,0.0,0.0014633569,0.0,5.1797448e-05,-0.0019003835,0.0049851635,-0.010868515,0.0031674784,0.006027818,7.327141,1.0733056,-0.0014102977,0.050733797,0.008535483,0.03616119,0.061466217,0.0,0.018756839,0.00027148917,0.9998292,1
5318,0.0,-0.008039666,-0.00012635038,-0.004627045,-0.00015601149,0.0,-0.09572552,-0.103880055,0.014368987,0.0,0.0,-0.0018601599,0.0,1.9343477e-05,-0.0018605032,-0.004109032,-0.0036816893,-0.010926827,-0.009501129,-7.3221984,-1.095229,-0.0010323187,-0.0343839,0.003404619,0.030760057,0.040052146,0.0,-0.015351273,0.0006000288,0.00017818176,0
1630,0.0,-0.0006038917,-0.0001529242,-0.00041672445,0.00015108708,0.0,0.012478747,0.15672083,0.012392202,0.0,0.0,0.0055616572,0.0,0.00020286001,-0.00096370745,-0.0056100823,0.0027013323,-0.045723982,0.0059006372,7.327141,0.25148058,-0.0019063241,-0.12566938,0.02663643,0.04786938,0.07574869,0.0,0.060838178,0.00027148917,0.9995888,1
2864,0.0,-0.008225065,-0.00012407714,-0.004738998,9.9453115e-05,0.0,-0.097519785,0.0022981684,-0.0045176055,0.0,0.0,0.0012307549,0.0,5.1797448e-05,-0.0008189188,-0.0027977298,0.0022947036,-0.03818193,0.0014994848,-7.3221984,-1.1628219,-0.0015123335,-0.05443303,-0.038109735,0.02478135,0.03581556,0.0,0.022975603,0.0006000288,0.00017450257,0
3232,0.0,-0.0029180655,-0.0001305134,-0.00089687004,0.00015108708,0.0,0.013816792,-0.07880035,-0.0013418437,0.0,0.0,-0.001975425,0.0,9.184287e-06,0.0010701965,-0.035835445,-0.003484211,-0.0043576243,-0.012384629,-7.3221984,-1.1034812,0.008803502,-0.056362893,0.0032290847,-0.12584475,0.027599173,0.0,-0.018636592,7.3399715e-05,0.00016278126,0
3867,0.0,-0.0030020701,-0.0001267137,-0.0014011011,-0.00015601149,0.0,-0.1300684,-0.080220096,-0.0018921229,0.0,0.0,0.00080086174,0.0,9.184287e-06,-0.00399354,0.012091415,-0.003484211,-0.004557255,-0.0125548765,-7.3221984,-1.0609428,-0.0010510504,-0.039364126,0.0030592652,-0.102051996,0.030000322,0.0,-0.016699389,0.00028831692,0.00015898207,0
5173,0.0,-0.0006038917,-0.00015809629,-0.00041672445,-0.00023700944,0.0,0.014417482,0.1945606,-0.0019327989,0.0,0.0,0.0055616572,0.0,5.1797448e-05,0.0003097051,-0.0059613995,0.008578801,0.00023348944,0.0030170663,-7.3221984,0.2674541,-0.002330759,-0.110510916,0.026916303,0.04908598,0.08341561,0.0,0.059387103,0.00027148917,0.0011811025,0
3726,0.0,-0.0006350356,-0.0009960865,-0.0002815292,-0.0010322913,0.0,0.010825454,-0.06433975,-0.0017001778,0.0,0.0,0.0006874662,0.0,2.9283974e-05,-0.0011662955,-0.0042713173,0.0011986545,-0.029198967,-0.007575265,-7.3221984,-1.0067823,-0.005462384,-0.049267884,-0.019763518,0.015744723,-0.2533571,0.0,-0.01608945,7.429773e-05,0.0001561398,0
1094,0.0,-0.0023851213,-0.00016073283,-0.00047769997,0.00015108708,0.0,0.016947629,0.047781583,-0.0036821999,0.0,0.0,0.0017337969,0.0,9.184287e-06,-0.00096370745,-0.0062759076,0.0025136904,-0.08675871,-0.018256223,7.327141,0.15894276,-0.0015860925,-0.15370639,-0.16673858,0.041853916,0.072582945,0.0,-0.042297676,-0.00013829004,0.9992368,1
5541,0.0,0.0313681,-7.872957e-06,0.0010707123,9.9453115e-05,0.0,-0.07556065,-0.04126371,-0.0018921229,0.0,0.0,0.000719663,0.0,9.184287e-06,-0.0014381174,0.0031449173,0.0017747739,-0.03592223,0.0014372568,-7.3221984,-1.0562576,-0.0009777944,-0.06004942,-0.021668993,-0.105443306,0.03192652,0.0,-0.0139389075,0.00028831692,0.00017097464,0
2629,0.0,-0.00103465,-0.00015809629,-0.00046331246,-0.00023700944,0.0,0.019498551,-0.10184854,-0.0017000374,0.0,0.0,0.0013982162,0.0,5.1797448e-05,-0.0065381075,0.004736291,0.0016957566,0.0036370957,-0.009398432,-7.3221984,-1.2073518,-0.0013005907,0.056040492,0.0039664772,0.028285552,0.053457573,0.0,0.022240737,0.00010529556,0.00021042732,0
4485,0.0,-0.0002359248,-4.1528787e-05,0.00029461138,-0.00023700944,0.0,0.011853955,-0.09926264,0.010508542,0.0,0.0,0.00080086174,0.0,1.9343477e-05,0.00070424937,-0.00633138,-0.0040144976,-0.002335943,-0.009443061,-7.3221984,-1.121859,-0.0012277595,-0.086385086,0.003648425,0.03404108,0.04677701,0.0,-0.015688872,0.00010529556,0.00018976157,0
2210,0.0,-0.0006350356,-0.00053401245,0.00035595437,-0.0010322913,0.0,0.010617151,-0.060530294,-0.0017001778,0.0,0.0,0.0006874662,0.0,2.9283974e-05,-0.0011662955,-0.0042396495,-0.002553733,-0.031278092,-0.006990394,-7.3221984,-1.0060557,-0.0056429,-0.04928944,-0.019638289,0.015603454,-0.25310713,0.0,-0.016161826,-9.7579e-05,0.0001561398,0
5301,0.0,-0.0016199781,-0.00015809629,0.0018223801,0.00015108708,0.0,0.017316688,0.09040018,-0.0012879567,0.0,0.0,0.0014633569,0.0,5.1797448e-05,-0.0013552799,-0.0044310004,0.003769144,0.0025309103,0.0039515076,-7.3221984,-1.2906038,-0.0014102977,0.05108247,0.010817267,0.042681906,0.062033277,0.0,0.020037657,0.00027148917,0.00024263086,0
799,0.0,-0.0014947804,-0.00016073283,-0.00025429795,-0.00023700944,0.0,0.017495047,0.082303666,-0.0009292136,0.0,0.0,0.0010239165,0.0,-8.958757e-06,-0.0019003835,0.0055409446,0.0031309682,0.0039239326,0.003713281,7.327141,1.0945557,-0.0010038281,0.065750994,0.010408721,0.036318775,0.06479513,0.0,-0.011837053,0.00027148917,0.9998317,1
399,0.0,-0.00039405053,-0.0001529242,-0.00029038332,-0.00023700944,0.0,0.014208983,0.18107417,0.005727291,0.0,0.0,-0.01374721,0.0,0.00020286001,-0.001508811,0.005952683,0.008578801,-0.0004462126,0.021185769,7.327141,0.3206043,-0.0018363997,-0.10016283,0.025769494,0.04020967,0.0812932,0.0,0.055987507,0.00027148917,0.9996511,1
2585,0.0,-0.00063162966,-0.00016073283,-0.00042722706,0.00015108708,0.0,0.015613175,-0.072361976,-0.0036566257,0.0,0.0,-0.0018601599,0.0,-8.958757e-06,-0.001508811,0.0066070165,-0.006216867,0.0048112473,-0.010524737,-7.3221984,-1.1553935,0.0012635113,-0.0934592,0.003460989,0.018640451,0.04477199,0.0,-0.013230102,0.00010529556,0.00018494637,0
5238,0.0,-0.00103465,-0.0003413852,0.00057982025,-0.00023700944,0.0,0.020440275,-0.09783032,-0.001258326,0.0,0.0,-0.002847748,0.0,2.9388248e-05,0.0023621889,0.0047856965,0.0016957566,0.013191246,-0.0072982213,-7.3221984,-1.202211,-0.0007727004,0.057502806,0.0038343256,0.024236271,0.04592226,0.0,0.019685274,0.00010529556,0.00021370429,0
2104,0.0,0.0011719724,0.0002014218,5.678783e-05,0.00015108708,0.0,0.025089039,-0.07550798,-0.0006324807,0.0,0.0,-0.0018601599,0.0,-6.7109086e-06,0.004284531,0.042874288,-0.004716219,0.017115798,-0.003495085,-7.3221984,-1.1459082,-0.0009662489,0.04030125,0.0034396176,-0.1052553,0.034360267,0.0,-0.013264675,7.3399715e-05,0.00020065221,0
1795,0.0,0.00898653,-7.872957e-06,-0.0012240501,9.9453115e-05,0.0,-0.115036964,0.22122979,-0.0019012621,0.0,0.0,0.003068859,0.0,9.184287e-06,-0.0008189188,-0.0036755176,-0.014793105,-0.011923403,0.0052804183,7.327141,0.22687131,-0.0019262583,-0.10365278,0.020961808,0.05869223,0.08200967,0.0,-0.04209896,-0.0050832955,0.9995209,1
250,0.0,0.0021233633,-0.0003413852,-0.0006070356,0.00015108708,0.0,0.024843575,-0.079432316,-0.0009366498,0.0,0.0,-0.002847748,0.0,2.9388248e-05,0.004284531,0.027674405,0.0015569988,0.012342421,-0.0035424067,7.327141,1.1890002,-0.00079812354,0.037997372,0.0036024211,-0.09934651,0.040098988,0.0,0.025472114,7.3399715e-05,0.99979645,1
3859,0.0,0.002117741,-0.00016073283,-0.00038804274,0.00015108708,0.0,0.02132897,-0.08111621,-0.0013354113,0.0,0.0,-0.0018601599,0.0,-8.958757e-06,-0.009658282,0.036825202,0.0014639748,0.0041756835,-0.01562495,-7.3221984,-1.1084846,-0.0012090278,-0.054357216,0.0032718054,-0.07710955,0.040615935,0.0,-0.015524808,7.3399715e-05,0.00018628295,0
2464,0.0,0.002117741,-0.00016073283,-0.00038804274,0.00015108708,0.0,0.022256095,-0.07997597,-0.0013418437,0.0,0.0,-0.0018601599,0.0,9.184287e-06,-0.009658282,0.040212348,0.0014639748,-0.00021437003,-0.0067098727,-7.3221984,-1.1057934,-0.0010340263,-0.053772572,0.0032718054,-0.07095917,0.041943915,0.0,-0.015969332,7.3399715e-05,0.00019013592,0
1988,0.0,0.0014653547,-4.1892097e-05,0.00029461138,-0.00023700944,0.0,0.012202333,-0.03369032,-0.00096634147,0.0,0.0,0.0010239165,0.0,9.184287e-06,0.00045802974,-0.0054624495,0.0035715234,0.0040284637,-0.005937471,-7.3221984,-1.2329538,-0.0010820098,0.06337064,0.0055708215,0.04168611,0.057577364,0.0,-0.013073119,0.00010529556,0.00021745007,0
1719,0.0,-0.0008019072,-0.0001529242,-0.00041672445,0.00015108708,0.0,0.009915159,0.104813285,0.0052197184,0.0,0.0,0.0014633569,0.0,0.00020286001,-0.00096370745,-0.005172291,-0.009474776,-0.013828959,0.008966772,7.327141,1.1166899,-0.0014542914,-0.07202234,0.00781117,0.037711225,0.047506,0.0,0.02483921,0.00027148917,0.99981207,1
63,0.0,-0.0030707915,-3.408346e-05,0.00012584063,0.00015108708,0.0,0.010187655,0.10046134,0.0052197184,0.0,0.0,0.0014633569,0.0,0.00020286001,-0.001508811,0.0047257557,0.006896274,0.004549111,0.004110778,7.327141,1.1088221,-0.0014542914,-0.070013896,0.009877985,0.032007575,0.04956677,0.0,0.023613317,0.00027148917,0.9998167,1
654,0.0,-0.0011261356,-0.00014658325,-0.00046331246,-0.00023700944,0.0,0.028611436,-0.0072553228,-0.0013812649,0.0,0.0,0.0055616572,0.0,2.9388248e-05,0.0006054541,0.0049891383,0.00525405,0.016758963,-0.0068305167,7.327141,0.32966876,-0.001978878,0.08492585,0.020527665,0.039020214,0.08456923,0.0,0.04967185,0.00010529556,0.99965405,1
784,0.0,-0.0015339924,-0.00015809629,-0.0005896536,-0.00023700944,0.0,0.018868914,-0.066178754,-0.0017000374,0.0,0.0,-0.002847748,0.0,5.1797448e-05,-0.0013552798,-0.0052591464,0.0035715234,0.0021484764,-0.005743262,7.327141,1.1429328,-0.0012818589,0.06288706,0.00391375,0.038591474,0.054743275,0.0,0.020881666,0.00010529556,0.9998122,1
2070,0.0,-0.0027285696,-0.00118233,0.00017050037,0.00065805775,0.0,0.016324027,-0.12764029,-0.0019043724,0.0,0.0,0.0014148275,0.0,2.9283974e-05,-0.0011662955,-0.006966444,-0.0030978988,-0.06376009,-0.0064050346,-7.3221984,-0.06849045,-0.023782857,-0.08607931,-0.04036735,0.019380856,-0.4487917,0.0,-0.047919758,7.429773e-05,0.0002682101,0
3180,0.0,0.010031921,-7.872957e-06,0.0011478094,9.9453115e-05,0.0,-0.07287216,0.11781239,-0.0013458433,0.0,0.0,0.0010239165,0.0,9.184287e-06,-0.0008189188,-0.0032377262,0.006896274,0.004645737,0.008963503,-7.3221984,-1.213327,-0.0009066442,-0.04855511,0.0058245165,0.042569,0.054423213,0.0,-0.013869052,-0.0050832955,0.0002164751,0
224,0.0,-0.0014101369,-0.00015809629,-0.00029038332,-0.00023700944,0.0,0.017883833,0.07092385,-0.0016468267,0.0,0.0,0.0014633569,0.0,5.1797448e-05,-0.0019003835,0.0044274502,-0.0102176275,0.0036490299,0.0036141423,7.327141,1.0794145,-0.0009858627,0.0682765,0.009744838,0.0342064,0.060631163,0.0,0.019122368,0.00027148917,0.9998292,1
931,0.0,-0.0022927022,-3.9255545e-05,-5.00484e-07,0.00015108708,0.0,0.009877719,0.10953698,-0.0018604465,0.0,0.0,-0.0035694623,0.0,5.1797448e-05,-0.00096370745,-0.0046687606,0.006896274,0.003745387,0.008233441,7.327141,1.1086725,-0.0010111247,-0.07018349,0.007957842,0.03907971,0.054549932,0.0,0.021736603,0.00027148917,0.9998167,1
6482,0.0,-0.004086678,-0.0007061977,-0.00054181844,-0.00046696758,0.0,-0.09702554,-0.0911292,-0.005561312,0.0,0.0,0.0014148275,0.0,2.9283974e-05,-0.0006071989,-0.0059537757,-0.0048152343,-0.06707104,-0.0019431259,-7.3221984,-0.078807525,-0.02135391,-0.06941799,-0.036680304,0.0193386,-0.3929827,0.0,-0.04061877,-0.00038649963,0.00026630188,0
1471,0.0,-0.0010918463,-0.00016073283,-0.0003047709,0.00015108708,0.0,0.010870489,0.10877172,-0.001149266,0.0,0.0,0.0007913144,0.0,9.184287e-06,-0.00096370745,-0.005838116,0.006424109,-0.037932955,0.021825086,7.327141,1.1765853,0.0014670643,-0.07840416,-0.030304665,0.039049894,0.053774025,0.0,-0.013421044,-0.00035656057,0.9998099,1
4659,0.0,0.0006115962,2.4769324e-06,0.0007433873,-0.00023700944,0.0,0.031094037,-0.18850222,-0.0014294802,0.0,0.0,0.0056543415,0.0,-2.8666589e-05,0.0023621889,0.0057730633,0.0021437253,0.015216398,-0.018048694,-7.3221984,0.21827775,0.01243474,0.08180606,0.008358419,0.037215985,0.0694659,0.0,0.058501646,0.00010529556,0.00092046265,0
2226,0.0,-0.0076107597,-0.00012407714,0.0051802113,9.9453115e-05,0.0,-0.097850814,-0.09204886,-0.004828869,0.0,0.0,-0.002847748,0.0,-5.0525516e-05,0.00033801052,0.0035737206,0.0026324778,0.0038704518,-0.00992702,-7.3221984,-1.1481253,-0.0010143531,-0.04717203,0.0033577417,0.025102682,0.03840459,0.0,0.02333497,0.0006000288,0.00017750227,0
6868,0.0,-2.3885092e-05,-0.00118233,0.00017050037,0.00065805775,0.0,0.01588598,-0.10374871,-0.0019043724,0.0,0.0,0.0014148275,0.0,2.9283974e-05,-0.00068783644,-0.006966444,-0.0048152343,-0.08289856,-0.009154802,-7.3221984,-0.064261116,-0.02657282,-0.09092697,-0.04036735,0.019283291,-0.44609842,0.0,-0.04511294,-9.7579e-05,0.0002695146,0
6598,0.0,-0.00062086206,-0.00016073283,-0.00089687004,-0.00023700944,0.0,0.014204734,-0.06993571,-0.0013354113,0.0,0.0,0.00080086174,0.0,-8.958757e-06,-0.0023168023,-0.037597906,-0.00568658,-0.0013760198,-0.010642433,-7.3221984,-1.1076189,-0.001458159,-0.05937842,0.0034959456,-0.124790005,0.032991,0.0,-0.019203065,7.3399715e-05,0.00016278126,0
4652,0.0,-0.0038628085,-5.7880156e-05,0.001352457,-0.00046696758,0.0,-0.061373446,-0.064538,-0.0022504567,0.0,0.0,0.0006874662,0.0,2.9283974e-05,-0.001085658,-0.003177539,-0.002553733,-0.028284408,0.0019085867,-7.3221984,-0.99122065,-0.0050771604,-0.036968917,-0.018507008,0.015181457,-0.2179367,0.0,-0.01608945,0.000294285,0.00015604022,0
6688,0.0,-0.0011261356,0.0025851917,-0.00046331246,-0.00023700944,0.0,0.031872,-0.123902045,-0.0013903005,0.0,0.0,-0.010093039,0.0,2.9388248e-05,0.0006054541,0.0058172722,0.00525405,0.019618105,-0.022187967,-7.3221984,0.24772662,-0.001871589,0.093922555,0.00819712,0.03910525,0.084592275,0.0,0.038386673,0.00010529556,0.0009921055,0
4072,0.0,-0.0006350356,-0.00118233,0.0009778448,0.00065805775,0.0,0.011260987,-0.06085504,-0.0017001778,0.0,0.0,0.0006874662,0.0,2.9283974e-05,-0.0011662955,-0.004003096,-0.002553733,-0.029842217,-0.01022527,-7.3221984,-1.0060557,-0.0056429,-0.04928944,-0.019638289,0.014839241,-0.25300774,0.0,-0.01608945,7.429773e-05,0.0001561398,0
2849,0.0,-0.00060835364,-0.0009960865,0.0009778448,-0.0010322913,0.0,0.01614853,-0.117717415,-0.0019043724,0.0,0.0,0.0014148275,0.0,2.9283974e-05,-0.0011662955,-0.0069219503,-0.0030978988,-0.06646138,-0.012719478,-7.3221984,-0.012407105,-0.019920416,-0.0857706,-0.04036735,0.018152239,-0.45499694,0.0,-0.048089884,7.429773e-05,0.00028332826,0
3169,0.0,-0.002673347,-4.1892097e-05,-0.0004520395,0.00015108708,0.0,0.013253127,-0.08540602,-0.0013418437,0.0,0.0,0.00080086174,0.0,9.184287e-06,-0.0033583867,-0.031775184,-0.003484211,-0.001989154,-0.010261057,-7.3221984,-1.0974387,-0.0012632909,-0.055065557,0.0031808573,-0.12747301,0.032234732,0.0,-0.019377466,7.3399715e-05,0.00016278126,0
4570,0.0,-0.0011326587,0.021983538,0.00035595437,0.00065805775,0.0,0.017216284,-0.073976494,-0.0017001778,0.0,0.0,-0.0017611181,0.0,2.9283974e-05,-0.0011662955,-0.0042396495,-0.0030058692,-0.017887395,-0.0068198307,-7.3221984,-1.0197998,-0.0055399127,-0.04967481,0.0029583669,0.01563014,-0.23987086,0.0,-0.015532568,-9.7579e-05,0.00016414163,0
1848,0.0,-0.0014219625,0.0025385628,0.0011234311,0.00015108708,0.0,0.021767365,0.16216488,-0.0017191791,0.0,0.0,0.0055616572,0.0,5.1797448e-05,-0.0013552799,-0.0048198258,0.004813495,0.017901022,0.007909816,7.327141,0.3397223,-0.0016100996,0.09110861,0.02823826,0.056437522,0.09281437,0.0,0.045237377,0.00027148917,0.9997212,1
5966,0.0,-0.0011220376,-2.8999733e-05,0.0003450843,0.00015108708,0.0,0.030875277,-0.19279689,-0.0011583515,0.0,0.0,-0.004044593,0.0,-6.7109086e-06,-0.0065381075,0.006995346,-0.0060689175,0.016339408,-0.018689796,-7.3221984,0.17936873,-0.0017785673,0.09875951,0.00793406,0.04188375,0.08684796,0.0,-0.034091607,0.00010529556,0.0008017161,0
3278,0.0,-0.005947584,-4.1892097e-05,-0.0004520395,0.00015108708,0.0,0.012772104,0.039144926,-0.0012886331,0.0,0.0,0.0007913144,0.0,9.184287e-06,-0.0023168023,-0.028961698,-0.0037312869,-0.027498202,-0.0036340305,-7.3221984,-1.1203742,-0.0028329066,-0.056176294,-0.05506502,-0.12747842,0.032491572,0.0,-0.016411237,-9.63996e-05,0.00016685996,0
268,0.0,-0.0014087947,-0.00016073283,-0.00042722706,0.00015108708,0.0,0.020821024,0.009446094,-0.00096634147,0.0,0.0,0.0010239165,0.0,9.184287e-06,0.0006054541,0.005882155,-0.011927653,0.0041670715,-0.0023608718,7.327141,1.1309301,-0.0010464784,0.06436299,0.005688792,0.03151576,0.060017005,0.0,-0.013132588,0.00010529556,0.9998198,1
6677,0.0,-0.0005060803,-0.00015809629,-0.00046331246,-0.00023700944,0.0,0.015636206,-0.07666129,-0.00427859,0.0,0.0,-0.002847748,0.0,-5.0525516e-05,0.0004571294,0.006390133,0.0026324778,0.0037749908,-0.009980774,-7.3221984,-1.1870984,-0.0014214616,-0.095555656,0.0036282458,0.016210182,0.044112336,0.0,0.02229627,0.00010529556,0.00018494637,0
6154,0.0,-0.0012444912,-0.00015809629,-0.0005896536,-0.00023700944,0.0,0.018868914,-0.07602288,-0.0017000374,0.0,0.0,0.0013982162,0.0,5.1797448e-05,-0.0013552798,-0.0052591464,-0.011927653,0.0019543967,-0.005822687,-7.3221984,-1.2166065,-0.0010701914,0.059898168,0.0037693605,0.03853314,0.0536821,0.0,0.02265334,0.00010529556,0.00021335878,0
5592,0.0,-0.011645155,-2.7742506e-05,-0.00016220505,-0.00023700944,0.0,0.021653617,-0.08047494,-0.0009036094,0.0,0.0,0.0013982162,0.0,-2.8666589e-05,0.004284531,0.022072906,0.0015569988,0.007787013,-0.003725651,-7.3221984,-1.1751415,-0.0011057227,0.038295932,0.003419485,-0.11112678,0.04116802,0.0,0.026365617,7.3399715e-05,0.0001939441,0
1853,0.0,-0.0014947804,-2.8999733e-05,0.0005048162,-0.00023700944,0.0,0.019991,0.06790472,-0.0009043438,0.0,0.0,0.0010239165,0.0,6.8798495e-06,0.0006054541,0.005826929,-0.0102176275,0.00715339,0.0034967184,7.327141,1.1031866,-0.0010038281,0.07104699,0.009616165,0.033560567,0.058967985,0.0,-0.012276522,0.00010529556,0.9998292,1
464,0.0,0.0017927713,-3.9255545e-05,-5.00484e-07,0.00015108708,0.0,0.011650361,0.09392411,-0.0012879567,0.0,0.0,0.0014633569,0.0,5.1797448e-05,-0.0013552799,-0.0045361063,0.003769144,0.002170267,0.0065749446,7.327141,1.0709138,-0.001445829,0.050830618,0.007707418,0.0468114,0.06212507,0.0,0.019863693,0.00027148917,0.9998317,1
5613,0.0,0.007705439,5.019414e-06,0.0012503255,-0.00015601149,0.0,-0.13051042,-0.08840796,-0.0011827599,0.0,0.0,0.00080086174,0.0,-6.7109086e-06,-0.007981252,0.010294784,0.0015569988,0.007561497,-0.0070669446,-7.3221984,-1.098549,-0.000867835,0.034661226,0.0031832946,-0.15191689,0.032841302,0.0,-0.014014657,0.00028831692,0.0001613529,0
3454,0.0,-0.0039400533,-5.7880156e-05,0.001537911,-0.00046696758,0.0,-0.06179607,-0.03499382,-0.0022504567,0.0,0.0,0.0006874662,0.0,2.9283974e-05,-0.0006071989,-0.0026120218,-0.0035574257,-0.03102427,0.0020066157,-7.3221984,-1.0126576,-0.005532504,-0.038299356,-0.020826407,0.014781994,-0.21880867,0.0,-0.015223378,-0.00038649963,0.00015604022,0
6337,0.0,-0.004283442,-0.0001267137,-0.0015807144,-0.00015601149,0.0,-0.085670605,-0.063198194,-0.0018921229,0.0,0.0,0.000719663,0.0,9.184287e-06,-0.0024797018,-0.011963488,-0.002938446,-0.017092703,-0.009100158,-7.3221984,-1.0348638,-0.0008825726,-0.039052133,-0.020591762,-0.11327881,0.027858838,0.0,-0.019577961,-0.00037866138,0.00016135168,0
1358,0.0,9.1506794e-05,-0.00016073283,0.00029461138,-0.00023700944,0.0,0.024654787,-0.14551798,-0.0011930516,0.0,0.0,-0.004044593,0.0,9.184287e-06,-0.0013552798,-0.0059711323,0.00525405,0.016513625,-0.0068449173,7.327141,0.17791179,-0.0021937,0.11483199,0.008051752,0.05710048,0.09358234,0.0,-0.029121097,-0.00013829004,0.99950945,1
2928,0.0,-0.0022923423,-0.00016073283,-0.00089687004,0.00015108708,0.0,0.013224442,0.037596606,-0.0012886331,0.0,0.0,0.0007913144,0.0,9.184287e-06,-0.0023168023,-0.03478442,-0.0037312869,-0.030054888,-0.0036489689,-7.3221984,-1.1166217,-0.0028329066,-0.056831587,-0.05506502,-0.12383878,0.032708257,0.0,-0.01713579,7.3399715e-05,0.00016685996,0
6756,0.0,0.009547052,-4.1892097e-05,0.0001114531,-0.00023700944,0.0,0.010922328,0.035565324,-0.0036098477,0.0,0.0,0.0007913144,0.0,9.184287e-06,-0.00096370745,-0.0053345854,-0.0042615733,-0.027525453,-0.0010752152,-7.3221984,-1.1471108,-0.00070001406,-0.10624534,-0.04775898,0.032048512,0.0467082,0.0,-0.013321512,-0.00035656057,0.00019271953,0
1808,0.0,0.00022663189,-0.00014784047,0.0003450843,0.00015108708,0.0,0.015739681,0.03002227,-0.00093164144,0.0,0.0,0.0010239165,0.0,-6.7109086e-06,0.0006054541,0.005397755,0.0035715234,0.0075313053,-0.006229856,7.327141,1.127316,-0.0010464784,0.07495955,0.0058064843,0.036659103,0.058441248,0.0,-0.0129506,-0.00013829004,0.9998274,1
1923,0.0,0.00083245325,-0.00053401245,0.00017050037,0.00065805775,0.0,0.010367283,-0.06324756,-0.0017001778,0.0,0.0,0.0006874662,0.0,2.9283974e-05,-0.0011662955,-0.00404759,0.0011986545,-0.03165003,-0.00988601,-7.3221984,-1.0063572,-0.005964846,-0.049833708,-0.019235719,0.01606829,-0.25412577,0.0,-0.015696993,7.429773e-05,0.0001561398,0
135,0.0,0.0007653309,-2.7742506e-05,0.0003089989,0.00015108708,0.0,0.030903187,-0.14440414,-0.0014625206,0.0,0.0,0.0053891977,0.0,2.9388248e-05,0.0006054541,0.0058172722,0.00525405,0.020853193,-0.02231139,7.327141,0.24846217,-0.002171913,0.09263396,0.008437844,0.039172176,0.08628222,0.0,0.04912222,0.00010529556,0.999566,1
1933,0.0,0.0011144346,-2.8999733e-05,0.0003450843,0.00015108708,0.0,0.01942741,0.14155701,-0.0009766961,0.0,0.0,-0.008761319,0.0,6.8798495e-06,0.0006054541,0.005618233,0.004813495,0.0274041,0.0071925055,-7.3221984,0.2838807,-0.001891275,0.112472594,0.024964642,0.05041124,0.09562928,0.0,-0.029216021,0.00010529556,0.0013634,0
5375,0.0,-0.0009174297,-0.00016073283,-0.00089687004,0.00015108708,0.0,0.013839298,-0.015259868,-0.0013193283,0.0,0.0,0.0007913144,0.0,9.184287e-06,-0.0023168023,-0.03478442,-0.0047043553,-0.03848424,0.0009007545,-7.3221984,-1.1043545,-0.0017070081,-0.059157018,-0.033789404,-0.118681416,0.03147604,0.0,-0.017566033,7.3399715e-05,0.00016357088,0
1378,0.0,-0.009302192,-7.872957e-06,0.00502392,9.9453115e-05,0.0,-0.15185195,-0.1891362,-0.007524193,0.0,0.0,-0.004044593,0.0,9.184287e-06,-0.0008189188,-0.0069710244,0.0043150047,-0.0005626152,-0.017316008,7.327141,0.06128622,-0.0031222259,-0.103678174,0.00724361,0.04689159,0.06774532,0.0,-0.04260837,-0.00078804843,0.999064,1
493,0.0,0.0007625136,-0.00014784047,0.00029461138,-0.00023700944,0.0,0.013136081,-0.07460288,-0.0009541568,0.0,0.0,-0.0018601599,0.0,-6.7109086e-06,0.00045802974,-0.005795484,0.0035715234,0.0096313385,-0.009600328,7.327141,1.1747718,-0.0010694251,0.065193295,0.0037892142,0.042754803,0.0532755,0.0,-0.011658871,0.00010529556,0.9998122,1
6776,0.0,0.009547052,-4.1892097e-05,0.00029461138,0.00015108708,0.0,0.011941329,0.027755516,-0.0036098477,0.0,0.0,0.0007913144,0.0,9.184287e-06,-0.00096370745,-0.0053345854,-0.0042615733,-0.024652721,-0.0033431468,-7.3221984,-1.1435723,-0.00070001406,-0.10473229,-0.04775898,0.03235465,0.04674698,0.0,-0.013321512,-0.00013829004,0.00019271953,0
4942,0.0,-0.0008812244,-0.00016073283,-0.00089687004,0.00015108708,0.0,0.028718062,-0.08693526,-0.0015460384,0.0,0.0,0.0015146076,0.0,9.184287e-06,-0.0023168023,-0.04051676,-0.0059621637,-0.101227954,-0.0041023563,-7.3221984,0.0880332,-0.0027706695,-0.11719649,-0.042261384,-0.17048705,0.053680256,0.0,-0.049673304,7.3399715e-05,0.00041534269,0
2029,0.0,0.002730877,-0.0007061977,-0.0013725678,0.0002976792,0.0,-0.0901231,-0.132956,-0.005561312,0.0,0.0,0.0014148275,0.0,2.9283974e-05,-0.001085658,-0.005971359,-0.0030978988,-0.051198065,-0.0040020808,-7.3221984,-0.069549516,-0.020468641,-0.07120408,-0.036447488,0.020532584,-0.40637374,0.0,-0.045502484,-0.00038649963,0.00026060577,0
6003,0.0,-0.0023851213,-0.00016073283,-0.0003047709,0.00015108708,0.0,0.013691908,0.12520854,-0.0012216184,0.0,0.0,0.0017337969,0.0,9.184287e-06,-0.00096370745,-0.0062759076,-0.009982177,-0.065892644,0.008522185,-7.3221984,0.19208074,-0.0015860925,-0.11545623,-0.16595106,0.051154427,0.08097993,0.0,-0.039076872,-0.00035656057,0.00069749577,0
2791,0.0,-0.00079777424,-0.0010194986,-0.0002575744,-0.0010322913,0.0,0.019083932,-0.06918934,-0.0007655359,0.0,0.0,0.00076866493,0.0,-1.7066921e-05,0.0008375187,0.004149261,-0.0033986517,0.021261033,-0.0028704375,-7.3221984,-1.0615956,-0.007882808,0.03477802,0.0030663419,0.014323386,-0.29596245,0.0,-0.013017581,7.429773e-05,0.0001681128,0
1253,0.0,0.0037696096,-0.0003108363,-0.0006070356,-0.0012617566,0.0,0.042926505,-0.16700867,-0.0011408445,0.0,0.0,-0.010093039,0.0,2.9388248e-05,0.004284531,0.028414177,0.0020049675,0.02996015,-0.011559006,7.327141,0.1653321,0.0012766722,0.062418707,0.006599881,-0.15834703,0.056266036,0.0,0.05834823,7.3399715e-05,0.9994068,1
3350,0.0,-0.008080706,0.0013855294,0.00502392,-0.00015601149,0.0,-0.15252724,-0.16646704,-0.007524193,0.0,0.0,0.001763003,0.0,9.184287e-06,-0.0008189188,-0.0069710244,-0.010765928,-0.0015870463,-0.017241849,-7.3221984,0.11447016,-0.0026436965,-0.10200017,0.007282762,0.04667302,0.06710514,0.0,-0.046144865,-0.00078804843,0.00049461314,0
2938,0.0,-0.0008270911,-0.00016073283,-0.00047769997,0.00015108708,0.0,0.014816202,-0.0348722,-0.0036405432,0.0,0.0,0.0010239165,0.0,9.184287e-06,0.0003097051,-0.0061894334,-0.006216867,0.0042902823,0.00073480606,-7.3221984,-1.1937366,-0.0010904722,-0.086299814,0.00547826,0.030025763,0.046193395,0.0,-0.01526195,-0.00013829004,0.0001883309,0
4407,0.0,0.014857019,-0.0002781783,0.0013690348,-0.00046696758,0.0,-0.10315496,-0.17988285,-0.005512798,0.0,0.0,-0.0037178374,0.0,-2.8564878e-05,0.00041826992,0.008554384,0.0017995549,-0.004221831,-0.011931714,-7.3221984,-0.028475173,0.064257614,-0.06611459,0.0050955354,0.019516896,-0.37444347,0.0,-0.043397687,0.000294285,0.0003232688,0
2233,0.0,-0.00043622233,-0.0009960865,0.0001944552,0.00065805775,0.0,0.011590879,-0.07331915,-0.0016516638,0.0,0.0,-0.0017611181,0.0,-2.8564878e-05,0.0004687383,0.004904179,0.0013515862,-0.011909129,-0.0105581805,-7.3221984,-1.032327,-0.0053345533,-0.049509767,0.0029442774,0.011246845,-0.26369005,0.0,-0.015271129,7.429773e-05,0.0001561398,0
1756,0.0,0.0037322976,-3.9255545e-05,-5.00484e-07,0.00015108708,0.0,0.011650361,0.09403872,-0.0012879567,0.0,0.0,0.0014633569,0.0,5.1797448e-05,-0.0013552799,-0.0041266303,0.003769144,0.002170267,0.006295071,7.327141,1.0709138,-0.001021394,0.050830618,0.0074275443,0.04558307,0.06225343,0.0,0.01863536,0.00027148917,0.9998317,1
1070,0.0,-0.0010918463,-0.00016073283,0.0001114531,0.00015108708,0.0,0.010639569,0.10342162,-0.001149266,0.0,0.0,0.0007913144,0.0,9.184287e-06,-0.00096370745,-0.005838116,-0.008724368,-0.03707324,0.021825086,7.327141,1.177445,0.0014670643,-0.08251813,-0.029517153,0.037452836,0.05239354,0.0,-0.013421044,-0.00035656057,0.99980515,1
5831,0.0,-0.0007596569,-4.1892097e-05,0.0005664311,-0.00023700944,0.0,0.022471145,-0.12594992,-0.0038672532,0.0,0.0,0.0015146076,0.0,9.184287e-06,-0.00096370745,-0.0093455855,-0.00649245,-0.09076375,-0.0065574893,-7.3221984,0.075353175,-0.0034959926,-0.16025338,-0.060833007,0.041258086,0.07043464,0.0,-0.04904803,-0.00013829004,0.0004813782,0
809,0.0,-0.0014219625,-0.00015809629,-0.0005896536,-0.00023700944,0.0,0.024543652,0.1400241,-0.0017191791,0.0,0.0,0.0055616572,0.0,5.1797448e-05,0.00045802974,-0.0049412074,0.004813495,0.020930277,0.007682385,7.327141,0.31135383,-0.0021889913,0.09852296,0.028518133,0.05280732,0.09542122,0.0,0.047240444,0.00010529556,0.9997098,1
1029,0.0,-0.00103465,0.00020267903,0.0003089989,-0.00023700944,0.0,0.019377703,-0.098006025,-0.001258326,0.0,0.0,-0.002847748,0.0,2.9388248e-05,0.0023621889,0.0053730323,0.0016957566,0.013922063,-0.007507038,7.327141,1.1618549,-0.0009482835,0.05788801,0.0038343256,0.024890535,0.04473999,0.0,0.019685274,0.00010529556,0.99980897,1
5290,0.0,-0.0038628085,-0.0005199542,-0.00054181844,-0.00046696758,0.0,-0.06327258,-0.06487911,-0.0022504567,0.0,0.0,0.0006874662,0.0,2.9283974e-05,-0.001085658,-0.0030349216,0.0011986545,-0.022920432,-0.006995904,-7.3221984,-0.9911142,-0.0044667195,-0.035371035,-0.018632237,0.014808976,-0.22195634,0.0,-0.01608945,0.000294285,0.00015503795,0
2204,0.0,-0.0006350356,-0.00118233,0.00035595437,-0.0010322913,0.0,0.010796758,-0.06544095,-0.0017001778,0.0,0.0,0.0006874662,0.0,2.9283974e-05,-0.0011662955,-0.0042396495,0.0011986545,-0.030665683,-0.0070166136,-7.3221984,-1.0069628,-0.007961453,-0.050760273,-0.019763518,0.015701452,-0.24751444,0.0,-0.016161826,7.429773e-05,0.0001561398,0
1625,0.0,-0.0024213265,-0.00016073283,-0.0003047709,0.00015108708,0.0,0.010870489,0.07861746,-0.001149266,0.0,0.0,0.0007913144,0.0,9.184287e-06,-0.00096370745,-0.005838116,-0.008724368,-0.03707324,0.003201549,7.327141,1.2076439,-0.0028329066,-0.08251813,-0.057701126,0.037427068,0.050070953,0.0,-0.013421044,-0.00035656057,0.99979526,1
6781,0.0,0.00029766047,-0.0005314293,0.00017050037,-0.0010322913,0.0,0.009466516,-0.07166507,0.005006114,0.0,0.0,-0.0017611181,0.0,-0.00010330361,-0.0011662955,-0.00404759,-0.0026730609,-0.027071817,-0.006520951,-7.3221984,-1.0163497,-0.005837015,-0.04830114,0.0028574758,0.016632333,-0.26310897,0.0,-0.017694635,7.429773e-05,0.0001561398,0
978,0.0,-0.0012121213,-0.00014658325,0.000560229,-0.00023700944,0.0,0.022600373,0.16919504,-0.00091859757,0.0,0.0,0.0055616572,0.0,2.9388248e-05,0.0006054541,0.0046493984,0.005451671,0.022748725,0.008227344,7.327141,0.34012705,-0.0021889913,0.078254886,0.028518133,0.04722731,0.09507025,0.0,0.042491622,0.00027148917,0.9997212,1
315,0.0,-0.0014087947,-0.00016073283,-0.00042722706,0.00015108708,0.0,0.019060384,-0.03265316,-0.00096634147,0.0,0.0,0.0010239165,0.0,9.184287e-06,-0.0019003834,0.0055409446,0.0035715234,0.003996489,-0.0065183835,7.327141,1.130723,-0.0010464784,0.062315688,0.0058064843,0.029559266,0.057759915,0.0,-0.012730598,0.00010529556,0.9998122,1
4030,0.0,-0.0016199781,-0.00015809629,-0.00041672445,0.00015108708,0.0,0.017069103,0.09341652,-0.0012879567,0.0,0.0,0.0014633569,0.0,5.1797448e-05,-0.0013552799,-0.0050396365,0.003769144,0.0022498746,0.0063030967,-7.3221984,-1.2933153,-0.0014102977,0.05014115,0.009328038,0.04594108,0.061924692,0.0,0.020037657,0.00027148917,0.00024263086,0
1044,0.0,-0.0014101369,-0.0003413852,-0.00029038332,-0.00023700944,0.0,0.018402439,0.06894928,-0.0012051151,0.0,0.0,-0.0035694623,0.0,2.9388248e-05,0.0006054541,0.0047686608,0.0031309682,0.01044731,0.0040764334,7.327141,1.0816728,-0.0008893778,0.07059762,0.0103863515,0.032419242,0.056407128,0.0,0.017184729,0.00027148917,0.9998317,1
1885,0.0,0.012214886,-7.872957e-06,0.0047521,9.9453115e-05,0.0,-0.13564612,-0.21873665,-0.00751776,0.0,0.0,-0.004044593,0.0,-8.958757e-06,-0.0018605032,-0.0058656665,-0.0052256742,-0.0064820196,-0.0144924335,-7.3221984,0.12849346,-0.0027663587,-0.13058093,0.0067196246,0.044285018,0.06919529,0.0,-0.044817306,0.0006000288,0.00047919262,0
1475,0.0,-0.0016089568,-0.00016073283,-0.00047769997,0.00015108708,0.0,0.027533848,-0.021883791,-0.0011053634,0.0,0.0,0.003068859,0.0,-8.958757e-06,0.00045802974,-0.0060959724,0.00525405,0.016160635,-0.0074182935,7.327141,0.24731198,-0.0018703141,0.09918905,0.019662177,0.054511685,0.09233957,0.0,-0.036022633,0.00010529556,0.99959344,1
5305,0.0,-0.0016974432,-0.00012407714,-0.0030278596,-0.00015601149,0.0,-0.17015715,-0.12102285,-0.005914159,0.0,0.0,0.005140802,0.0,5.1797448e-05,-0.0014381174,-0.006979769,0.0022399905,-0.09969371,-0.0059926403,-7.3221984,0.08427457,-0.0024721248,-0.086877055,-0.039459385,-0.16937704,0.040622752,0.0,0.091033965,0.00028831692,0.00040066973,0
2666,0.0,-0.00103465,-0.00014658325,-0.00046331246,0.00015108708,0.0,0.020064635,-0.09690323,-0.001258326,0.0,0.0,0.0013982162,0.0,2.9388248e-05,0.0023621889,0.0050775013,0.0016957566,0.0061545162,-0.009327692,-7.3221984,-1.2073518,-0.0013005907,0.058224265,0.0039664772,0.02644006,0.0513502,0.0,0.021305798,0.00010529556,0.00021370429,0
3661,0.0,-0.00045770142,-0.00013015009,0.0003450843,0.00015108708,0.0,0.019064296,-0.20694155,0.011948302,0.0,0.0,0.0020281468,0.0,1.9343477e-05,-0.0025503954,0.011752911,0.0024318732,-0.016704604,-0.014922563,-7.3221984,0.12827148,0.021938743,-0.13107738,0.007987315,0.034691323,0.06749466,0.0,-0.052028514,0.00010529556,0.00058237277,0
6402,0.0,-0.0057355994,-0.0001267137,-0.0008465598,-0.00015601149,0.0,-0.07656601,0.070620455,-0.00090303266,0.0,0.0,0.0007913144,0.0,9.184287e-06,-0.0014381174,-0.009150002,-0.0047871917,-0.0244362,-0.001474617,-7.3221984,-1.1088654,-0.00048777356,-0.03174238,-0.050432354,-0.15742904,0.03147257,0.0,-0.016510768,0.0009938761,0.0001635149,0
2438,0.0,-0.00087654806,-0.00118233,8.905752e-05,0.00065805775,0.0,0.011940995,0.1719171,-0.0011194061,0.0,0.0,0.0016340169,0.0,2.9283974e-05,-0.00068783655,-0.0041752597,-0.005500426,-0.07197262,0.027188892,-7.3221984,0.030299231,-0.022344155,-0.07176892,-0.05999862,0.021272594,-0.51290715,0.0,-0.038065452,-0.00019463485,0.0003868843,0
1129,0.0,-0.007757146,-0.00012407714,-0.004738998,-0.00015601149,0.0,-0.10099138,-0.093055695,-0.004828869,0.0,0.0,0.0013982162,0.0,-5.0525516e-05,0.0002705467,-0.0034904508,-0.006216867,0.0032726093,-0.009701097,7.327141,1.2165595,0.00086400704,-0.043895196,0.003367748,0.024490241,0.035952292,0.0,0.025131205,0.0006000288,0.99976486,1
2540,0.0,-0.0023851213,-0.00016073283,-0.0003047709,-0.00023700944,0.0,0.013644431,0.12766398,-0.0012216184,0.0,0.0,0.0017337969,0.0,9.184287e-06,-0.00096370745,-0.0062759076,-0.009982177,-0.08307094,0.028843476,-7.3221984,0.1724374,-0.0015860925,-0.12386465,-0.15025333,0.048704773,0.079164624,0.0,-0.039076872,-0.00035656057,0.000689556,0
5869,0.0,-0.0037689127,-0.0007061977,0.001537911,0.0002976792,0.0,-0.062766105,-0.07461687,-0.0022019427,0.0,0.0,-0.0017611181,0.0,-2.8564878e-05,-0.001085658,-0.003145871,-0.0030058692,-0.009682154,-0.00872403,-7.3221984,-1.0030423,-0.0043388885,-0.035283662,0.0026977926,0.015295675,-0.23053062,0.0,-0.015876511,0.000294285,0.00015503795,0
2557,0.0,-0.0015339924,-0.00015809629,-0.0005896536,0.00015108708,0.0,0.018430747,-0.016389528,-0.001677522,0.0,0.0,0.0014633569,0.0,5.1797448e-05,-0.0013552798,-0.0050396365,0.0035715234,0.0023446209,0.0044546146,-7.3221984,-1.2625052,-0.0010285128,0.057258386,0.0059351567,0.03832765,0.054538663,0.0,0.022057144,0.00010529556,0.00022195136,0
4646,0.0,-0.00077109225,-0.0005061538,0.0001944552,0.0017044074,0.0,0.024553679,-0.16796574,-0.0009697306,0.0,0.0,0.0016632229,0.0,-1.7066921e-05,0.0008375187,0.004889032,0.0016768009,0.083273605,-0.047724303,-7.3221984,0.031812083,-0.010763599,0.060451943,0.0061399415,0.01861363,-0.51686347,0.0,-0.036964178,7.429773e-05,0.00037888615,0
6789,0.0,0.00073897524,-0.00037118097,0.00017050037,0.00065805775,0.0,0.01750644,-0.055751313,-0.0007655359,0.0,0.0,0.00076866493,0.0,-1.7066921e-05,0.00028940296,-0.0037100548,-0.0059131114,0.018623874,-0.006894986,-7.3221984,-1.069553,-0.008382773,0.036557846,0.0030099554,0.018996278,-0.29270592,0.0,-0.0126214735,-9.7579e-05,0.0001681128,0
2371,0.0,-0.0038628085,-0.0007061977,-0.0013725678,0.0002976792,0.0,-0.063972384,-0.065416194,-0.0022504567,0.0,0.0,0.0006874662,0.0,2.9283974e-05,-0.001085658,-0.003177539,-0.002553733,-0.018674957,-0.008272301,-7.3221984,-0.991458,-0.0050771604,-0.035257213,-0.018507008,0.015043831,-0.21906087,0.0,-0.01608945,0.000294285,0.00015503795,0
6365,0.0,-0.0013315498,-0.00016073283,-0.00042722706,-0.00023700944,0.0,0.019498551,-0.07630385,-0.0009888569,0.0,0.0,0.00080086174,0.0,9.184287e-06,-0.0019003834,0.005960044,-0.011927653,0.0038161757,-0.010164134,-7.3221984,-1.1854016,-0.001088157,0.0611028,0.003724249,0.02969623,0.05686312,0.0,-0.01272453,0.00010529556,0.00021335878,0
4354,0.0,-0.016659034,-2.7742506e-05,-0.00016220505,-0.00023700944,0.0,0.037433952,-0.17193663,-0.0011408445,0.0,0.0,-0.010093039,0.0,2.9388248e-05,-0.013645994,0.015482079,0.0020049675,0.019946521,-0.022822892,-7.3221984,0.16052221,-0.0020051247,0.06258382,0.006364218,-0.18346241,0.065301806,0.0,0.058199294,7.3399715e-05,0.00065810635,0
731,0.0,-0.0014101369,-0.00014658325,-0.00029038332,0.00015108708,0.0,0.018217348,0.08838271,-0.00084624515,0.0,0.0,0.0014633569,0.0,2.9388248e-05,0.0006054541,0.0047686608,0.003769144,0.007451944,0.0036848828,7.327141,1.0727123,-0.0009858627,0.05114586,0.010537393,0.033968452,0.059934482,0.0,0.017991722,0.00027148917,0.9998317,1
1339,0.0,0.0012518694,-3.9255545e-05,-5.00484e-07,-0.00023700944,0.0,0.016264308,0.1787991,-0.0013603091,0.0,0.0,0.0055616572,0.0,5.1797448e-05,-0.0013552799,-0.004666099,-0.015417576,0.015393168,0.013641138,7.327141,0.29530492,-0.00258153,0.07442157,0.017377228,0.060173765,0.093948886,0.0,0.04481078,0.00027148917,0.9996995,1
244,0.0,-0.0023101568,-0.00015809629,-0.0005896536,0.00015108708,0.0,0.013991067,0.02555032,-0.004321028,0.0,0.0,0.0012307549,0.0,5.1797448e-05,-0.00096370745,-0.005172291,-0.0042615733,-0.02742226,-0.005857717,7.327141,1.1882191,-0.0006465172,-0.103067495,-0.057028666,0.02820968,0.042670365,0.0,0.022196898,0.00010529556,0.99978155,1
1336,0.0,0.0009566576,-4.1528787e-05,0.0001114531,0.00015108708,0.0,0.010014474,0.04124832,0.0101332655,0.0,0.0,-0.002729918,0.0,1.9343477e-05,-0.00096370745,-0.0053345854,0.002236116,-0.015915032,0.0030112357,7.327141,1.164824,-0.0010646216,-0.10138273,0.007697776,0.035013452,0.050639067,0.0,-0.013442212,0.00027148917,0.9997973,1
2406,0.0,-0.0015679173,-0.00016073283,-0.00047769997,0.00015108708,0.0,0.018939571,-0.09953509,-0.0009888569,0.0,0.0,0.00080086174,0.0,9.184287e-06,0.0022147645,-0.0062990147,0.0016957566,0.003477041,-0.009515902,-7.3221984,-1.17637,-0.001088157,0.061199542,0.0038419412,0.041843325,0.056036174,0.0,-0.013772006,0.00010529556,0.00021370429,0
958,0.0,0.002117741,-4.1892097e-05,0.00048674765,-0.00023700944,0.0,0.021927774,-0.07904961,-0.0013418437,0.0,0.0,0.00080086174,0.0,9.184287e-06,0.0027740155,0.0404335,0.0014639748,-0.00029397762,-0.015392223,7.327141,1.2566855,-0.0012277595,-0.05708703,0.0033245324,-0.06997037,0.04224013,0.0,-0.017034542,7.3399715e-05,0.99978584,1
1447,0.0,-0.0011261356,-3.9255545e-05,0.0003089989,0.00015108708,0.0,0.027124017,-0.0017775609,-0.0018229764,0.0,0.0,0.0055616572,0.0,5.1797448e-05,-0.0019003834,0.005205641,0.00525405,0.0144766625,0.008032721,7.327141,0.30137193,-0.0018072063,0.08195067,0.02044824,0.041490346,0.088695005,0.0,0.05024126,0.00010529556,0.99965096,1
446,0.0,0.00047378003,-3.9255545e-05,0.00012584063,0.00015108708,0.0,0.016856752,0.17356147,-0.0013603091,0.0,0.0,0.0055616572,0.0,5.1797448e-05,-0.0019003835,0.004163528,0.005451671,0.020151695,0.0077130035,7.327141,0.3166966,-0.0018980918,0.07872992,0.026617639,0.0524126,0.095405705,0.0,0.043461315,0.00027148917,0.99971443,1
2264,0.0,-0.0038628085,-0.0002781783,0.001352457,0.0002976792,0.0,-0.061537858,-0.061337408,-0.0022504567,0.0,0.0,0.0006874662,0.0,2.9283974e-05,-0.001085658,-0.003177539,-0.002553733,-0.025029825,-0.0075539583,-7.3221984,-0.99074227,-0.0044667195,-0.035992555,-0.018507008,0.015181457,-0.22381915,0.0,-0.01608945,0.000294285,0.00015503795,0
3710,0.0,-0.00943654,-0.00054336624,-0.0013559901,0.0002976792,0.0,-0.16269097,-0.13624245,-0.004626671,0.0,0.0,0.0016632229,0.0,-1.7066921e-05,0.0003051672,0.0036351671,-0.010462172,0.013510209,-0.015547302,-7.3221984,-0.02745336,-0.020262709,0.048157968,0.0054715667,0.01965687,-0.47321486,0.0,-0.03327002,-0.00038649963,0.00029329062,0
2214,0.0,-0.0023851213,-4.1892097e-05,0.0001114531,0.00015108708,0.0,0.013460986,0.1207853,-0.0012216184,0.0,0.0,0.0017337969,0.0,9.184287e-06,-0.00096370745,-0.0062759076,-0.009982177,-0.08315055,0.008537123,-7.3221984,0.16308713,-0.0015860925,-0.12386465,-0.16595106,0.048730537,0.07888708,0.0,-0.039076872,-0.00035656057,0.00065475306,0
2189,0.0,-0.0016089568,-4.1892097e-05,0.0005664311,0.00015108708,0.0,0.02649438,-0.021600865,-0.0011117959,0.0,0.0,0.003068859,0.0,9.184287e-06,-0.0013552798,-0.0057785925,0.00525405,0.008595483,-0.007403354,-7.3221984,0.28281054,-0.0018703141,0.098974615,0.019662177,0.05503097,0.09219468,0.0,-0.0381622,0.00010529556,0.0010935294,0
3548,0.0,-0.00060835364,-0.0009960865,-0.0002815292,0.00065805775,0.0,0.016375726,-0.1281791,-0.0019043724,0.0,0.0,0.0014148275,0.0,2.9283974e-05,-0.0011662955,-0.0071901716,0.001399921,-0.061417356,-0.016411435,-7.3221984,-0.045385968,-0.019920416,-0.08508139,-0.04049258,0.019217625,-0.45649317,0.0,-0.048089884,7.429773e-05,0.00027302108,0
3626,0.0,-0.0077162404,-0.00012407714,-0.004738998,9.9453115e-05,0.0,-0.09955788,-0.11413557,-0.004924518,0.0,0.0,-0.002847748,0.0,5.1797448e-05,-0.0018605032,-0.0033296822,0.0019839045,0.00081300375,-0.009212582,-7.3221984,-1.1332847,-0.0010143531,-0.038274575,0.0034924506,0.024869584,0.036696963,0.0,0.0254224,0.0006000288,0.0001736605,0
5196,0.0,-0.008336235,-0.0001267137,-0.004627045,-0.00015601149,0.0,-0.09826002,-0.040000673,-0.0040492923,0.0,0.0,0.0007913144,0.0,9.184287e-06,-0.0008189188,-0.0034635551,-0.005234641,-0.036609523,0.0012677021,-7.3221984,-1.1050878,-0.0008049758,-0.04654341,-0.032841455,0.02685715,0.037096567,0.0,-0.014476309,-0.00078804843,0.00017206861,0
4074,0.0,-0.0037010836,-0.0005199542,-0.0008054846,0.0002976792,0.0,-0.06850989,-0.073254794,-0.0022019427,0.0,0.0,-0.0017611181,0.0,-2.8564878e-05,0.00041826992,0.0035864422,-0.0030058692,-0.0048849597,-0.0064751506,-7.3221984,-1.01436,-0.004162621,-0.03539965,0.0027292601,0.012978761,-0.22640437,0.0,-0.015271129,0.000294285,0.00015503795,0
3222,0.0,0.00083647855,-3.9255545e-05,0.00018265776,0.00015108708,0.0,0.013702414,0.068818465,-0.0016468267,0.0,0.0,0.0014633569,0.0,5.1797448e-05,-0.0013552799,-0.0045361063,0.0031309682,0.0017995203,0.0036865731,-7.3221984,-1.2860905,-0.001021394,0.07122369,0.010537393,0.04513256,0.06073929,0.0,0.020642396,0.00010529556,0.00024263086,0
4358,0.0,0.004868232,-0.0002781783,0.001352457,-0.00046696758,0.0,-0.05420111,-0.06234524,-0.0022504567,0.0,0.0,0.0006874662,0.0,2.9283974e-05,-0.001085658,-0.0030525045,-0.002553733,-0.025029825,-0.0067490563,-7.3221984,-0.9906717,-0.004788665,-0.043943085,-0.01797921,0.016050985,-0.2326322,0.0,-0.015696993,0.000294285,0.00015503795,0
5451,0.0,0.0017634911,-0.00014784047,-0.00038804274,-0.00023700944,0.0,0.023922546,-0.08635536,-0.0006324807,0.0,0.0,-0.0018601599,0.0,-6.7109086e-06,-0.013645994,0.038930833,0.0015569988,0.007152938,-0.0039090337,-7.3221984,-1.1434549,-0.0010694251,0.038282067,0.0035573097,-0.11240143,0.041360572,0.0,-0.014024797,7.3399715e-05,0.00019297125,0
4543,0.0,-0.002159436,-4.1892097e-05,0.0005664311,0.00015108708,0.0,0.0179001,-0.07454125,-0.0009888569,0.0,0.0,0.00080086174,0.0,9.184287e-06,-0.0013552798,-0.0059816344,0.0035715234,0.0016246627,-0.0061210706,-7.3221984,-1.1898397,-0.001088157,0.06504642,0.0038419412,0.04236261,0.05721247,0.0,-0.013156174,0.00010529556,0.00021745007,0
5896,0.0,0.002117741,-4.1892097e-05,0.00048674765,0.00015108708,0.0,0.021093845,-0.07978084,-0.0013354113,0.0,0.0,-0.0018601599,0.0,-8.958757e-06,-0.009658282,0.03649005,0.0014639748,-0.00029513222,-0.015623629,-7.3221984,-1.1058122,-0.0010528984,-0.053772572,0.0032718054,-0.0770964,0.040843528,0.0,-0.016298052,-9.63996e-05,0.00018628295,0
5071,0.0,-0.008166692,-0.0001267137,-0.0012240501,9.9453115e-05,0.0,-0.11431603,0.20291395,-0.004355411,0.0,0.0,0.003068859,0.0,-8.958757e-06,-0.0008189188,-0.0039013466,0.0042031663,0.0014880076,0.0044579,-7.3221984,0.20579864,-0.0022171577,-0.07634301,0.022576766,0.054862253,0.08051396,0.0,-0.04254195,0.0038704774,0.0009097764,0
5156,0.0,-0.002101297,-0.004077092,-0.0002776715,-0.0010322913,0.0,0.029578533,-0.15838861,-0.0031289628,0.0,0.0,-0.0062674247,0.0,0.00013262917,0.0008375187,0.004364177,-0.0046098283,0.06066767,-0.0038521187,-7.3221984,0.09025192,0.031455383,0.050570093,0.0060729645,0.017663963,-0.45941517,0.0,0.056756824,7.429773e-05,0.0004873888,0
2797,0.0,-0.0009130769,-0.00016073283,0.0019343337,0.00015108708,0.0,0.011380874,0.10869493,-0.001149266,0.0,0.0,-0.002729918,0.0,9.184287e-06,-0.00096370745,-0.0052294796,0.006896274,0.0038014082,0.004365013,-7.3221984,-1.2202971,-0.0010290903,-0.07359287,0.009318397,0.038302395,0.05719599,0.0,-0.01334872,-0.00035656057,0.00022281136,0
6477,0.0,0.0021881124,-0.0001529242,0.003258166,-0.00023700944,0.0,0.021743966,-0.055351652,0.0057697278,0.0,0.0,0.0013982162,0.0,-0.0001978786,0.0023794712,0.025717193,-0.00568658,-0.00070392096,-0.013613064,-7.3221984,-1.1617931,-0.0012097941,-0.05569872,0.003461632,-0.069281176,0.036109217,0.0,0.028596265,7.3399715e-05,0.0001907275,0
1986,0.0,0.018622315,-7.872957e-06,0.0011478094,-0.00015601149,0.0,-0.06840077,0.041468993,-0.003806425,0.0,0.0,0.0007913144,0.0,9.184287e-06,-0.0008189188,-0.0032377262,-0.0042615733,-0.026601514,-0.0010084626,-7.3221984,-1.1377172,-0.00052330486,-0.08138247,-0.04459043,0.032298885,0.043580357,0.0,-0.013321512,-0.0050832955,0.00018699496,0
4468,0.0,0.009764598,-0.004049724,0.0013489377,0.0002976792,0.0,-0.10108232,-0.07575241,-0.0031535642,0.0,0.0,0.0011720208,0.0,-0.00012937235,0.00078705035,0.0023240114,0.0012288322,0.027868215,-0.0021425947,-7.3221984,-1.0826954,-0.0030639514,0.0292406,0.002971422,0.016372046,-0.2576355,0.0,0.0258334,0.000294285,0.00015979716,0
1018,0.0,-0.0013241512,-2.7742506e-05,0.0003089989,-0.00023700944,0.0,0.019000867,-0.066972345,-0.001258326,0.0,0.0,-0.002847748,0.0,2.9388248e-05,0.0006054541,0.0050775013,0.0035715234,0.007728885,-0.0057944986,7.327141,1.1412624,-0.0010514597,0.06259469,0.0038343256,0.026506986,0.052780174,0.0,0.01791796,0.00010529556,0.9998122,1
4112,0.0,-0.00066176796,-0.00016036953,-0.00089687004,0.00015108708,0.0,0.013696076,-0.084251024,0.0042074956,0.0,0.0,0.00080086174,0.0,-1.8868479e-05,0.0010701965,-0.041658167,0.0014639748,-0.004184678,-0.01246647,-7.3221984,-1.0991875,0.00090621784,-0.05543258,0.0034592412,-0.13107091,0.03238713,0.0,-0.019924425,7.3399715e-05,0.00016278126,0
3951,0.0,-0.00084018486,-0.00016073283,-0.00089687004,0.00015108708,0.0,0.014158095,-0.058345735,-0.0013418437,0.0,0.0,0.000719663,0.0,9.184287e-06,-0.0033583867,-0.037597906,-0.002938446,-0.021010024,-0.009748665,-7.3221984,-1.0715567,-0.0011189723,-0.052685346,-0.021723047,-0.12434534,0.03186829,0.0,-0.019577961,7.3399715e-05,0.00016465249,0
5,0.0,0.004839497,-4.1892097e-05,0.00029461138,-0.00023700944,0.0,0.0163131,0.12038457,-0.0036757672,0.0,0.0,0.003068859,0.0,-8.958757e-06,-0.00096370745,-0.004835986,-0.01033031,-0.0070005036,0.004532433,7.327141,0.2619315,0.0040621953,-0.15261893,0.02407921,0.038530912,0.07141048,0.0,-0.044981807,0.00010529556,0.9995208,1
194,0.0,-0.0006038917,-0.00015809629,-0.00041672445,-0.00023700944,0.0,0.014394304,0.20171215,-0.00183715,0.0,0.0,0.0055616572,0.0,-5.0525516e-05,-0.00096370745,-0.0056100823,0.008578801,-0.0012611627,0.021461047,7.327141,0.27650118,-0.0019063241,-0.102170356,0.0179087,0.049437303,0.086777434,0.0,0.05849091,0.00027148917,0.99964535,1
1743,0.0,-0.00045770142,-0.00016036953,-0.00042722706,0.00015108708,0.0,0.01998865,-0.21167198,0.011934666,0.0,0.0,0.001763003,0.0,-1.8868479e-05,0.00085167366,0.012094121,0.0024318732,-0.01479271,-0.014990788,7.327141,0.120913036,0.0012986921,-0.14147407,0.007987315,0.030051589,0.07324567,0.0,-0.052000813,0.00010529556,0.9992274,1
4807,0.0,-0.00043622233,-0.0009960865,-0.0002575744,-0.0010322913,0.0,0.011588001,-0.071110025,-0.0017001778,0.0,0.0,-0.0017611181,0.0,2.9283974e-05,0.0004687383,0.004904179,-0.0030058692,-0.011987187,-0.0074520004,-7.3221984,-1.0314994,-0.0053345533,-0.049364187,0.0029203391,0.011119743,-0.26303592,0.0,-0.015319643,-9.7579e-05,0.0001561398,0
2653,0.0,-0.00074984634,-0.00016073283,-0.00047769997,-0.00023700944,0.0,0.014679176,-0.08911144,-0.0036566257,0.0,0.0,0.00080086174,0.0,-8.958757e-06,-0.00096370745,-0.006483593,-0.006216867,-0.0008918681,-0.0100487415,-7.3221984,-1.131853,-0.0012277595,-0.09291765,0.003648425,0.03146085,0.04561657,0.0,-0.015321448,0.00010529556,0.00018494637,0
6545,0.0,-0.00079777424,-0.004081902,-0.0002575744,-0.015647734,0.0,0.026428252,-0.073835336,-0.0007655359,0.0,0.0,-0.0017611181,0.0,-1.7066921e-05,0.0008375187,0.004149261,-0.0033986517,0.074974164,0.011718877,-7.3221984,-1.0779122,-0.0029320368,0.03477802,0.0030136148,0.014323386,-0.25252235,0.0,-0.012389215,7.429773e-05,0.0001827398,0
3837,0.0,0.0019730034,-0.00034264242,-0.00038804274,-0.00023700944,0.0,0.042916402,-0.17499149,-0.0008400731,0.0,0.0,-0.004044593,0.0,6.8798495e-06,0.004284531,0.043614056,0.0020049675,0.038770452,-0.012938615,-7.3221984,0.13776284,-0.0014220915,0.076341726,0.0064545125,-0.16923933,0.05754275,0.0,-0.035370313,7.3399715e-05,0.0006621845,0
6551,0.0,-0.0014219625,-0.00015809629,-0.0005896536,-0.00023700944,0.0,0.024520474,0.14133282,-0.0017191791,0.0,0.0,0.0055616572,0.0,5.1797448e-05,-0.0013552799,-0.005169629,0.004813495,0.017049076,0.007402511,-7.3221984,0.29048657,-0.0020235593,0.098308526,0.02823826,0.05688627,0.09289959,0.0,0.0497026,0.00010529556,0.0014619066,0
1514,0.0,-0.0017311479,-0.00016073283,0.0001114531,0.00015108708,0.0,0.017093932,0.071950205,-0.0009356461,0.0,0.0,0.0010239165,0.0,9.184287e-06,0.00045802974,-0.006056779,0.0031309682,0.0031022935,0.004050646,7.327141,1.098104,-0.0014282631,0.07300158,0.010688595,0.047136996,0.06344767,0.0,-0.012013161,0.00027148917,0.9998317,1
6420,0.0,0.0021233633,-0.0003413852,-0.0006070356,0.00015108708,0.0,0.024876853,-0.08032804,-0.0009366498,0.0,0.0,0.0013982162,0.0,2.9388248e-05,0.004284531,0.027674405,0.0015569988,0.012727621,-0.0038575206,-7.3221984,-1.1795129,-0.0009924382,0.03838257,0.0036551482,-0.09934651,0.04016836,0.0,0.026327,7.3399715e-05,0.00020065221,0
1182,0.0,-0.00040954034,-0.0009960865,-0.0002575744,-0.0010322913,0.0,0.0185631,-0.16784006,-0.0018558584,0.0,0.0,-0.0037178374,0.0,-2.8564878e-05,0.0004687383,0.009854779,-0.004217046,-0.0112970825,-0.0028019762,7.327141,0.00835672,-0.016819617,-0.0800872,0.00583432,0.014746401,-0.48605195,0.0,-0.04444147,7.429773e-05,0.99857783,1
3869,0.0,-0.00021657914,-0.0001529242,-0.00046331246,0.00015108708,0.0,0.014763279,-0.08623484,0.012259905,0.0,0.0,-0.002847748,0.0,0.00020286001,0.0004571294,0.006390133,0.0026324778,0.00055129663,-0.010277986,-7.3221984,-1.1730763,-0.0011910623,-0.08823911,0.00368353,0.01800183,0.03972888,0.0,0.025462812,0.00010529556,0.00018976157,0
4577,0.0,-0.0012116693,-4.1892097e-05,0.0001114531,0.00015108708,0.0,0.009754291,0.06494285,-0.003603415,0.0,0.0,0.0010239165,0.0,-8.958757e-06,-0.00096370745,-0.005838116,0.0025206394,0.0040016817,0.0038557479,-7.3221984,-1.2237048,-0.001047822,-0.09524996,0.009469439,0.03550045,0.05218289,0.0,-0.013862619,-0.00035656057,0.00020472932,0
6527,0.0,-0.003278101,-0.00011890505,-0.0030278596,9.9453115e-05,0.0,-0.082858026,-0.08164257,0.009630171,0.0,0.0,0.0013982162,0.0,-0.0001978786,-0.0024797018,-0.0040609147,-0.003484211,-0.008907443,-0.009515049,-7.3221984,-1.1089338,-0.0010330849,-0.03727923,0.0032705525,-0.10783406,0.023569943,0.0,0.043405507,0.00028831692,0.00016585493,0
3838,0.0,-0.009662086,-0.00011382133,-0.0015807144,9.9453115e-05,0.0,-0.11158115,-0.08555537,-0.0011861576,0.0,0.0,-0.0018601599,0.0,6.8798495e-06,0.0023430695,-0.012770072,0.0015569988,0.006335707,-0.008446544,-7.3221984,-1.0939285,-0.00083302555,0.03262852,0.0033662308,-0.11110623,0.030378921,0.0,-0.020071195,0.00028831692,0.0001644181,0
4616,0.0,-0.008300029,-7.872957e-06,0.00502392,-0.00015601149,0.0,-0.14023326,-0.048930123,-0.0061936965,0.0,0.0,0.0017337969,0.0,9.184287e-06,-0.0008189188,-0.0038444847,-0.00649245,-0.08443521,-0.008748783,-7.3221984,0.070381686,-0.002451909,-0.090546034,-0.10767217,0.044469927,0.061548267,0.0,-0.044421166,-0.00078804843,0.00045166916,0
1106,0.0,-0.0014219625,-0.00015809629,-0.00041672445,-0.00023700944,0.0,0.02168305,0.16976309,-0.0013603091,0.0,0.0,0.0055616572,0.0,5.1797448e-05,-0.0013552799,-0.005169629,0.005451671,0.017980631,0.00793422,7.327141,0.3687159,-0.0017645562,0.078541964,0.02823826,0.05951391,0.09700109,0.0,0.044556603,0.00027148917,0.9997285,1
6027,0.0,-0.0006350356,-0.00118233,-0.0002815292,0.00065805775,0.0,0.011156819,-0.06477994,-0.0017001778,0.0,0.0,0.0006874662,0.0,2.9283974e-05,-0.0011662955,-0.0042713173,0.0011986545,-0.027769791,-0.010811046,-7.3221984,-1.0069628,-0.0056429,-0.049267884,-0.019763518,0.015744723,-0.2525848,0.0,-0.01608945,7.429773e-05,0.0001561398,0
220,0.0,0.0037696096,-0.00012787685,-0.0006070356,0.00015108708,0.0,0.04133194,-0.1608459,-0.0015825559,0.0,0.0,0.0056543415,0.0,5.1797448e-05,-0.013645994,0.024470726,-0.0059273955,0.017053358,-0.014355978,7.327141,0.23122048,0.010156722,0.054211847,0.0066434867,-0.16530982,0.058425058,0.0,0.068614714,7.3399715e-05,0.99943465,1
5355,0.0,-0.00062086206,-0.00016073283,-0.00089687004,-0.00023700944,0.0,0.014569004,-0.08126433,-0.0013354113,0.0,0.0,-0.0018601599,0.0,-8.958757e-06,0.0010701965,-0.041658167,0.0014639748,-0.00061683357,-0.012265755,-7.3221984,-1.1024207,-0.0010528984,-0.05778024,0.0032718054,-0.12425392,0.033319954,0.0,-0.019033434,7.3399715e-05,0.00016278126,0
4134,0.0,-0.0024213265,-0.00016073283,-0.00047769997,-0.00023700944,0.0,0.014078733,0.015534863,-0.0036098477,0.0,0.0,0.0007913144,0.0,9.184287e-06,-0.00096370745,-0.005838116,0.002048474,-0.025846183,-0.0074163047,-7.3221984,-1.140644,-0.0006644827,-0.104190275,-0.057024524,0.031875182,0.046025988,0.0,-0.0140460655,-0.00013829004,0.00018693595,0
3201,0.0,0.0012410837,-0.0005314293,0.00017050037,0.00065805775,0.0,0.01304236,0.1364645,0.0052412557,0.0,0.0,-0.008434564,0.0,0.00010590417,-0.00068783655,-0.0039515323,-0.008786548,-0.02677551,0.0022327062,-7.3221984,0.057244346,-0.02439501,-0.078546144,0.02030422,0.02109707,-0.5174235,0.0,-0.0402921,-9.7579e-05,0.00041643888,0
3853,0.0,-0.0011261356,-0.00015809629,-0.00046331246,0.00015108708,0.0,0.031400874,-0.12861079,-0.0018085832,0.0,0.0,0.0053891977,0.0,-5.0525516e-05,-0.0019003834,0.0054760617,-0.016476713,0.015098499,-0.0069812415,-7.3221984,0.2125484,-0.002430916,0.09549465,0.008320152,0.04089241,0.08666609,0.0,0.049068652,0.00010529556,0.0009667248,0
6060,0.0,-0.0015339924,-0.00015809629,0.00018265776,0.00015108708,0.0,0.0179001,-0.066475585,-0.0016043885,0.0,0.0,0.0013982162,0.0,-5.0525516e-05,-0.0013552798,-0.0052591464,0.0035715234,0.0021372484,-0.005961049,-7.3221984,-1.2257546,-0.0013005907,0.06288706,0.0039664772,0.0386584,0.05475574,0.0,0.021658802,0.00010529556,0.00021745007,0
5719,0.0,-0.006636537,-7.872957e-06,0.00029313104,9.9453115e-05,0.0,-0.12629743,0.2158766,-0.0014584516,0.0,0.0,0.0017337969,0.0,9.184287e-06,-0.0014381174,-0.0082263565,0.0030290433,-0.0890117,0.048148006,-7.3221984,0.107516125,0.0007221634,-0.064532764,-0.042358108,-0.23141676,0.05293491,0.0,-0.04354963,-0.0013053084,0.0005434054,0
4593,0.0,-0.00062086206,-4.1892097e-05,0.0006581527,-0.00023700944,0.0,0.014084843,-0.06679392,-0.0013418437,0.0,0.0,0.00080086174,0.0,9.184287e-06,0.0006756522,-0.04131309,-0.00568658,-0.003809995,-0.010706918,-7.3221984,-1.1076189,-0.0012277595,-0.060494136,0.0032503447,-0.123015806,0.03308261,0.0,-0.021424245,7.3399715e-05,0.00016278126,0
2723,0.0,-0.0038361263,-0.0007061977,-0.0013725678,-0.00046696758,0.0,-0.09625228,-0.13988036,-0.005561312,0.0,0.0,0.0014148275,0.0,2.9283974e-05,-0.001085658,-0.0060963933,0.001399921,-0.049049936,-0.0031450414,-7.3221984,-0.09012967,-0.02135391,-0.066388175,-0.036805533,0.019968376,-0.39569807,0.0,-0.050507158,0.000294285,0.00025436922,0
5975,0.0,0.0024367075,-0.00012787685,-0.0006070356,0.00015108708,0.0,0.022398252,-0.07542395,-0.0020530242,0.0,0.0,-0.002963013,0.0,5.1797448e-05,0.0027740155,0.03312518,0.0014639748,0.0009155377,-0.015275834,-7.3221984,-1.1549584,0.00859949,-0.053849198,0.0033169168,-0.065861635,0.035058457,0.0,0.027524667,7.3399715e-05,0.0001907275,0
6923,0.0,-0.0018747322,-0.00053401245,0.00017050037,-0.0010322913,0.0,0.010534054,-0.05928314,-0.0017001778,0.0,0.0,0.0006874662,0.0,2.9283974e-05,-0.0011662955,-0.00404759,-0.002553733,-0.034950145,-0.0045629856,-7.3221984,-1.0059611,-0.0056429,-0.04950876,-0.019638289,0.015748046,-0.25245002,0.0,-0.015696993,7.429773e-05,0.0001561398,0
6665,0.0,-0.008240164,-0.00012407714,-0.0016200942,9.9453115e-05,0.0,-0.1574881,-0.08629199,-0.0019286403,0.0,0.0,-0.002847748,0.0,5.1797448e-05,-0.007981252,-0.0035953857,0.0015569988,0.0054116193,-0.007593557,-7.3221984,-1.1243714,-0.00081506,0.027469482,0.0034113417,-0.093260415,0.030184949,0.0,0.02717269,0.00028831692,0.0001613529,0
26,0.0,0.036141578,-5.236405e-06,0.0046401466,-0.00015601149,0.0,-0.17771277,-0.16410631,-0.005561172,0.0,0.0,0.0053891977,0.0,5.1797448e-05,-0.0012104912,-0.003094923,0.00525405,0.01011556,-0.0063335774,7.327141,0.17135929,-0.0021287394,0.0878319,0.007540349,0.056293134,0.07904298,0.0,0.053629905,0.0006000288,0.9994336,1
3723,0.0,-0.0006350356,-0.0009960865,-0.0002815292,-0.0010322913,0.0,0.010825454,-0.060414854,-0.0017001778,0.0,0.0,0.0006874662,0.0,2.9283974e-05,-0.0011662955,-0.0042713173,-0.002553733,-0.03127139,-0.00698949,-7.3221984,-1.0058752,-0.005462384,-0.04928944,-0.019638289,0.015655123,-0.2529642,0.0,-0.01608945,7.429773e-05,0.0001561398,0
3500,0.0,-0.00043622233,-0.00053401245,0.0001944552,-0.0010322913,0.0,0.011259515,-0.07134565,-0.0016516638,0.0,0.0,-0.0017611181,0.0,-2.8564878e-05,0.0004687383,0.004904179,-0.0030058692,-0.011999795,-0.0074529047,-7.3221984,-1.0316799,-0.0055150692,-0.049364187,0.0029203391,0.011157244,-0.26325995,0.0,-0.015271129,7.429773e-05,0.0001561398,0
719,0.0,-0.0014947804,-0.00014784047,-0.00025429795,-0.00023700944,0.0,0.019152965,0.091967516,-0.0005454737,0.0,0.0,0.0010239165,0.0,6.8798495e-06,0.0006054541,0.005882155,-0.010868515,0.0069813915,0.0045260126,7.327141,1.0958948,-0.0010038281,0.054142475,0.008126938,0.035057217,0.060139343,0.0,-0.011764427,-0.00035656057,0.9998292,1
2684,0.0,-0.0014101369,-0.00015809629,-0.00046331246,-0.00023700944,0.0,0.020488687,0.06812451,-0.0016468267,0.0,0.0,0.0014633569,0.0,5.1797448e-05,-0.0019003835,0.0049851635,0.0031309682,0.0033077332,0.0032887876,-7.3221984,-1.2870163,-0.0009858627,0.070491634,0.010537393,0.034651652,0.06137856,0.0,0.01932707,0.00010529556,0.00024263086,0
2149,0.0,-0.0009130769,-4.1528787e-05,0.00038327288,0.00015108708,0.0,0.010667337,0.10089692,0.0034683559,0.0,0.0,0.0010239165,0.0,1.9343477e-05,-0.00096370745,-0.0057812543,-0.009474776,-0.010377139,0.009670742,-7.3221984,-1.2165883,-0.001047822,-0.07267174,0.007402624,0.040576812,0.055669766,0.0,-0.014332942,-0.00035656057,0.00021733338,0
370,0.0,-0.0014947804,-0.00014784047,-0.00025429795,-0.00023700944,0.0,0.018013652,0.079731606,-0.0009043438,0.0,0.0,-0.002729918,0.0,6.8798495e-06,0.0006054541,0.005882155,0.0031309682,0.008349494,0.0042816815,7.327141,1.0978422,-0.0014095315,0.06596543,0.010537553,0.03447328,0.06052655,0.0,-0.011034403,0.00027148917,0.9998317,1
1676,0.0,-0.0015679173,-0.00016073283,-0.00047769997,-0.00023700944,0.0,0.018868914,-0.07449845,-0.0009888569,0.0,0.0,0.00080086174,0.0,9.184287e-06,-0.0013552798,-0.0060384963,0.0035715234,0.00170427,-0.005918223,7.327141,1.1736598,-0.001088157,0.06504642,0.0038419412,0.04246702,0.05744398,0.0,-0.013377294,0.00010529556,0.9998122,1
6909,0.0,0.0004176715,-7.872957e-06,0.0047521,9.9453115e-05,0.0,-0.084797084,-0.10700305,-0.004206905,0.0,0.0,-0.0018601599,0.0,-8.958757e-06,-0.0018605032,-0.003883203,0.0019839045,-0.0020674872,-0.009461464,-7.3221984,-1.0947927,-0.0010323187,-0.061259095,0.0032811633,0.031273413,0.04087428,0.0,-0.01475936,-0.00078804843,0.00017750227,0
6015,0.0,-0.0008270911,-0.00016073283,-0.00047769997,-0.00023700944,0.0,0.014664202,-0.039107822,-0.0036405432,0.0,0.0,-0.002729918,0.0,9.184287e-06,-0.00096370745,-0.005838116,0.0026324778,0.0029020829,0.0073972647,-7.3221984,-1.1910124,-0.0010717404,-0.08915414,0.0055046463,0.030595655,0.046861243,0.0,-0.014642088,-0.00013829004,0.00018954836,0
1553,0.0,0.0017634911,-0.00034264242,-0.00038804274,-0.00023700944,0.0,0.025130333,-0.08163705,-0.0006358784,0.0,0.0,0.00080086174,0.0,6.8798495e-06,0.004284531,0.042874288,0.0015569988,0.01570477,-0.0034949018,7.327141,1.2150245,-0.0009849807,0.040465843,0.0036100368,-0.1052167,0.03742989,0.0,-0.014390586,7.3399715e-05,0.99979645,1
2788,0.0,-0.0013241512,-0.00015809629,0.00057982025,0.00015108708,0.0,0.019615505,-0.056502324,-0.0017000374,0.0,0.0,0.0013982162,0.0,5.1797448e-05,0.0006054541,0.004181325,0.0035715234,0.004281892,-0.0064228475,-7.3221984,-1.2377182,-0.0010701914,0.061777174,0.004409864,0.025767686,0.055483885,0.0,0.02083491,0.00010529556,0.00021745007,0
6301,0.0,-0.0010464139,-0.00016073283,-0.00047769997,-0.00023700944,0.0,0.014266263,-0.0378351,-0.0036405432,0.0,0.0,0.0007913144,0.0,9.184287e-06,-0.00096370745,-0.005838116,0.0022947036,-0.038393173,0.00120095,-7.3221984,-1.1283767,-0.0009816849,-0.09724905,-0.036233492,0.030157395,0.043857977,0.0,-0.014476309,0.00010529556,0.00018325105,0
6232,0.0,-0.0006350356,-0.00118233,-0.0002815292,0.00065805775,0.0,0.011456609,-0.063827485,-0.0017001778,0.0,0.0,0.0006874662,0.0,2.9283974e-05,-0.0011662955,-0.0042713173,-0.002553733,-0.031711463,-0.0076953867,-7.3221984,-1.0068887,-0.007961453,-0.0502658,-0.019638289,0.015646724,-0.24587153,0.0,-0.01608945,-9.7579e-05,0.0001561398,0
6229,0.0,-0.004233453,-0.00062298396,-0.0013725678,0.0002976792,0.0,-0.06789693,-0.06246491,-0.0022504567,0.0,0.0,0.0014033257,0.0,2.9283974e-05,-0.001085658,-0.003177539,-0.002553733,-0.020278238,-0.0049183695,-7.3221984,-1.0318898,0.03510967,-0.03374641,-0.018507008,0.015043831,-0.19500192,0.0,-0.01598076,0.000294285,0.000159223,0
5236,0.0,-0.0024213265,-0.00016073283,-0.00047769997,0.00015108708,0.0,0.01412621,0.024936356,-0.0036098477,0.0,0.0,0.0007913144,0.0,9.184287e-06,-0.00096370745,-0.005838116,0.002048474,-0.028305558,-0.005583947,-7.3221984,-1.1480346,-0.0006644827,-0.105703324,-0.057024524,0.03148385,0.04548584,0.0,-0.013421044,-0.00013829004,0.00018693595,0
3339,0.0,-0.0021060791,-3.9255545e-05,0.00018265776,-0.00023700944,0.0,0.017390154,-0.018203015,-0.001677522,0.0,0.0,-0.0035694623,0.0,5.1797448e-05,0.00045802974,-0.0048112147,0.0035715234,0.0047462,-0.0059148427,-7.3221984,-1.2539059,-0.0010097811,0.060233567,0.005784115,0.034315623,0.054784946,0.0,0.021818055,0.00010529556,0.0002205258,0
3717,0.0,-0.0040641194,-0.0001267137,-0.0015807144,9.9453115e-05,0.0,-0.08937724,-0.06911495,-0.0018921229,0.0,0.0,-0.0018601599,0.0,9.184287e-06,0.00043801017,-0.01293915,-0.00568658,0.0023342213,-0.010369611,-7.3221984,-1.0695351,-0.0010323187,-0.046860926,0.0030380057,-0.113097586,0.028524712,0.0,-0.018479442,-0.00037866138,0.00015951779,0
6738,0.0,-0.004235542,-2.8999733e-05,5.678783e-05,-0.00023700944,0.0,0.020017415,0.060609028,-0.0005826677,0.0,0.0,-0.002729918,0.0,6.8798495e-06,0.002527796,0.020842817,0.0029922104,0.0075104656,0.0007207915,-7.3221984,-1.2321436,-0.0010206278,0.045484684,0.008405153,-0.14152187,0.044854425,0.0,-0.011921408,-9.63996e-05,0.00020105478,0
2934,0.0,-0.008091727,-0.00012407714,-0.0013360037,9.9453115e-05,0.0,-0.08245075,0.124102734,-0.0020570238,0.0,0.0,0.0014633569,0.0,5.1797448e-05,-0.0008189188,-0.0027977298,0.006896274,0.0047489316,0.008417886,-7.3221984,-1.2440046,-0.0008531474,-0.009760208,0.0075738104,0.038361244,0.051191796,0.0,0.022569688,0.0038704774,0.0002216502,0
4693,0.0,-0.00062086206,-4.1892097e-05,-0.0004520395,-0.00023700944,0.0,0.0139109,-0.08006651,-0.0013354113,0.0,0.0,0.00080086174,0.0,-8.958757e-06,-0.0033583867,-0.037597906,-0.003484211,-0.0067495545,-0.012250815,-7.3221984,-1.0967032,-0.00107163,-0.053690553,0.0032503447,-0.12505056,0.032749433,0.0,-0.01976349,7.3399715e-05,0.00016278126,0
1481,0.0,-0.0015756972,-0.00015809629,-0.00041672445,-0.00023700944,0.0,0.02168305,0.16976309,-0.0013603091,0.0,0.0,0.0055616572,0.0,5.1797448e-05,-0.0013552799,-0.005169629,0.005451671,0.018110052,0.007998377,7.327141,0.37037462,0.0034526498,0.078541964,0.02823826,0.05951391,0.090331025,0.0,0.04431092,0.00027148917,0.9997285,1
791,0.0,-0.0012444912,-0.00015809629,-0.0005896536,-0.00023700944,0.0,0.018868914,-0.10403469,-0.0017000374,0.0,0.0,0.0013982162,0.0,5.1797448e-05,-0.005993004,-0.0052591464,0.0016957566,0.0015036801,-0.009202579,7.327141,1.1596776,-0.0010701914,0.05621104,0.0038870526,0.038591474,0.052821428,0.0,0.023651736,0.00010529556,0.999806,1
2715,0.0,-0.0008270911,-0.00016073283,-0.00047769997,0.00015108708,0.0,0.0145765385,-0.033143114,-0.0036405432,0.0,0.0,-0.002729918,0.0,9.184287e-06,-0.00096370745,-0.005838116,-0.006216867,0.00035248086,0.007179478,-7.3221984,-1.187903,-0.0010717404,-0.08597435,0.0052957498,0.03039216,0.046092574,0.0,-0.014642088,0.00010529556,0.00018954836,0
115,0.0,-0.0005060803,-0.00015809629,0.0003089989,-0.00023700944,0.0,0.014658288,-0.0001440174,-0.0043517235,0.0,0.0,0.0014633569,0.0,5.1797448e-05,-0.001508811,0.005210155,-0.006216867,0.0010669564,0.007385808,7.327141,1.1317829,-0.0010725067,-0.10328342,0.005575465,0.01916053,0.04548675,0.0,0.023728283,0.00010529556,0.9997875,1
4989,0.0,-0.0037010836,-0.0007061977,-0.0013559901,0.0002976792,0.0,-0.068372265,-0.07391325,-0.0022019427,0.0,0.0,-0.0017611181,0.0,-2.8564878e-05,0.00041826992,0.0037724315,-0.0030058692,-0.0036492362,-0.008336833,-7.3221984,-1.0112224,-0.0043388885,-0.03539965,0.0027292601,0.01316475,-0.22790253,0.0,-0.0152227655,0.000294285,0.00015503795,0
4481,0.0,0.00089220935,-0.00016073283,0.0001114531,-0.00023700944,0.0,0.012585983,0.09524817,-0.0005767761,0.0,0.0,-0.002729918,0.0,9.184287e-06,-0.0013552799,-0.005201931,0.003769144,0.002226288,0.0066200215,-7.3221984,-1.2673674,-0.0014095315,0.053083543,0.009048324,0.04982256,0.064970344,0.0,-0.011477483,-0.00035656057,0.00024263086,0
6613,0.0,-0.0014219625,-0.00015809629,-0.00041672445,0.00015108708,0.0,0.021597488,0.15891613,-0.0017191791,0.0,0.0,0.0055616572,0.0,5.1797448e-05,0.00045802974,-0.0049412074,-0.014766688,0.019919304,0.007716434,-7.3221984,0.31257805,-0.0017645562,0.089216374,0.027445704,0.054522708,0.09545686,0.0,0.045033343,0.00027148917,0.0014751386,0
810,0.0,-0.00087687164,-0.00016073283,-0.0003047709,0.00015108708,0.0,0.015448057,0.21156478,-0.0012216184,0.0,0.0,0.003068859,0.0,9.184287e-06,0.0003097051,-0.006627225,0.008578801,-0.0018687681,0.022702495,7.327141,0.29751837,-0.0019107041,-0.113906294,0.017122637,0.053168997,0.088154405,0.0,-0.042421803,-0.00035656057,0.9996166,1
4482,0.0,0.0021945422,-0.0001267137,0.0010707123,9.9453115e-05,0.0,-0.077253565,-0.053768966,-0.0018921229,0.0,0.0,-0.0018601599,0.0,9.184287e-06,-0.0014381174,-0.008232961,-0.00568658,0.00033536268,-0.010369611,-7.3221984,-1.0783128,-0.0010323187,-0.053912926,0.0031727145,-0.12350648,0.029921472,0.0,-0.016932663,-0.00037866138,0.0001617747,0
6904,0.0,0.008867918,-0.0001267137,0.0047521,-0.00015601149,0.0,-0.14807142,-0.017289953,-0.0061936965,0.0,0.0,0.003068859,0.0,9.184287e-06,0.0002705467,-0.0038362863,-0.010765928,0.0037392573,0.0047835745,-7.3221984,0.17164624,-0.0020657724,-0.121039264,0.015753496,0.04786014,0.070106685,0.0,-0.04854105,-0.00078804843,0.00063626975,0
6761,0.0,0.004902403,-5.7880156e-05,0.001352457,0.0002976792,0.0,-0.08854842,-0.13768005,-0.005561312,0.0,0.0,0.0014148275,0.0,2.9283974e-05,-0.001085658,-0.005971359,-0.0030978988,-0.052436776,-0.0036295052,-7.3221984,-0.111366265,-0.027991138,-0.07196112,-0.03591969,0.020990022,-0.4026959,0.0,-0.047919758,-0.00038649963,0.00024881228,0
3908,0.0,-0.0008812244,-0.00016073283,-0.00089687004,0.00015108708,0.0,0.028718062,-0.074186645,-0.0015460384,0.0,0.0,0.0015146076,0.0,9.184287e-06,-0.0023168023,-0.04051676,0.0022399905,-0.10354294,-0.003511649,-7.3221984,0.11264319,-0.0034959926,-0.120492116,-0.042900376,-0.17282206,0.05405453,0.0,-0.049673304,7.3399715e-05,0.0004310846,0
964,0.0,-0.0016199781,-3.9255545e-05,-5.00484e-07,0.00015108708,0.0,0.016838182,0.09332564,-0.0012879567,0.0,0.0,0.0014633569,0.0,5.1797448e-05,-0.0013552799,-0.0050396365,0.003769144,0.002170267,0.0060381624,7.327141,1.0705763,-0.0009858627,0.05014115,0.009048165,0.045966845,0.061885636,0.0,0.020037657,0.00027148917,0.9998317,1
5513,0.0,-0.008070891,-0.00012635038,-0.0011942417,-0.00015601149,0.0,-0.08432506,0.07960359,0.01150565,0.0,0.0,-0.002729918,0.0,1.9343477e-05,0.00033801052,0.003717824,0.0025206394,-0.005725232,0.0042815236,-7.3221984,-1.2044692,-0.001276816,-0.028272204,0.00787865,0.03449044,0.049372703,0.0,-0.013284717,-0.0050832955,0.00020501393,0
4318,0.0,0.005347149,-4.1892097e-05,0.0001114531,0.00015108708,0.0,0.012292396,0.20552301,-0.0012216184,0.0,0.0,0.0017337969,0.0,9.184287e-06,-0.00096370745,-0.004835986,-0.009982177,-0.08315055,0.043625418,-7.3221984,0.23600405,0.00047064648,-0.124991685,-0.07932621,0.044409707,0.079677776,0.0,-0.0384605,-0.00035656057,0.0008708153,0
1314,0.0,0.00076212815,-3.9255545e-05,0.00018265776,0.00015108708,0.0,0.018363837,0.12628369,-0.0017191791,0.0,0.0,0.0055616572,0.0,5.1797448e-05,-0.0013552798,-0.004666099,0.00525405,0.01845363,0.008380907,7.327141,0.36531845,-0.0018820141,0.09735367,0.024055623,0.05779775,0.09215046,0.0,0.048319876,0.00010529556,0.99971896,1
902,0.0,0.009720851,-7.872957e-06,0.0011776178,9.9453115e-05,0.0,-0.06053108,0.08261826,-0.0037999924,0.0,0.0,0.0010239165,0.0,-8.958757e-06,-0.0010683672,0.003344432,-0.0057812487,-0.0060269963,0.0044682166,7.327141,1.1606119,-0.001331079,-0.06792395,0.0062585343,0.037286516,0.050434623,0.0,-0.013605594,0.0038704774,0.9998004,1
164,0.0,-0.0023101568,-0.00015809629,-0.0005896536,-0.00023700944,0.0,0.01394359,0.023896929,-0.004321028,0.0,0.0,0.0012307549,0.0,5.1797448e-05,-0.00096370745,-0.005172291,-0.0042615733,-0.028814653,-0.0076900744,7.327141,1.1925361,-0.0006465172,-0.103067495,-0.057028666,0.02820968,0.042888153,0.0,0.022975603,0.00010529556,0.99978155,1
3712,0.0,-0.0014101369,-0.00015809629,-0.00029038332,-0.00023700944,0.0,0.017883833,0.07081517,-0.0016468267,0.0,0.0,-0.0035694623,0.0,5.1797448e-05,-0.0019003835,0.0044274502,0.0031309682,0.0038431091,0.0036141423,-7.3221984,-1.2813147,-0.00096713094,0.07038318,0.0103863515,0.034264732,0.061473355,0.0,0.018463245,0.00027148917,0.00024263086,0
4979,0.0,-0.00040954034,-0.0009960865,-0.0002575744,0.00065805775,0.0,0.018894464,-0.16784006,-0.0018558584,0.0,0.0,-0.0037178374,0.0,-2.8564878e-05,0.0004687383,0.009854779,-0.004217046,-0.0112970825,-0.0059081567,-7.3221984,-0.028140128,-0.016819617,-0.0800872,0.00583432,0.014746401,-0.48394874,0.0,-0.046858743,7.429773e-05,0.0002935726,0
6075,0.0,-0.00061838474,-0.00118233,0.00017050037,-0.0010322913,0.0,0.010890874,-0.05292101,-0.0017001778,0.0,0.0,-0.0017611181,0.0,2.9283974e-05,-0.00068783644,-0.0042713173,-0.004446022,-0.015916836,-0.00702438,-7.3221984,-1.0376695,-0.008011641,-0.051988065,0.003002872,0.015710913,-0.25930387,0.0,-0.014703268,7.429773e-05,0.0001561398,0
753,0.0,-0.0014219625,-0.00015809629,-0.00041672445,-0.00023700944,0.0,0.02168305,0.17897306,-0.0013603091,0.0,0.0,0.0055616572,0.0,5.1797448e-05,-0.0013552799,-0.005169629,0.005451671,0.016497206,0.013089417,7.327141,0.3434336,-0.0017645562,0.072988406,0.01951053,0.05951391,0.09718787,0.0,0.044556603,0.00027148917,0.9997212,1
4155,0.0,-0.0009174297,-0.00016073283,-0.00089687004,-0.00023700944,0.0,0.013850528,-0.0009393613,-0.0013193283,0.0,0.0,0.0007913144,0.0,9.184287e-06,-0.0023168023,-0.03478442,-0.0047043553,-0.03848424,0.0005278343,-7.3221984,-1.1047565,-0.0009816849,-0.059157018,-0.033373903,-0.118622705,0.031728096,0.0,-0.017968023,-9.63996e-05,0.00016588466,0
3895,0.0,-0.0005411399,-0.00118233,-0.0002815292,0.00065805775,0.0,0.011250935,-0.07421341,-0.0016516638,0.0,0.0,-0.0017611181,0.0,-2.8564878e-05,-0.0011662955,-0.0042713173,-0.0030058692,-0.016614316,-0.011229461,-7.3221984,-1.0204364,-0.0055150692,-0.0492482,0.0029203391,0.01568181,-0.25699407,0.0,-0.015804138,7.429773e-05,0.0001561398,0
5399,0.0,-0.0006350356,-0.00118233,-0.0002815292,0.00065805775,0.0,0.011396518,-0.058155466,-0.0017001778,0.0,0.0,0.0006874662,0.0,2.9283974e-05,-0.0011662955,-0.0042713173,-0.002553733,-0.03351427,-0.0012507145,-7.3221984,-1.0063536,-0.007961453,-0.04950876,-0.019638289,0.0154952165,-0.25099328,0.0,-0.01608945,7.429773e-05,0.0001571492,0
7028,0.0,-0.0015679173,-0.00016073283,0.0005664311,0.00015108708,0.0,0.0179001,-0.10427582,-0.0009888569,0.0,0.0,0.00080086174,0.0,9.184287e-06,-0.005993004,-0.005890835,0.0016957566,0.003477041,-0.009436477,-7.3221984,-1.17637,-0.0013185563,0.05901577,0.0039213663,0.042090233,0.05529563,0.0,-0.013943342,0.00010529556,0.00021042732,0
4073,0.0,-0.004283442,-0.0001267137,0.003344948,9.9453115e-05,0.0,-0.095197394,-0.07626929,-0.0018921229,0.0,0.0,0.000719663,0.0,9.184287e-06,-0.0024797018,-0.010426985,0.0012876309,-0.032614987,0.0010114396,-7.3221984,-1.034397,-0.00094226317,-0.044342052,-0.02081525,-0.111750044,0.027191805,0.0,-0.019577961,0.00028831692,0.00015805553,0
4490,0.0,-0.0013267088,-0.0007543106,0.0001944552,0.00065805775,0.0,0.011262061,-0.0715054,-0.0016516638,0.0,0.0,-0.0017611181,0.0,-2.8564878e-05,0.0004687383,0.004688951,-0.0030058692,-0.012220094,-0.010521899,-7.3221984,-1.031107,-0.0053345533,-0.04963991,0.0029203391,0.011873975,-0.2617647,0.0,-0.014878672,7.429773e-05,0.0001561398,0
5021,0.0,-0.0023851213,-0.00016073283,-0.0003047709,-0.00023700944,0.0,0.013644431,0.21193947,-0.0012216184,0.0,0.0,0.0017337969,0.0,9.184287e-06,-0.00096370745,-0.0062759076,0.0068893256,-0.04425663,0.03419685,-7.3221984,0.19342355,-0.0037545166,-0.109940834,-0.09792179,0.052777253,0.08418543,0.0,-0.03920345,-0.00035656057,0.000875869,0
1003,0.0,-0.0021967874,8.487297e-05,0.0001232102,0.00065805775,0.0,0.029316828,-0.15446603,-0.0028074798,0.0,0.0,-0.016323645,0.0,-0.00012937235,0.00077128614,-0.0039627203,0.0016768009,0.016690696,-0.008868143,7.327141,0.07488975,0.08228901,0.04855492,0.0061240126,0.020688782,-0.4563268,0.0,0.07238786,7.429773e-05,0.9991135,1
857,0.0,0.0020318779,-0.00014658325,-0.0006070356,0.00015108708,0.0,0.03830346,-0.0046320837,-0.0010265484,0.0,0.0,0.0055616572,0.0,-2.8666589e-05,0.002527796,0.023767864,0.005115292,0.022467135,-0.010680593,7.327141,0.2528252,-0.0018072063,0.060065217,0.018851,-0.16416635,0.0704568,0.0,0.056384124,7.3399715e-05,0.99954444,1
1995,0.0,-0.003057554,-4.1892097e-05,-0.0004520395,-0.00023700944,0.0,0.012236586,0.024680367,-0.0012886331,0.0,0.0,0.0007913144,0.0,9.184287e-06,-0.0023168023,-0.028961698,-0.0047043553,-0.03734306,0.00054277363,-7.3221984,-1.1165577,-0.0010172162,-0.064814754,-0.037211545,-0.12796646,0.03203332,0.0,-0.01703626,-9.63996e-05,0.00016588466,0
3991,0.0,-0.0015339924,-0.00015809629,-0.0005896536,0.00015108708,0.0,0.018939571,-0.063862205,-0.0017000374,0.0,0.0,-0.002847748,0.0,5.1797448e-05,0.00045802974,-0.005030724,0.0035715234,0.0049943244,-0.005961049,-7.3221984,-1.2252697,-0.0012818589,0.063188896,0.00391375,0.03451252,0.05479217,0.0,0.021475663,0.00010529556,0.00021745007,0
3010,0.0,-0.0010056805,-0.0007335653,0.0009778448,-0.0010322913,0.0,0.013357406,-0.062188115,-0.0017001778,0.0,0.0,0.0006874662,0.0,2.9283974e-05,-0.0011662955,-0.004003096,-0.002553733,-0.033178795,0.002980555,-7.3221984,-1.0239998,0.014098954,-0.04950876,-0.019638289,0.014679335,-0.23944262,0.0,-0.01598076,7.429773e-05,0.00015994991,0
1570,0.0,-0.0014219625,-0.00015809629,-0.00041672445,0.00015108708,0.0,0.021753708,0.17674625,-0.0013603091,0.0,0.0,0.0055616572,0.0,5.1797448e-05,0.00045802974,-0.0049412074,0.005451671,0.019460311,0.009083761,7.327141,0.34233984,-0.0021889913,0.0787564,0.019790404,0.055434957,0.09702928,0.0,0.045033343,0.00027148917,0.9997212,1
6572,0.0,-0.0016089568,-0.00016073283,-0.00047769997,0.00015108708,0.0,0.030794412,-0.10873108,-0.0011930516,0.0,0.0,-0.004044593,0.0,9.184287e-06,0.00045802974,-0.006735181,0.00525405,0.016943706,-0.0070627043,-7.3221984,0.23677379,-0.0019346968,0.11589514,0.008051752,0.055580378,0.09360629,0.0,-0.028667863,0.00010529556,0.0009787757,0
4920,0.0,-0.0015339924,-0.00015809629,-0.0005896536,0.00015108708,0.0,0.018835802,-0.054372817,-0.0017000374,0.0,0.0,-0.002847748,0.0,5.1797448e-05,-0.0013552798,-0.0050396365,0.0035715234,0.0031520608,-0.006147569,-7.3221984,-1.2327718,-0.0010514597,0.061713785,0.004357137,0.03832765,0.054554906,0.0,0.020666426,0.00010529556,0.00021745007,0
6938,0.0,-0.013391746,0.0013984217,0.0016802853,9.9453115e-05,0.0,-0.14886394,-0.014853232,-0.0010221123,0.0,0.0,-0.002729918,0.0,6.8798495e-06,0.0009957553,0.0075878934,0.0034327656,0.0078097847,-0.0068031223,-7.3221984,-1.1552811,-0.0010223859,0.035426207,0.004967889,-0.105256565,0.032123223,0.0,-0.013601011,-0.00037866138,0.00016673829,0
6992,0.0,0.0020824575,-2.7742506e-05,-0.00016220505,-0.00023700944,0.0,0.024568824,-0.08025356,-0.0009366498,0.0,0.0,0.0013982162,0.0,2.9388248e-05,0.004284531,0.027674405,0.0015569988,0.008174609,-0.003781488,-7.3221984,-1.1790608,0.00073664973,0.03838257,0.0036551482,-0.09960707,0.04193314,0.0,0.027022699,7.3399715e-05,0.00020065221,0
5860,0.0,-0.0009751117,-0.00016073283,-0.0004520395,0.00015108708,0.0,0.01559726,-0.08853726,-0.0006607482,0.0,0.0,-0.0018601599,0.0,-8.958757e-06,-0.007346099,-0.0401154,0.0015569988,0.004289652,-0.00817107,-7.3221984,-1.1429483,-0.00091329566,0.038788874,0.0035573097,-0.16544841,0.036833856,0.0,-0.020143822,7.3399715e-05,0.00016520874,0
5604,0.0,-3.637698e-05,-0.0005314293,0.0001944552,0.00065805775,0.0,0.010326899,-0.07080676,0.005108959,0.0,0.0,-0.0017611181,0.0,0.00010590417,0.0004687383,0.0046054674,-0.0030058692,-0.017659657,-0.009493083,-7.3221984,-1.0246477,-0.008333588,-0.049156506,0.0029019804,0.012787215,-0.26712215,0.0,-0.018037245,7.429773e-05,0.0001561398,0
2568,0.0,-0.0005168901,-0.00118233,-0.00018067996,-0.0010322913,0.0,0.01034958,0.072037004,-0.0010470536,0.0,0.0,-0.0026308764,0.0,2.9283974e-05,0.0002875016,0.0039800853,-0.0053255586,-0.010714639,0.008724008,-7.3221984,-1.1234596,-0.008149193,-0.045227166,0.003876773,0.014249888,-0.31296897,0.0,-0.013770606,-0.00019463485,0.00015937215,0
5644,0.0,0.0009988032,-4.1892097e-05,0.0001114531,-0.00023700944,0.0,0.012429765,0.08287277,-0.0009292136,0.0,0.0,0.0010239165,0.0,-8.958757e-06,-0.0013552799,-0.005201931,0.0031309682,0.0024265614,0.0042833723,-7.3221984,-1.2684796,-0.0014637945,0.0665915,0.010688595,0.048968647,0.06415326,0.0,-0.012090913,-0.00035656057,0.00024263086,0
1028,0.0,-0.0016199781,-3.9255545e-05,-5.00484e-07,-0.00023700944,0.0,0.016813884,0.090331264,-0.0012879567,0.0,0.0,0.0014633569,0.0,5.1797448e-05,0.00045802974,-0.0053909537,-0.010868515,0.0019761878,0.006255949,7.327141,1.0736855,-0.0009858627,0.051099278,0.00825561,0.045405064,0.061159264,0.0,0.020037657,0.00027148917,0.9998292,1
4373,0.0,-0.0021573976,-3.9255545e-05,-0.0018991849,0.00015108708,0.0,0.013253127,-0.053719882,-0.0020530242,0.0,0.0,-0.002847748,0.0,5.1797448e-05,-0.0023168023,-0.02387261,-0.00568658,-0.009616857,-0.010587976,-7.3221984,-1.1526049,-0.0012265936,-0.05890217,0.0030070653,-0.112273425,0.031909183,0.0,0.03862429,7.3399715e-05,0.00016924768,0
3828,0.0,-0.0016451621,-0.00016073283,-0.00047769997,-0.00023700944,0.0,0.018383268,-0.017323712,-0.00096634147,0.0,0.0,0.0010239165,0.0,9.184287e-06,-0.0013552798,-0.0056146625,0.0035715234,0.0041080713,-0.005945893,-7.3221984,-1.2334199,-0.0012768778,0.062466733,0.0058859093,0.04112595,0.05728572,0.0,-0.01357464,0.00010529556,0.0002205258,0
988,0.0,-0.0014219625,-0.00015809629,-5.00484e-07,0.00015108708,0.0,0.021366568,0.16002725,-0.0017191791,0.0,0.0,0.0055616572,0.0,5.1797448e-05,0.00045802974,-0.0055209463,0.004813495,0.019101473,0.007716434,7.327141,0.2953227,-0.0020235593,0.09132305,0.02823826,0.05833444,0.09396014,0.0,0.044711985,0.00027148917,0.999708,1
5364,0.0,-0.0015339924,-0.00015809629,-0.0005896536,0.00015108708,0.0,0.02074508,0.033282954,-0.001677522,0.0,0.0,-0.0035694623,0.0,5.1797448e-05,-0.0013552798,-0.004459897,0.0035715234,0.005190469,0.0045340396,-7.3221984,-1.2603627,-0.0012401805,0.06899835,0.00586354,0.040493444,0.059344567,0.0,0.021513188,0.00010529556,0.00023815673,0
1674,0.0,-0.008166692,-0.0001267137,-0.0012240501,9.9453115e-05,0.0,-0.13023347,0.2391112,-0.0018948297,0.0,0.0,0.003068859,0.0,-8.958757e-06,-0.0008189188,-0.0039013466,0.008578801,4.583504e-06,0.023181753,7.327141,0.24001801,-0.0022171577,-0.052152805,0.013849039,0.058069803,0.08447754,0.0,-0.04241537,-0.0050832955,0.9995653,1
5111,0.0,-0.008116911,-0.0001267137,-0.004627045,9.9453115e-05,0.0,-0.101785995,-0.04435823,-0.0040428597,0.0,0.0,-0.002729918,0.0,-8.958757e-06,-0.0008189188,-0.0034635551,0.0026324778,-0.00011179363,-0.01017424,-7.3221984,-1.1576166,-0.0008950313,-0.047123972,0.0048033968,0.027529065,0.039368268,0.0,-0.014635656,-0.00078804843,0.0001736605,0
4025,0.0,-0.00043622233,-0.0011797468,-0.0002575744,0.00065805775,0.0,0.011146525,-0.071763255,0.005108959,0.0,0.0,-0.0017611181,0.0,0.00010590417,0.0004687383,0.004820694,-0.0030058692,-0.016223779,-0.009707136,-7.3221984,-1.0242474,-0.007833622,-0.048187554,0.0029583669,0.012009646,-0.2676777,0.0,-0.018429702,7.429773e-05,0.0001561398,0
5986,0.0,-0.00071228045,-0.00118233,-0.0002815292,0.00065805775,0.0,0.011366422,0.010654685,-0.0016776624,0.0,0.0,0.0007591176,0.0,2.9283974e-05,-0.00068783644,-0.0037374683,-0.0035574257,-0.03787946,-0.0011526849,-7.3221984,-1.0405664,-0.00827951,-0.05558723,-0.03152197,0.015819032,-0.24992168,0.0,-0.015309756,-9.7579e-05,0.00015937215,0
3151,0.0,-0.0022409973,-4.1892097e-05,-0.0004520395,-0.00023700944,0.0,0.013994783,-0.08894088,-0.0006607482,0.0,0.0,-0.0018601599,0.0,-8.958757e-06,-0.007346099,-0.034292676,0.0015569988,0.0042100456,-0.007865436,-7.3221984,-1.1425914,-0.000948827,0.039087433,0.0033216465,-0.16868734,0.03678852,0.0,-0.019751364,7.3399715e-05,0.00016520874,0
2515,0.0,-0.0005411399,-0.0011797468,-0.0002815292,0.00065805775,0.0,0.010600326,-0.07553276,0.005006114,0.0,0.0,0.00076866493,0.0,-0.00010330361,0.00040250568,-0.0044291522,0.0013515862,-0.017453676,-0.0096868,-7.3221984,-1.0227385,-0.005703857,-0.048757784,0.0030350322,0.016240532,-0.26657265,0.0,-0.018515853,7.429773e-05,0.0001561398,0
2393,0.0,-0.0005411399,-0.00118233,-0.0002815292,0.00065805775,0.0,0.011263844,-0.0757356,-0.0017001778,0.0,0.0,0.00076866493,0.0,2.9283974e-05,0.00040250568,-0.0044291522,0.0013515862,-0.018315185,-0.011229461,-7.3221984,-1.0217686,-0.005703857,-0.05020298,0.002965537,0.015613576,-0.2591154,0.0,-0.016281413,7.429773e-05,0.0001561398,0
1027,0.0,-0.0009130769,-4.1528787e-05,0.0001114531,-0.00023700944,0.0,0.009659939,0.09847561,0.0034683559,0.0,0.0,0.0010239165,0.0,1.9343477e-05,0.0003097051,-0.0061894334,-0.009474776,-0.0071166325,0.0050222594,7.327141,1.1508871,-0.001047822,-0.07435575,0.009318902,0.04045635,0.055786464,0.0,-0.014161604,0.00027148917,0.99981207,1
2823,0.0,-0.00062086206,-0.00016073283,-0.00089687004,0.00015108708,0.0,0.014218931,-0.080664426,-0.0013354113,0.0,0.0,-0.0018601599,0.0,-8.958757e-06,-0.0033583867,-0.037597906,-0.003484211,-0.0045334003,-0.012483541,-7.3221984,-1.0964133,-0.0010528984,-0.053690553,0.0032290847,-0.124790005,0.032614626,0.0,-0.019033434,7.3399715e-05,0.00016278126,0
3770,0.0,-0.0039400533,-0.0007061977,-0.0013725678,0.0002976792,0.0,-0.06342739,-0.0020791418,-0.0020864115,0.0,0.0,0.0007591176,0.0,2.9283974e-05,-0.0006071989,-0.00264369,-0.0035574257,-0.029942852,0.0012835835,-7.3221984,-1.0277638,-0.005395217,-0.03667929,-0.028353417,0.014556835,-0.21262433,0.0,-0.015309756,-0.00038649963,0.0001582475,0
3924,0.0,0.0007653309,-0.00014658325,-0.00046331246,-0.00023700944,0.0,0.031801492,-0.1418252,-0.0014625206,0.0,0.0,-0.010093039,0.0,2.9388248e-05,-0.0019003834,0.0054760617,0.00525405,0.018651577,-0.022187967,-7.3221984,0.21713996,-0.001871589,0.09241953,0.00819712,0.04095074,0.08574432,0.0,0.04754637,0.00010529556,0.0009507192,0
3181,0.0,-0.00038216083,0.0042434703,0.00017435808,0.009975003,0.0,0.0320268,-0.07207814,-0.002603285,0.0,0.0,0.0011720208,0.0,-0.00012937235,0.0008375187,0.003409179,0.0012288322,0.074807055,0.034955062,-7.3221984,-1.1159016,-0.003442763,0.033224925,0.0030616098,0.014568383,-0.22079124,0.0,0.0258334,7.429773e-05,0.00020201229,0
713,0.0,-0.0014101369,-0.00015809629,-0.00029038332,-0.00023700944,0.0,0.017651264,0.08991294,-0.0012879567,0.0,0.0,0.0014633569,0.0,5.1797448e-05,-0.0019003835,0.0044274502,0.003769144,0.004347404,0.003894016,7.327141,1.0729079,-0.0014102977,0.050931424,0.010817267,0.035813943,0.062718846,0.0,0.019122368,0.00027148917,0.9998317,1
4862,0.0,-0.0008270911,-0.00016073283,0.00029461138,-0.00023700944,0.0,0.013891538,-0.0104199685,-0.0036405432,0.0,0.0,0.0010239165,0.0,9.184287e-06,-0.00096370745,-0.005838116,-0.006216867,0.0027080036,0.0074766898,-7.3221984,-1.192093,-0.0013208715,-0.097776,0.0056923935,0.031340353,0.047230065,0.0,-0.01566394,0.00010529556,0.00019222952,0
3038,0.0,-0.012648524,-0.003941008,-0.0013559901,-0.0032634886,0.0,-0.1807963,-0.19083893,-0.004626671,0.0,0.0,0.007860039,0.0,-1.7066921e-05,0.00078705035,0.0037089214,0.0016768009,0.06734264,-0.002843114,-7.3221984,0.09208203,0.046318784,0.040511966,0.00547811,0.019568533,-0.3415952,0.0,-0.03367324,0.000294285,0.00040097692,0
5959,0.0,-0.0010873198,-4.1892097e-05,0.00029461138,0.00015108708,0.0,0.013297447,-0.037684496,-0.0036405432,0.0,0.0,0.0007913144,0.0,9.184287e-06,-0.00096370745,-0.005838116,0.0022947036,-0.038451523,0.0010151735,-7.3221984,-1.1293699,0.000996163,-0.09724905,-0.036233492,0.030224321,0.04261943,0.0,-0.014465492,0.00010529556,0.00018325105,0
3588,0.0,-0.007830154,-0.0001267137,-0.004627045,-0.00015601149,0.0,-0.1582883,-0.22161338,-0.00751776,0.0,0.0,-0.004044593,0.0,-8.958757e-06,-0.0018605032,-0.0070278863,-0.0052256742,-0.0088061355,-0.019223182,-7.3221984,0.09313144,-0.0025731325,-0.08680627,0.0069552884,0.045616794,0.066484146,0.0,-0.047698237,0.0006000288,0.00045177163,0
2171,0.0,-0.0006350356,-0.0007543106,0.00035595437,0.00065805775,0.0,0.010888424,-0.06066514,-0.0017001778,0.0,0.0,0.0006874662,0.0,2.9283974e-05,-0.0011662955,-0.0042396495,0.0011986545,-0.03412466,-0.010059388,-7.3221984,-1.0062472,-0.005462384,-0.05000323,-0.019763518,0.015541546,-0.25181046,0.0,-0.016161826,7.429773e-05,0.0001561398,0
803,0.0,-0.0012121213,-0.00015809629,-0.00029038332,0.00015108708,0.0,0.022592736,0.14313611,-0.0017191791,0.0,0.0,-0.01374721,0.0,5.1797448e-05,-0.0019003835,0.004647928,0.004813495,0.019727008,0.007441156,7.327141,0.32828838,-0.0016946318,0.0974922,0.027371325,0.046929926,0.09509288,0.0,0.039408393,0.00027148917,0.9997069,1
1994,0.0,-0.000298198,-0.00053401245,0.0001944552,0.00065805775,0.0,0.011217431,-0.073301725,-0.0016516638,0.0,0.0,-0.0017611181,0.0,-2.8564878e-05,-0.0014111915,0.0044521736,0.0013515862,-0.014096769,-0.011121102,-7.3221984,-1.0297649,-0.0081555685,-0.049198702,0.0029442774,0.0129353115,-0.26059517,0.0,-0.0152684,7.429773e-05,0.0001561398,0
1011,0.0,0.002117741,-4.1892097e-05,5.678783e-05,-0.00023700944,0.0,0.021894492,-0.07931497,-0.0013418437,0.0,0.0,0.00080086174,0.0,9.184287e-06,0.0027740155,0.040768653,0.0014639748,-0.00029397762,-0.015405843,7.327141,1.2566855,-0.0010716302,-0.05708703,0.0033245324,-0.07018537,0.04237091,0.0,-0.016699389,7.3399715e-05,0.99978584,1
961,0.0,-0.0010918463,-4.1892097e-05,0.00038327288,0.00015108708,0.0,0.010639569,0.10856623,-0.001149266,0.0,0.0,0.0007913144,0.0,9.184287e-06,-0.00096370745,-0.0057812543,0.006424109,-0.038012557,0.021840025,7.327141,1.1765853,0.0014670643,-0.07840416,-0.030304665,0.038904324,0.053728256,0.0,-0.01359238,-0.00035656057,0.9998099,1
4643,0.0,-0.0007159214,-3.9255545e-05,0.00018265776,0.00015108708,0.0,0.013560246,-0.022980548,-0.0043517235,0.0,0.0,0.0014633569,0.0,5.1797448e-05,-0.00096370745,-0.005172291,0.0026324778,0.00311193,0.007537664,-7.3221984,-1.234042,-0.001302906,-0.086955085,0.0058637867,0.02760698,0.044090077,0.0,0.024780212,0.00010529556,0.00019222952,0
1778,0.0,0.0012496731,-4.1892097e-05,0.00029461138,-0.00023700944,0.0,0.012664805,-0.074111395,-0.0009888569,0.0,0.0,-0.0018601599,0.0,9.184287e-06,-0.0013552798,-0.005534966,0.0035715234,0.0016246627,-0.009721585,7.327141,1.1803112,-0.0013353558,0.06497886,0.0036329755,0.0433785,0.057431206,0.0,-0.012254781,0.00010529556,0.9998122,1
4010,0.0,-0.00051445793,-0.0009935034,0.0009778448,0.00065805775,0.0,0.012381537,-0.1762813,0.0064458745,0.0,0.0,-0.0037178374,0.0,-0.00010330361,0.00040250568,-0.0070797848,-0.004217046,-0.038134083,-0.016836232,-7.3221984,-0.026202645,-0.018347135,-0.08268764,0.005797408,0.018745303,-0.49576265,0.0,-0.049053513,7.429773e-05,0.00027302108,0
6819,0.0,-0.0004734978,-3.408346e-05,0.0003089989,-0.00023700944,0.0,0.013003666,-0.00014262972,0.012090774,0.0,0.0,0.0014633569,0.0,0.00020286001,0.0004571294,0.005066966,-0.006216867,0.0037215748,0.0079900455,-7.3221984,-1.2325429,-0.001108038,-0.09768992,0.005505977,0.021893306,0.04143126,0.0,0.025524354,0.00010529556,0.0001972341,0
5016,0.0,-0.00043622233,-0.0009960865,-0.0002575744,-0.0010322913,0.0,0.011527909,-0.07337481,-0.0016516638,0.0,0.0,-0.0017611181,0.0,-2.8564878e-05,0.0004687383,0.004904179,0.0013515862,-0.011909129,-0.005719918,-7.3221984,-1.0354646,-0.005158286,-0.049509767,0.0029442774,0.011217742,-0.26327688,0.0,-0.015271129,7.429773e-05,0.0001561398,0
4415,0.0,0.009314537,5.019414e-06,0.0010707123,-0.00015601149,0.0,-0.09092213,-0.0859943,-0.0011861576,0.0,0.0,-0.0018601599,0.0,6.8798495e-06,0.0023430695,-0.0114086345,0.0015569988,0.0066412995,-0.008266862,-7.3221984,-1.0935715,-0.00092824735,0.037737,0.0031305675,-0.16212462,0.032312118,0.0,-0.019678738,0.00028831692,0.0001644181,0
6920,0.0,-0.00492328,-4.1892097e-05,-0.0004520395,-0.00023700944,0.0,0.015299292,-0.089291304,-0.00066718075,0.0,0.0,0.00080086174,0.0,9.184287e-06,-0.007346099,-0.03484007,0.0015569988,0.0024623529,-0.007938344,-7.3221984,-1.1439496,-0.00093202747,0.038788874,0.0036100368,-0.16842923,0.03654309,0.0,-0.016988788,7.3399715e-05,0.00016520874,0
4655,0.0,-0.0009174297,-0.00016073283,0.0006581527,0.00015108708,0.0,0.013956248,-0.04828166,-0.0013418437,0.0,0.0,0.000719663,0.0,9.184287e-06,-0.0023168023,-0.03725283,-0.0047043553,-0.038916074,0.0011525017,-7.3221984,-1.0857729,-0.0011189723,-0.063192435,-0.021723047,-0.122376785,0.031021846,0.0,-0.020405224,-9.63996e-05,0.00016128892,0
3800,0.0,-0.0014087947,-0.00014784047,-0.00042722706,-0.00023700944,0.0,0.02001716,-0.068758175,-0.0009575545,0.0,0.0,0.00080086174,0.0,6.8798495e-06,0.0006054541,0.0063012545,-0.011927653,0.009322279,-0.005904974,-7.3221984,-1.202392,-0.001088157,0.06236251,0.003724249,0.027850738,0.052809488,0.0,-0.0117357755,0.00010529556,0.00021335878,0
3256,0.0,-0.0016144786,-0.00016073283,-0.0003047709,0.00015108708,0.0,0.008718801,0.09080177,-0.001149266,0.0,0.0,0.0007913144,0.0,9.184287e-06,-0.00096370745,-0.0053345854,0.006424109,-0.020754645,0.003201549,-7.3221984,-1.1570083,-0.0028329066,-0.071122766,-0.058488637,0.042190187,0.05360613,0.0,-0.013321512,0.00027148917,0.00021212286,0
4088,0.0,-0.008336235,-0.0001267137,-0.0034066816,9.9453115e-05,0.0,-0.09911633,-0.04575434,-0.0040492923,0.0,0.0,0.0007913144,0.0,9.184287e-06,-0.0008189188,-0.0032067653,-0.005234641,-0.03249189,0.0017732542,-7.3221984,-1.1050878,-0.001530299,-0.04503036,-0.033256955,0.026477324,0.03735834,0.0,-0.014476309,-0.00078804843,0.00017206861,0
6416,0.0,-0.008240164,-0.0001125641,-0.0016200942,9.9453115e-05,0.0,-0.16491194,-0.08154232,-0.0014869289,0.0,0.0,0.0013982162,0.0,2.9388248e-05,0.00275249,-0.0026477901,0.0015569988,0.0073562395,-0.0074731433,-7.3221984,-1.1297847,-0.0008337918,0.029653253,0.0034640688,-0.091356464,0.03188134,0.0,0.026474869,0.00028831692,0.00016386593,0
4572,0.0,-0.0013739939,-3.9255545e-05,0.00018265776,-0.00023700944,0.0,0.013190098,0.03579972,-0.004225379,0.0,0.0,0.0014633569,0.0,-5.0525516e-05,-0.00096370745,-0.005172291,-0.0057812487,0.0002403543,0.0040796385,-7.3221984,-1.2467598,-0.0014542914,-0.101438016,0.009727448,0.028729947,0.046735477,0.0,0.023096683,0.00010529556,0.00019635557,0
5441,0.0,0.0017634911,-0.00031209353,-0.00038804274,-0.0012617566,0.0,0.025450716,-0.081301756,-0.0006324807,0.0,0.0,-0.0018601599,0.0,-6.7109086e-06,0.004284531,0.042874288,0.0015569988,0.016468948,-0.0015553401,-7.3221984,-1.1473027,-0.00071905204,0.040465843,0.0035573097,-0.1052167,0.03522467,0.0,-0.013657132,7.3399715e-05,0.00020065221,0
2683,0.0,-0.00084018486,-0.00016073283,-0.00089687004,0.00015108708,0.0,0.014216802,-0.055787105,-0.0013418437,0.0,0.0,0.000719663,0.0,9.184287e-06,-0.0023168023,-0.037597906,0.0017747739,-0.03977579,9.8520424e-05,-7.3221984,-1.0774556,-0.0011189723,-0.06710551,-0.02194653,-0.12361491,0.031193854,0.0,-0.019017536,-9.63996e-05,0.00016128892,0
1510,0.0,-0.0016199781,-0.00015809629,-0.00041672445,-0.00023700944,0.0,0.017021626,0.09316627,-0.0012879567,0.0,0.0,-0.0035694623,0.0,5.1797448e-05,-0.0013552799,-0.0050396365,0.003769144,0.0022498746,0.0062410096,7.327141,1.0768481,-0.00096713094,0.05014115,0.008897123,0.04594108,0.06208046,0.0,0.019378534,0.00027148917,0.9998317,1
3602,0.0,-0.0016199781,-0.00015809629,-0.00041672445,-0.00023700944,0.0,0.016888587,0.07894554,-0.0016468267,0.0,0.0,0.0014633569,0.0,5.1797448e-05,0.00045802974,-0.0048112147,0.0031309682,0.0050598364,0.0038894205,-7.3221984,-1.2908326,-0.0009858627,0.063863546,0.010537393,0.041008208,0.061706375,0.0,0.020948576,0.00027148917,0.00024263086,0
6019,0.0,-0.0009174297,-0.00016073283,-0.00089687004,-0.00023700944,0.0,0.013850528,-0.01579187,-0.0013193283,0.0,0.0,0.0007913144,0.0,9.184287e-06,-0.0023168023,-0.03478442,-0.0047043553,-0.03848424,0.0005278343,-7.3221984,-1.1043545,-0.0009816849,-0.059157018,-0.033373903,-0.118622705,0.031728096,0.0,-0.017566033,-9.63996e-05,0.00016357088,0
655,0.0,-0.0016949426,-0.00016073283,-0.0003047709,0.00015108708,0.0,0.02173053,0.19196962,-0.00064912846,0.0,0.0,0.003068859,0.0,9.184287e-06,-0.0013552799,-0.0058354544,0.005451671,0.015878376,0.013439277,7.327141,0.32060438,-0.002252099,0.08544417,0.019004341,0.06365645,0.10114936,0.0,-0.03256762,0.00027148917,0.9997011,1
5341,0.0,-0.0016199781,-0.00015809629,-0.00041672445,0.00015108708,0.0,0.017301675,0.071302414,-0.0016468267,0.0,0.0,-0.0035694623,0.0,5.1797448e-05,-0.0013552799,-0.0050396365,0.0031309682,0.0020266157,0.0036716338,-7.3221984,-1.2809349,-0.00096713094,0.07053423,0.0103863515,0.04439187,0.060623933,0.0,0.019378534,0.00027148917,0.00024263086,0
12,0.0,0.035803985,0.00023669818,0.004745823,9.9453115e-05,0.0,-0.18375018,-0.16188437,-0.0051194606,0.0,0.0,-0.010093039,0.0,2.9388248e-05,0.0004863352,0.003123351,0.00525405,0.024747591,-0.021690343,7.327141,0.13990769,-0.0020344537,0.08024635,0.0073790513,0.05539351,0.06853294,0.0,0.039714724,0.0006000288,0.99938905,1
3329,0.0,-0.0010108727,-0.00053401245,0.00035595437,0.00065805775,0.0,0.010869417,-0.015157529,-0.0016776624,0.0,0.0,0.0007591176,0.0,2.9283974e-05,-0.00068783644,-0.0037058,-0.0035574257,-0.039315335,-0.0012533772,-7.3221984,-1.0393974,-0.007824166,-0.049623925,-0.031289145,0.015172272,-0.24474627,0.0,-0.014880609,-9.7579e-05,0.0001571492,0
2324,0.0,-0.0005064638,0.0037922268,0.00017435808,0.00065805775,0.0,0.025530733,-0.06606355,-0.002603285,0.0,0.0,-0.0023403335,0.0,-0.00012937235,0.0008375187,0.0034925588,-0.0033986517,0.07490004,0.0024687187,-7.3221984,-1.1139227,-0.006365648,0.033308946,0.0030587262,0.014125704,-0.24030936,0.0,0.02596554,7.429773e-05,0.0001880723,0
3562,0.0,-0.034539055,-0.00011382133,-0.0045972364,9.9453115e-05,0.0,-0.17960684,-0.07186407,-0.0015078336,0.0,0.0,-0.0018601599,0.0,6.8798495e-06,0.0004863352,0.0038245819,0.0035715234,0.006055154,-0.0099105425,-7.3221984,-1.1504995,-0.000892716,0.035063043,0.0035981352,0.024383817,0.041107055,0.0,-0.0119154155,0.0006000288,0.00016996395,0
6859,0.0,0.009072516,-0.00012635038,0.0047521,9.9453115e-05,0.0,-0.11169187,-0.14558786,0.037676845,0.0,0.0,-0.004044593,0.0,-1.8868479e-05,-0.0008189188,-0.0068020574,0.0043150047,0.0017763693,-0.0013906634,-7.3221984,0.13398466,-0.002996758,-0.13235097,0.00724361,0.051099826,0.07182637,0.0,-0.041345168,-0.00078804843,0.00057685,0
5512,0.0,-0.009739331,-0.0001267137,-0.0015807144,9.9453115e-05,0.0,-0.10870789,-0.050675295,-0.0012174598,0.0,0.0,-0.0018601599,0.0,9.184287e-06,-0.0018296897,-0.011518391,0.0034327656,0.003667417,-0.0062390924,-7.3221984,-1.1217355,-0.000892716,0.037485104,0.0033662308,-0.11330211,0.032294523,0.0,-0.015528805,0.00028831692,0.00016730014,0
2504,0.0,-0.00040954034,-0.0009960865,-0.0002575744,-0.0010322913,0.0,0.0185631,-0.16784006,-0.0018558584,0.0,0.0,-0.0037178374,0.0,-2.8564878e-05,0.0004687383,0.009854779,-0.004217046,-0.0112970825,-0.0028019762,-7.3221984,-0.047694236,-0.021122226,-0.0800872,0.00583432,0.014746401,-0.48327038,0.0,-0.046858743,7.429773e-05,0.00028715946,0
4614,0.0,-0.0005403341,-0.00016073283,0.0005664311,-0.00023700944,0.0,0.022660268,-0.17996341,-0.0038672532,0.0,0.0,0.001763003,0.0,9.184287e-06,-0.00096370745,-0.0093455855,-0.010765928,-0.010322293,-0.01739197,-7.3221984,0.14707783,-0.0028794566,-0.1558428,0.007944594,0.04240756,0.07675872,0.0,-0.049540028,0.00010529556,0.0005674655,0
29,0.0,0.0419638,-5.236405e-06,0.0046401466,-0.00015601149,0.0,-0.097695574,-0.0611582,-0.0022503166,0.0,0.0,0.0013982162,0.0,5.1797448e-05,-0.0012104912,-0.0026587564,0.0035715234,0.0021643299,-0.005668088,7.327141,1.175092,-0.0009290136,0.05642435,0.00346031,0.03758882,0.0498881,0.0,0.02156259,0.0006000288,0.9998055,1
5130,0.0,-0.0037264414,-0.00118233,-0.0002815292,0.00065805775,0.0,0.01669999,-0.1869387,-0.0019043724,0.0,0.0,-0.0037178374,0.0,2.9283974e-05,-0.0011662955,-0.0071901716,0.0017995549,-0.03143461,-0.015625414,-7.3221984,0.008118644,0.04959398,-0.083983436,0.005858258,0.019389668,-0.43263873,0.0,-0.045945413,7.429773e-05,0.00032067776,0
1212,0.0,-0.0014219625,-0.00015809629,0.0018223801,-0.00023700944,0.0,0.021930637,0.17226161,-0.0013603091,0.0,0.0,0.0055616572,0.0,5.1797448e-05,-0.0013552799,-0.004560993,0.005451671,0.017980631,0.00793422,7.327141,0.3397223,-0.0017645562,0.078541964,0.02823826,0.056254737,0.097164944,0.0,0.044556603,0.00027148917,0.9997212,1
926,0.0,-0.0016716212,-2.7742506e-05,0.0003089989,0.00015108708,0.0,0.016062083,-0.067247674,-0.0012252855,0.0,0.0,0.0013982162,0.0,-2.8666589e-05,0.0006054541,0.0045931013,0.0035715234,0.0067527457,-0.009982919,7.327141,1.1423581,-0.0010701914,0.062222503,0.0038870526,0.029354684,0.052518927,0.0,0.019175583,0.00010529556,0.9998122,1
783,0.0,-0.0013359768,-0.00015809629,-0.0005896536,0.00015108708,0.0,0.029200803,0.028996559,-0.0018229764,0.0,0.0,0.0055616572,0.0,5.1797448e-05,-0.0013552798,-0.005169629,0.00525405,0.012092313,0.008372484,7.327141,0.27645573,-0.0020376057,0.08972559,0.020527665,0.05485316,0.091246784,0.0,0.0540767,0.00010529556,0.9996587,1
4747,0.0,-0.0016451621,-4.1892097e-05,0.00029461138,0.00015108708,0.0,0.017572772,-0.035746373,-0.00095990894,0.0,0.0,0.0010239165,0.0,-8.958757e-06,0.00045802974,-0.00596598,-0.011927653,0.0038332301,-0.0061487406,-7.3221984,-1.2299085,-0.0012768778,0.06000139,0.005768217,0.040768143,0.0559841,0.0,-0.013166218,-0.00013829004,0.00021335878,0
5465,0.0,-0.0040641194,-0.0001267137,-0.0015807144,9.9453115e-05,0.0,-0.08660522,-0.08651977,-0.0018921229,0.0,0.0,-0.0018601599,0.0,9.184287e-06,-0.0024797018,-0.011963488,0.0014639748,-0.0024708773,-0.009699445,-7.3221984,-1.0580777,-0.001262718,-0.042509798,0.003128684,-0.11512886,0.028339734,0.0,-0.019039867,0.00028831692,0.00015951779,0
1016,0.0,-0.0014219625,-3.9255545e-05,-5.00484e-07,0.00015108708,0.0,0.02134339,0.16216488,-0.0017191791,0.0,0.0,0.0055616572,0.0,5.1797448e-05,-0.0013552799,-0.005169629,0.004813495,0.017901022,0.0077313734,7.327141,0.31549507,-0.0017645562,0.09110861,0.02823826,0.05868576,0.09605534,0.0,0.044556603,0.00027148917,0.99971443,1
2066,0.0,-0.0046112165,-3.9255545e-05,0.0003089989,0.00015108708,0.0,0.018370239,-0.10335516,-0.0017000374,0.0,0.0,-0.002847748,0.0,5.1797448e-05,-0.0065381075,0.004251891,0.0016957566,0.0031722889,-0.009694323,-7.3221984,-1.1973904,-0.0008953302,0.055319037,0.0038343256,0.031011513,0.05318289,0.0,0.020699898,0.00010529556,0.00021042732,0
5466,0.0,-0.0030020701,-0.0001267137,-0.0014011011,9.9453115e-05,0.0,-0.1377417,-0.08210262,-0.0018856903,0.0,0.0,-0.0018601599,0.0,-8.958757e-06,0.001241975,0.013039011,0.0014639748,-0.00012006378,-0.012646712,-7.3221984,-1.0628387,-0.0009726281,-0.043453816,0.0030807264,-0.10097968,0.030573705,0.0,-0.0159629,0.00028831692,0.00015898207,0
6941,0.0,-0.0052400366,0.0025359262,0.0006581527,-0.00023700944,0.0,0.02890778,-0.19619998,-0.0015396059,0.0,0.0,-0.004044593,0.0,-8.958757e-06,-0.0033583867,-0.034348957,0.0019119435,-0.010334105,-0.019762987,-7.3221984,0.13216203,-0.0026550759,-0.10045917,0.0061690086,-0.17878515,0.055262506,0.0,-0.052913077,7.3399715e-05,0.00044658137,0
2012,0.0,-2.3885092e-05,-0.00118233,-0.0002815292,-0.0010322913,0.0,0.015523221,-0.12179086,-0.0019043724,0.0,0.0,0.0014148275,0.0,2.9283974e-05,-0.0011662955,-0.006966444,-0.0030978988,-0.0650322,-0.012849079,-7.3221984,-0.04660895,-0.02271038,-0.08626874,-0.04036735,0.019262586,-0.4539675,0.0,-0.045502484,7.429773e-05,0.00027302108,0
6444,0.0,-0.0038151403,-0.00070361467,-0.0013559901,0.0002976792,0.0,-0.06637988,0.040055424,0.006003222,0.0,0.0,-0.0026308764,0.0,-0.00010330361,-0.0007461249,0.0027711065,-0.004237487,-0.0066835987,0.0035180121,-7.3221984,-1.0954697,-0.004788144,-0.035028886,0.0057163173,0.01422977,-0.25407806,0.0,-0.016813785,0.000294285,0.0001582475,0
4313,0.0,0.043852165,-5.236405e-06,0.0010358559,-0.00015601149,0.0,-0.14574513,0.19813132,-0.0019443039,0.0,0.0,-0.01374721,0.0,-5.0525516e-05,-0.0012104913,-0.0021597636,0.005451671,0.019039838,0.008272821,-7.3221984,0.30283755,-0.0016514582,0.06375755,0.02219723,0.061352015,0.0895841,0.0,0.038224444,0.0038704774,0.0013049335,0
3198,0.0,-0.0019971733,-4.1892097e-05,-0.0004520395,0.00015108708,0.0,0.027718978,-0.11584016,-0.0015460384,0.0,0.0,0.0015146076,0.0,9.184287e-06,-0.0023168023,-0.03469404,-0.0059621637,-0.07813172,-0.0038323808,-7.3221984,0.10193344,-0.0028454773,-0.10854737,-0.04102855,-0.17467341,0.053692997,0.0,-0.051750198,7.3399715e-05,0.00042211878,0
883,0.0,0.010702258,-7.872957e-06,0.0047521,-0.00015601149,0.0,-0.096663974,0.05387022,-0.0043618437,0.0,0.0,0.0017337969,0.0,9.184287e-06,-0.0008189188,-0.0036755176,0.00275992,-0.09439532,-0.008797253,7.327141,0.106551126,-0.0018601211,-0.14022626,-0.12749898,0.04773402,0.06735251,0.0,-0.04197484,-0.00078804843,0.99916923,1
2987,0.0,0.0021233633,-0.00014658325,-0.0006070356,0.00015108708,0.0,0.024876853,-0.07936791,-0.0009366498,0.0,0.0,0.0013982162,0.0,2.9388248e-05,0.004284531,0.027674405,0.0015569988,0.008842759,-0.0040312847,-7.3221984,-1.1788043,-0.0010701914,0.037997372,0.0036551482,-0.09934651,0.042678617,0.0,0.026474869,7.3399715e-05,0.00020065221,0
5149,0.0,-0.0038628085,-0.0007061977,-0.0013725678,0.0002976792,0.0,-0.06442119,-0.06842875,-0.0022504567,0.0,0.0,0.0006874662,0.0,2.9283974e-05,-0.001085658,-0.003177539,0.0011986545,-0.023360502,-0.005259118,-7.3221984,-0.99212784,-0.0050771604,-0.036347397,-0.018632237,0.015077618,-0.21514727,0.0,-0.01608945,-0.00038649963,0.00015503795,0
1286,0.0,-0.0012444912,-0.00015809629,-0.0005896536,0.00015108708,0.0,0.018939571,-0.074977234,-0.0017000374,0.0,0.0,0.0013982162,0.0,5.1797448e-05,0.00045802974,-0.005030724,0.0035715234,0.0049943244,-0.010011107,7.327141,1.1485306,-0.0010701914,0.06203535,0.0038870526,0.03451252,0.054710045,0.0,0.023247337,0.00010529556,0.9998122,1
4266,0.0,-0.0043838387,-0.0007061977,-0.0006141285,0.0002976792,0.0,-0.07342191,0.09686077,-0.002398963,0.0,0.0,0.0016340169,0.0,2.9283974e-05,-0.00060719904,-0.0030814814,-0.004412354,-0.063085444,-0.0009885035,-7.3221984,-0.0022926126,-0.020923752,-0.060853027,-0.11353658,0.021308344,-0.44976762,0.0,-0.035648175,-0.0013437993,0.00031926326,0
4083,0.0,-0.004406119,-0.0001267137,0.0040791025,9.9453115e-05,0.0,-0.08820224,0.092153184,-0.00090303266,0.0,0.0,0.0007913144,0.0,9.184287e-06,-0.0014381174,-0.0076134996,-0.0047871917,-0.029754007,0.021722004,-7.3221984,-1.1390641,0.0016437734,-0.033798758,-0.0237125,-0.13978946,0.033289522,0.0,-0.016510768,-0.0013053084,0.00017182415,0
574,0.0,-0.0017311479,-4.1892097e-05,0.0005664311,0.00015108708,0.0,0.019025378,0.0727096,-0.0009356461,0.0,0.0,0.0010239165,0.0,9.184287e-06,-0.0013552799,-0.0056486,0.0031309682,0.0019234214,0.0037857117,7.327141,1.0987455,-0.0010038281,0.07278714,0.010408721,0.047172263,0.063189894,0.0,-0.012368212,-0.00013829004,0.9998317,1
6744,0.0,-0.0025374999,-1.1672666e-05,-0.0004520395,0.00015108708,0.0,0.013415574,-0.08642441,-0.0013418437,0.0,0.0,-0.0018601599,0.0,9.184287e-06,-0.0033583867,-0.031775184,0.0014639748,-0.0042734747,-0.012296781,-7.3221984,-1.096893,0.002271693,-0.054163568,0.003170851,-0.12830466,0.030075476,0.0,-0.018636592,7.3399715e-05,0.00016278126,0
1073,0.0,-0.0006619016,-0.00016073283,-0.0004520395,0.00015108708,0.0,0.028485028,0.020169992,-0.0014583502,0.0,0.0,0.003068859,0.0,-8.958757e-06,0.0006756522,-0.039282475,0.003795075,0.0077662636,-0.018559037,7.327141,0.18265662,-0.0022424816,-0.09769297,0.01785886,-0.1719895,0.059809655,0.0,-0.05365305,7.3399715e-05,0.9992949,1
6760,0.0,0.00083245325,-0.00053401245,0.00017050037,-0.0010322913,0.0,0.01009601,-0.061538126,-0.0017001778,0.0,0.0,0.0006874662,0.0,2.9283974e-05,-0.0011662955,-0.00404759,-0.002553733,-0.031278092,-0.0067798286,-7.3221984,-1.0059853,-0.005964846,-0.049787577,-0.019110493,0.015970292,-0.25387275,0.0,-0.015696993,-9.7579e-05,0.0001561398,0
4607,0.0,-0.0030020701,-7.872957e-06,0.0016802853,-0.00015601149,0.0,-0.12948026,-0.082484074,-0.0018856903,0.0,0.0,-0.0018601599,0.0,-8.958757e-06,-0.00399354,0.011756263,0.0014639748,-0.00019967143,-0.012539936,-7.3221984,-1.0628387,-0.0010323187,-0.040139362,0.0030807264,-0.108021416,0.030362163,0.0,-0.016298052,0.00028831692,0.00015898207,0
4783,0.0,-0.0008019072,-0.00015809629,-0.00041672445,-0.00023700944,0.0,0.01012589,0.09573182,-0.0018604465,0.0,0.0,0.0014633569,0.0,5.1797448e-05,0.0003097051,-0.005523608,-0.0102440445,-0.006913152,0.0037848258,-7.3221984,-1.2513088,-0.0010298565,-0.07860831,0.008263028,0.036576264,0.05223451,0.0,0.022569688,0.00027148917,0.00021237138,0
2542,0.0,-0.00043622233,-0.00118233,-0.0002575744,0.00065805775,0.0,0.011859274,-0.0716103,-0.0017001778,0.0,0.0,-0.0017611181,0.0,2.9283974e-05,0.0004687383,0.0049525425,-0.0030058692,-0.010751464,-0.0106877815,-7.3221984,-1.0316799,-0.0055150692,-0.049364187,0.0029203391,0.011176504,-0.2622753,0.0,-0.01527128,7.429773e-05,0.0001561398,0
1279,0.0,-0.0006038917,-0.0001529242,-0.00041672445,-0.00023700944,0.0,0.013579347,0.18584752,0.005727291,0.0,0.0,0.0055616572,0.0,0.00020286001,-0.00096370745,-0.0056100823,-0.010732585,-0.041186057,0.0240347,7.327141,0.28267756,-0.002330759,-0.10260778,0.026765766,0.05088358,0.07940612,0.0,0.060838178,0.00027148917,0.9996253,1
1967,0.0,0.0018857595,-4.1892097e-05,0.0001114531,0.00015108708,0.0,0.012292396,0.20216756,-0.0012216184,0.0,0.0,0.0017337969,0.0,9.184287e-06,-0.00096370745,-0.005772377,-0.009982177,-0.08315055,0.03858626,-7.3221984,0.18140163,-0.011453905,-0.124991685,-0.08844237,0.049361654,0.07965925,0.0,-0.038880613,-0.00035656057,0.0008007731,0
977,0.0,-0.0014497006,-0.00016073283,0.0005048162,0.00015108708,0.0,0.018044092,-0.017675484,-0.00095990894,0.0,0.0,0.0010239165,0.0,-8.958757e-06,-0.0019003834,0.0054857186,0.0035715234,0.0040307716,-0.0065013124,7.327141,1.1290736,0.0014260607,0.062315688,0.0058064843,0.029570965,0.056576703,0.0,-0.013170565,0.00010529556,0.9998148,1
4956,0.0,-0.009542556,-0.004049724,-0.0013760871,0.0002976792,0.0,-0.10494342,-0.07557655,-0.0031535642,0.0,0.0,0.0011720208,0.0,-0.00012937235,0.00078705035,0.0024442957,0.0012288322,0.018946663,-0.0038781152,-7.3221984,-1.0986637,0.0045768903,0.024378413,0.002971422,0.013336769,-0.20513956,0.0,0.025816573,0.000294285,0.00015979716,0
5723,0.0,-0.0021303776,-0.00016073283,0.00029461138,-0.00023700944,0.0,0.013148548,0.028102322,-0.0036098477,0.0,0.0,-0.002729918,0.0,9.184287e-06,-0.00096370745,-0.0053345854,0.0025206394,-0.0105892895,0.004338469,-7.3221984,-1.2126673,-0.0014535252,-0.111410685,0.008413725,0.03252273,0.048459943,0.0,-0.013874212,0.00010529556,0.00019187226,0
4599,0.0,-0.0057355994,-7.872957e-06,0.0021809046,9.9453115e-05,0.0,-0.07989936,0.040366117,-0.0014852104,0.0,0.0,0.0007913144,0.0,9.184287e-06,-0.0014381174,-0.008804923,-0.0037312869,-0.029210558,-0.0077222367,-7.3221984,-1.0948257,-0.00048777356,-0.04147849,-0.050432354,-0.11471821,0.02905957,0.0,-0.019350538,-0.00037866138,0.0001635149,0
1390,0.0,-0.0029070214,-4.1892097e-05,0.00038327288,-0.00023700944,0.0,0.013929237,0.063334,-0.0036821999,0.0,0.0,0.0017337969,0.0,9.184287e-06,-0.00096370745,-0.0062190457,-0.0055193817,-0.08009429,-0.0180235,7.327141,0.12376838,-0.0015860925,-0.15312138,-0.16595106,0.041675646,0.07248984,0.0,-0.03905195,0.00027148917,0.99922216,1
4827,0.0,-0.0006619016,-0.00016073283,-0.00089687004,-0.00023700944,0.0,0.029053556,-0.1318309,-0.0015460384,0.0,0.0,0.001763003,0.0,9.184287e-06,-0.0023168023,-0.04051676,-0.010235641,-0.010541197,-0.018065086,-7.3221984,0.09316673,-0.0028794566,-0.1156681,0.0061811777,-0.17636687,0.058789052,0.0,-0.0516876,-9.63996e-05,0.00044992447,0
6648,0.0,-0.0008812244,-0.00016073283,-0.00089687004,0.00015108708,0.0,0.028776769,-0.076418504,-0.0015460384,0.0,0.0,0.0015146076,0.0,9.184287e-06,-0.0023168023,-0.04051676,-0.0059621637,-0.101227954,-0.0041023563,-7.3221984,0.05327283,-0.0027706695,-0.11697312,-0.042261384,-0.17042834,0.05367393,0.0,-0.049673304,-9.63996e-05,0.00040546534,0
3505,0.0,-0.034539055,5.019414e-06,0.0047819084,9.9453115e-05,0.0,-0.1720163,-0.0693815,-0.0015078336,0.0,0.0,0.00080086174,0.0,6.8798495e-06,0.0004863352,0.0038245819,0.0035715234,0.007950232,-0.009895603,-7.3221984,-1.154796,-0.0009114478,0.035063043,0.0036508623,0.025758747,0.042120546,0.0,-0.012297733,0.0006000288,0.00017372411,0
5862,0.0,-0.00051790586,-0.00015809629,0.00018265776,-0.00023700944,0.0,0.02222286,-0.002084128,-0.004497178,0.0,0.0,0.0055616572,0.0,5.1797448e-05,-0.00096370745,-0.0056100823,0.0043150047,0.0076423907,0.0060436064,-7.3221984,0.2164089,-0.0022079775,-0.12275992,0.020222504,0.037586242,0.072192065,0.0,0.067796834,0.00010529556,0.00090204866,0
773,0.0,-0.008166692,-0.00012635038,-3.686524e-06,-0.00015601149,0.0,-0.126302,0.21606465,0.008715066,0.0,0.0,0.003068859,0.0,-1.8868479e-05,-0.0008189188,-0.0036445567,0.007076967,-0.04482364,0.007644412,7.327141,0.19331783,-0.0017927227,-0.058846362,0.022296892,0.06036775,0.08290749,0.0,-0.0427137,-0.0050832955,0.99951315,1
6012,0.0,-0.00087687164,-0.00016036953,-0.0003047709,0.00015108708,0.0,0.014609923,0.20479544,0.0039759288,0.0,0.0,0.003068859,0.0,1.9343477e-05,-0.00096370745,-0.0062759076,-0.010732585,-0.046063457,0.024581011,-7.3221984,0.22461197,-0.002393867,-0.11541967,0.025979703,0.05496659,0.08766987,0.0,-0.04261482,-0.00035656057,0.000993813,0
6705,0.0,-0.0037264414,0.035460237,-0.0002815292,0.00065805775,0.0,0.020997575,-0.17959982,-0.0017525321,0.0,0.0,-0.013774056,0.0,-2.8564878e-05,0.00040250568,-0.0074846353,-0.004217046,-0.00684406,-0.014026912,-7.3221984,0.0023916336,0.09905431,-0.07756483,0.00583432,0.019005606,-0.38302326,0.0,-0.045563146,7.429773e-05,0.0003761133,0
6600,0.0,-0.0040641194,-0.0001267137,-0.0015807144,9.9453115e-05,0.0,-0.08790341,-0.08566892,-0.0018856903,0.0,0.0,-0.0018601599,0.0,-8.958757e-06,-0.0024797018,-0.011963488,0.0014639748,-0.00052137277,-0.01190657,-7.3221984,-1.0594472,-0.0009726281,-0.040832575,0.0030807264,-0.11512886,0.028500112,0.0,-0.019033434,0.00028831692,0.00015951779,0
4800,0.0,-0.0038628085,-0.0005199542,-0.0013725678,0.0002976792,0.0,-0.06399128,-0.06263706,-0.0022504567,0.0,0.0,0.0006874662,0.0,2.9283974e-05,-0.001085658,-0.003177539,-0.002553733,-0.022548495,-0.007590241,-7.3221984,-0.99074227,-0.0044667195,-0.0353249,-0.018507008,0.014988017,-0.21933775,0.0,-0.01608945,-0.00038649963,0.00015503795,0
3265,0.0,-0.00050547434,-5.236405e-06,0.004745823,9.9453115e-05,0.0,-0.15913144,-0.013959914,-0.006904877,0.0,0.0,-0.01374721,0.0,5.1797448e-05,-0.0010683672,0.0034438288,0.0043150047,0.01489612,0.005916446,-7.3221984,0.18644421,-0.0017023407,-0.09446464,0.015742328,0.04362572,0.06595812,0.0,0.06395532,0.0006000288,0.00073645095,0
5782,0.0,-0.008558333,-5.236405e-06,0.0051802113,-0.00015601149,0.0,-0.097321436,0.020728525,-0.0044219564,0.0,0.0,-0.0035694623,0.0,-5.0525516e-05,-0.0010683672,0.0025788099,0.0025206394,-0.009041711,0.0040226937,-7.3221984,-1.2262462,-0.0012588504,-0.048673358,0.008007322,0.026135633,0.040656507,0.0,0.02160506,0.0006000288,0.00018414942,0
98,0.0,-0.0014947804,-4.1892097e-05,0.00032165792,0.00015108708,0.0,0.01746782,0.094499014,-0.0005767761,0.0,0.0,-0.002729918,0.0,9.184287e-06,-0.0019003835,0.0054857186,0.003769144,0.0035644437,0.004034638,7.327141,1.0965736,-0.0009850964,0.05318435,0.0087684505,0.037143234,0.06517022,0.0,-0.011278849,0.00027148917,0.9998317,1
4254,0.0,-0.008116911,-0.0001267137,-0.004627045,9.9453115e-05,0.0,-0.10752456,-0.013213348,-0.0040492923,0.0,0.0,0.0010239165,0.0,9.184287e-06,0.0002705467,-0.0036243238,0.0026324778,0.0014704966,0.008512268,-7.3221984,-1.1686814,-0.0011441624,-0.049273837,0.0050338637,0.027997231,0.040810347,0.0,-0.015052211,-0.00078804843,0.00018049913,0
1618,0.0,-0.00087687164,-0.00016073283,-0.0003047709,-0.00023700944,0.0,0.013246227,0.16590619,-0.0036757672,0.0,0.0,0.003068859,0.0,-8.958757e-06,-0.00096370745,-0.0062759076,-0.01033031,-0.00141093,0.0041964287,7.327141,0.25352246,-0.001969432,-0.14031298,0.02569983,0.04727438,0.08359986,0.0,-0.04241537,0.00027148917,0.99955004,1
1340,0.0,-0.011499621,-2.8999733e-05,5.678783e-05,-0.00023700944,0.0,0.038340785,-0.12329645,-0.0008366754,0.0,0.0,-0.004044593,0.0,-6.7109086e-06,0.002527796,0.034625407,0.005115292,0.03149729,-0.025930298,7.327141,0.14846088,-0.0020682325,0.0819949,0.006218849,-0.18716998,0.070478626,0.0,-0.02991346,7.3399715e-05,0.9993594,1
2075,0.0,-0.0027959547,-4.1892097e-05,0.0003450843,0.00015108708,0.0,0.014063663,-0.039138824,-0.0036405432,0.0,0.0,-0.002729918,0.0,9.184287e-06,-0.001508811,0.005368886,0.0026324778,-0.0010476154,-0.010633963,-7.3221984,-1.1889211,-0.0010717404,-0.09392797,0.0053384705,0.021584984,0.046128992,0.0,-0.014285533,0.00010529556,0.00018494637,0
4767,0.0,-0.0006767096,-4.1892097e-05,-0.00042722706,0.00015108708,0.0,0.014883503,0.029316766,-0.003603415,0.0,0.0,0.0010239165,0.0,-8.958757e-06,-0.001508811,0.005853286,0.0025206394,-0.0058152205,0.0035804694,-7.3221984,-1.2236446,-0.001047822,-0.11120409,0.0083986055,0.020200562,0.049028933,0.0,-0.014330147,0.00010529556,0.00019187226,0
5578,0.0,0.0009566576,-4.1892097e-05,0.00029461138,-0.00023700944,0.0,0.01202151,0.03679091,-0.0036098477,0.0,0.0,0.0010239165,0.0,9.184287e-06,-0.00096370745,-0.0053345854,0.0025206394,0.0005695621,0.004610317,-7.3221984,-1.220343,-0.0015077882,-0.107555896,0.008128691,0.032650314,0.049636368,0.0,-0.013869052,0.00010529556,0.00019635557,0
3764,0.0,-0.00084018486,-0.00016073283,-0.00089687004,-0.00023700944,0.0,0.014169325,-0.055970456,-0.0013418437,0.0,0.0,0.000719663,0.0,9.184287e-06,-0.0023168023,-0.037597906,-0.0047043553,-0.038916074,0.00031630788,-7.3221984,-1.0765959,-0.0011189723,-0.06293123,-0.021723047,-0.122783266,0.03112529,0.0,-0.019017536,-9.63996e-05,0.00016128892,0
1698,0.0,-0.0008019072,-0.00015809629,-0.00041672445,0.00015108708,0.0,0.01015019,0.109619685,-0.0018604465,0.0,0.0,0.0014633569,0.0,5.1797448e-05,-0.00096370745,-0.005172291,0.006896274,0.0038249942,0.008498374,7.327141,1.1020275,-0.0014542914,-0.07018349,0.008388758,0.038550407,0.054718513,0.0,0.022569688,0.00027148917,0.9998167,1
3679,0.0,-0.0016199781,-0.00015809629,-0.0005896536,0.00015108708,0.0,0.019906528,0.069704756,-0.0016468267,0.0,0.0,0.0014633569,0.0,5.1797448e-05,-0.0013552799,-0.0050396365,0.0031309682,0.0020266157,0.0036716338,-7.3221984,-1.2872065,-0.0009858627,0.07053423,0.010537393,0.044221077,0.06057423,0.0,0.020037657,0.00010529556,0.00024263086,0
1272,0.0,-0.0016199781,-0.00015809629,-0.00041672445,-0.00023700944,0.0,0.017021626,0.090552665,-0.0012879567,0.0,0.0,0.0014633569,0.0,5.1797448e-05,-0.0013552799,-0.0050396365,0.003769144,0.0022498746,0.004413625,7.327141,1.0730069,-0.0009858627,0.05108247,0.010537393,0.04594108,0.06210792,0.0,0.020037657,0.00027148917,0.9998317,1
4380,0.0,0.00083245325,-0.00053401245,0.00017050037,-0.0010322913,0.0,0.010275617,-0.060547985,-0.0017001778,0.0,0.0,0.0006874662,0.0,2.9283974e-05,-0.0011662955,-0.00404759,0.0011986545,-0.03532208,0.0021947275,-7.3221984,-1.0066551,-0.008283399,-0.050053034,-0.019235719,0.015908385,-0.25401166,0.0,-0.015696993,7.429773e-05,0.0001571492,0
5081,0.0,-0.0006038917,-0.00015809629,-0.00041672445,-0.00023700944,0.0,0.015893128,0.11872826,-0.0043933806,0.0,0.0,0.0055616572,0.0,5.1797448e-05,-0.00096370745,-0.0056100823,-0.01033031,-0.0042242156,0.0027371927,-7.3221984,0.28352636,-0.0019063241,-0.14008144,0.026485892,0.03881307,0.076939985,0.0,0.058568656,0.00027148917,0.0010347265,0
3177,0.0,-0.011223122,-1.1672666e-05,5.678783e-05,-0.00023700944,0.0,0.018827766,-0.07709313,-0.0013418437,0.0,0.0,0.00087189005,0.0,9.184287e-06,-0.009658282,0.031223703,-0.003484211,-0.006297441,-0.0152340215,-7.3221984,-1.1073488,0.007218385,-0.052355226,0.0030146814,-0.08724171,0.035703022,0.0,-0.016296115,7.3399715e-05,0.00018005511,0
3725,0.0,-0.00079777424,-0.004081902,-0.0002575744,-0.015647734,0.0,0.026428252,-0.07607675,-0.0007655359,0.0,0.0,-0.0017611181,0.0,-1.7066921e-05,0.0008375187,0.004149261,0.0012288322,0.075058125,0.011718877,-7.3221984,-1.0789205,-0.0031125525,0.03490247,0.003064663,0.014355783,-0.25401142,0.0,-0.012389215,7.429773e-05,0.0001827398,0
4780,0.0,-0.0005060803,-0.0001529242,-0.00046331246,0.00015108708,0.0,0.014763279,-0.08043064,0.012259905,0.0,0.0,0.0013982162,0.0,0.00020286001,0.0004571294,0.006390133,0.0026324778,0.00055129663,-0.010277986,-7.3221984,-1.1825885,-0.0012097941,-0.08863975,0.003736257,0.01800183,0.0398116,0.0,0.025498422,0.00010529556,0.00018976157,0
2408,0.0,-0.0014087947,-0.00016073283,-0.00042722706,0.00015108708,0.0,0.01954603,-0.065402985,-0.0009888569,0.0,0.0,0.00080086174,0.0,9.184287e-06,-0.0019003834,0.005960044,0.0035715234,0.004010255,-0.0063318633,-7.3221984,-1.2025989,-0.0013185563,0.06482786,0.0039213663,0.02975456,0.057961956,0.0,-0.012162573,0.00010529556,0.00021745007,0
4341,0.0,0.00047378003,-3.9255545e-05,0.00012584063,-0.00023700944,0.0,0.016809275,0.17356147,-0.0013603091,0.0,0.0,0.0055616572,0.0,5.1797448e-05,-0.0019003835,0.004163528,0.005451671,0.020151695,0.007930791,-7.3221984,0.33972564,-0.0018980918,0.07872992,0.026617639,0.0524126,0.097640134,0.0,0.04264286,0.00027148917,0.0015555826,0
303,0.0,0.0021233633,-0.00014658325,-0.0006070356,0.00015108708,0.0,0.024843575,-0.079437636,-0.0009366498,0.0,0.0,-0.002847748,0.0,2.9388248e-05,0.004284531,0.027674405,0.0015569988,0.00783358,-0.0040449034,7.327141,1.1905009,-0.0008953302,0.037997372,0.0036024211,-0.09934651,0.042752028,0.0,0.02623775,7.3399715e-05,0.99979645,1
5289,0.0,-0.0008270911,-0.00016073283,0.0017614046,0.00015108708,0.0,0.0149592655,-0.035865672,-0.0036405432,0.0,0.0,-0.002729918,0.0,9.184287e-06,-0.00096370745,-0.0052294796,-0.006216867,-0.001228655,-0.010373624,-7.3221984,-1.1854026,-0.0010717404,-0.09016452,0.0052957498,0.027117906,0.045345265,0.0,-0.014642088,-0.00013829004,0.00018494637,0
3123,0.0,0.0003045916,-3.408346e-05,0.00018265776,0.00015108708,0.0,0.0118339555,0.016379276,0.011681862,0.0,0.0,-0.0035694623,0.0,-0.0001978786,-0.00096370745,-0.0046687606,0.0023479543,-0.011454198,0.0069461167,-7.3221984,-1.2301544,-0.0010893063,-0.101541094,0.0059706736,0.03181314,0.041826915,0.0,0.024450004,0.00010529556,0.0001972341,0
3685,0.0,-0.00018909296,-0.00015809629,-0.0023440153,0.00015108708,0.0,0.015998477,-0.08003849,-0.0013783614,0.0,0.0,-0.002847748,0.0,5.1797448e-05,0.0025807116,-0.028418254,0.0015569988,0.01564152,-0.008075534,-7.3221984,-1.1728843,-0.0008953302,0.038504176,0.0036024211,-0.13534652,0.03973423,0.0,0.052086968,7.3399715e-05,0.0001852095,0
875,0.0,0.0009566576,-4.1892097e-05,-0.0003047709,0.00015108708,0.0,0.009964699,0.11264514,-0.001149266,0.0,0.0,0.0010239165,0.0,9.184287e-06,-0.00096370745,-0.0053345854,0.006896274,0.0037218006,0.008764118,7.327141,1.1327053,-0.0010833533,-0.07336136,0.00635959,0.042192686,0.057245273,0.0,-0.013869052,-0.00035656057,0.9998167,1
5666,0.0,-5.805619e-05,-0.00118233,-0.0002815292,-0.0010322913,0.0,0.010304313,-0.061197136,-0.0017001778,0.0,0.0,0.0006874662,0.0,2.9283974e-05,-0.0011662955,-0.00404759,0.0011986545,-0.033886205,0.0017529909,-7.3221984,-1.0066551,-0.005964846,-0.050053034,-0.019763518,0.015879283,-0.25415614,0.0,-0.015696993,7.429773e-05,0.0001571492,0
533,0.0,-0.008026303,-2.7742506e-05,0.00018265776,-0.00023700944,0.0,0.03017874,-0.19074035,-0.0014625206,0.0,0.0,-0.010093039,0.0,2.9388248e-05,0.0022147645,-0.0054668905,0.0021437253,0.015973922,-0.019067658,7.327141,0.26248312,-0.0018128612,0.090998225,0.00819712,0.04724464,0.082503766,0.0,0.050029345,0.00010529556,0.9995352,1
2069,0.0,-0.002114874,-0.00053401245,0.0001944552,-0.0010322913,0.0,0.011266511,-0.07147895,-0.0016516638,0.0,0.0,-0.0017611181,0.0,-2.8564878e-05,0.0004687383,0.004688951,-0.0030058692,-0.011999795,-0.0074529047,-7.3221984,-1.0312874,-0.0055150692,-0.049364187,0.0029203391,0.011826575,-0.2625221,0.0,-0.014878672,-9.7579e-05,0.0001561398,0
2763,0.0,-0.0016199781,-0.00015809629,-0.00041672445,-0.00023700944,0.0,0.017021626,0.09040018,-0.0012879567,0.0,0.0,0.0014633569,0.0,5.1797448e-05,-0.0013552799,-0.0050396365,0.003769144,0.0025309103,0.004169294,-7.3221984,-1.2906038,-0.0014102977,0.05108247,0.010817267,0.04594108,0.06208722,0.0,0.020037657,0.00027148917,0.00024263086,0
3910,0.0,-0.03434764,-0.00012407714,-0.004738998,9.9453115e-05,0.0,-0.17402528,-0.09352296,-0.0022503166,0.0,0.0,-0.002847748,0.0,5.1797448e-05,-0.0058482154,-0.0030221995,-0.004857741,0.0021335613,-0.00883017,-7.3221984,-1.1625193,-0.00081506,0.026632775,0.003525554,0.024078665,0.037029702,0.0,0.022251042,0.0006000288,0.00016447455,0
4683,0.0,-0.034834296,5.019414e-06,0.0011478094,-0.00015601149,0.0,-0.17976885,0.06776607,-0.0011009211,0.0,0.0,-0.002729918,0.0,6.8798495e-06,0.00041887138,-0.0034008701,0.0031309682,0.0058148205,0.0044705374,-7.3221984,-1.2428789,-0.0012328223,0.03690406,0.010002478,0.030733641,0.045786068,0.0,-0.011586617,-0.0050832955,0.00018263685,0
3756,0.0,-0.0038628085,-0.0007061977,-0.0013725678,-0.00046696758,0.0,-0.06382686,-0.061047297,-0.0022504567,0.0,0.0,0.0006874662,0.0,2.9283974e-05,-0.001085658,-0.003177539,-0.002553733,-0.02479137,0.0017798912,-7.3221984,-0.99122065,-0.0050771604,-0.035544217,-0.018507008,0.014828111,-0.21935554,0.0,-0.01608945,-0.00038649963,0.00015604022,0
5646,0.0,0.009072516,-7.872957e-06,0.0047521,-0.00015601149,0.0,-0.1365703,-0.16291425,-0.007524193,0.0,0.0,-0.004044593,0.0,9.184287e-06,-0.0008189188,-0.0068020574,-0.010765928,-0.0015870463,-0.017310278,-7.3221984,0.11265624,-0.0027663587,-0.13874425,0.0071214642,0.0490896,0.06927481,0.0,-0.041179847,-0.00078804843,0.00049461314,0
5204,0.0,-0.00042642027,-0.0001529242,-0.0005896536,-0.00023700944,0.0,0.014038836,-0.09546162,0.012259905,0.0,0.0,-0.002847748,0.0,0.00020286001,0.00070424937,-0.0060555604,-0.0040144976,-0.00060248474,-0.009194179,-7.3221984,-1.1603404,-0.0011910623,-0.083621174,0.0036408093,0.029025635,0.03875613,0.0,0.027691921,0.00010529556,0.00018976157,0
477,0.0,-0.00070286164,-3.9255545e-05,-5.00484e-07,0.00015108708,0.0,0.013042269,0.19470145,-0.0019327989,0.0,0.0,0.0055616572,0.0,5.1797448e-05,-0.00096370745,-0.005106552,-0.014793105,-0.0023539737,0.0212582,7.327141,0.32619828,-0.0020398598,-0.10505636,0.017758165,0.048471358,0.08484383,0.0,0.058004387,0.00027148917,0.9996494,1
4604,0.0,-0.00071228045,-0.00118233,0.00035595437,0.00065805775,0.0,0.010619199,0.025456449,-0.0016469669,0.0,0.0,0.0007591176,0.0,2.9283974e-05,-0.00068783644,-0.0037058,-0.0035574257,-0.038541887,-0.0013820725,-7.3221984,-1.0504442,-0.007824166,-0.05558723,-0.03512679,0.01577576,-0.25147358,0.0,-0.014549898,-9.7579e-05,0.00015937215,0
2691,0.0,-0.0014087947,-0.00014784047,-0.00042722706,0.00015108708,0.0,0.020064635,-0.06634547,-0.0009575545,0.0,0.0,-0.0018601599,0.0,6.8798495e-06,0.0006054541,0.0063012545,0.0035715234,0.0075416733,-0.010093395,-7.3221984,-1.1963044,-0.0010694251,0.06428526,0.0037892142,0.027909068,0.053555664,0.0,-0.011353458,0.00010529556,0.00021745007,0
807,0.0,-0.0014219625,-0.00015809629,-0.00041672445,0.00015108708,0.0,0.021597488,0.15946457,-0.0017191791,0.0,0.0,0.0055616572,0.0,5.1797448e-05,0.00045802974,-0.0055209463,-0.014766688,0.016956199,0.007996308,7.327141,0.29199505,-0.0024479944,0.089216374,0.027725577,0.058250338,0.09299468,0.0,0.04537505,0.00027148917,0.9996995,1
1549,0.0,-0.0008270911,-0.00016073283,-0.00047769997,0.00015108708,0.0,0.0148060545,-0.066641904,-0.0036630584,0.0,0.0,0.00080086174,0.0,9.184287e-06,-0.00096370745,-0.005838116,0.0026324778,-0.003052157,-0.010373624,7.327141,1.2057887,-0.0012277595,-0.096398085,0.004047781,0.030610735,0.045697477,0.0,-0.01514961,0.00010529556,0.99977916,1
6282,0.0,-0.0008771088,-0.004525856,-0.0002776715,0.00065805775,0.0,0.02579913,-0.057849783,-0.002603285,0.0,0.0,0.0011720208,0.0,-0.00012937235,0.00035563557,0.0034925588,0.001956089,0.068318956,-0.00024093734,-7.3221984,-1.1390628,0.002187138,0.03442275,0.0031625014,0.014128997,-0.24919076,0.0,0.02481818,7.429773e-05,0.00018307063,0
923,0.0,-0.011413777,-0.00034264242,5.678783e-05,-0.00023700944,0.0,0.020693215,-0.08010095,-0.0006324807,0.0,0.0,-0.0018601599,0.0,-6.7109086e-06,0.004284531,0.03388564,0.0015569988,0.013180278,-0.012584541,7.327141,1.2149653,-0.0012220712,0.041485857,0.0036367348,-0.123147346,0.03790604,0.0,-0.013264675,7.3399715e-05,0.9997851,1
1213,0.0,-0.0016199781,-0.00015809629,0.0018223801,0.00015108708,0.0,0.017316688,0.09341652,-0.0012879567,0.0,0.0,0.0014633569,0.0,5.1797448e-05,-0.0013552799,-0.0044310004,0.003769144,0.0022498746,0.0063030967,7.327141,1.0705763,-0.0014102977,0.05014115,0.009328038,0.042681906,0.062088538,0.0,0.020037657,0.00027148917,0.9998317,1
5631,0.0,0.00040493766,6.6062203e-06,0.0001944552,-0.0026736944,0.0,0.013745681,-0.07259939,-0.0007655359,0.0,0.0,0.00076866493,0.0,-1.7066921e-05,0.0008375187,0.003934033,0.0012288322,0.038181465,-0.051079087,-7.3221984,-1.0799321,-0.0034427708,0.0352072,0.0030164989,0.015209361,-0.29655144,0.0,-0.012425519,7.429773e-05,0.0001603613,0
7027,0.0,-0.00103465,-0.0003413852,0.0007433873,-0.00023700944,0.0,0.019043466,-0.09770515,-0.001258326,0.0,0.0,-0.002847748,0.0,2.9388248e-05,0.0023621889,0.0050332923,0.0016957566,0.010278158,-0.00753859,-7.3221984,-1.2019717,-0.0007981234,0.057502806,0.0038343256,0.024550794,0.049188264,0.0,0.019904705,0.00010529556,0.00021370429,0
1148,0.0,-0.0011261356,-0.00015809629,-0.00046331246,-0.00023700944,0.0,0.028092831,-0.02315062,-0.0018229764,0.0,0.0,0.0055616572,0.0,5.1797448e-05,-0.0019003834,0.004647928,0.00525405,0.014241546,-0.007119044,7.327141,0.29720345,-0.0020376057,0.08471142,0.020527665,0.04086571,0.08884998,0.0,0.048214905,0.00010529556,0.9996362,1
7002,0.0,-0.003278101,-6.431219e-08,-0.0003764332,9.9453115e-05,0.0,-0.08091198,-0.06747317,0.009630171,0.0,0.0,0.0013982162,0.0,-0.0001978786,-0.0014381174,-0.0040609147,0.0021125483,-0.008258291,-0.010011425,-7.3221984,-1.1187485,-0.0012634842,-0.04652941,0.0033926982,-0.11401849,0.024249308,0.0,0.042407114,0.00028831692,0.00016585493,0
5876,0.0,0.0017634911,-0.00014784047,0.00048674765,0.00015108708,0.0,0.024675006,-0.08071684,-0.0006358784,0.0,0.0,-0.0018601599,0.0,6.8798495e-06,0.004284531,0.042539135,0.0015569988,0.009124225,-0.0041268202,-7.3221984,-1.1463577,-0.0010694251,0.040465843,0.0035573097,-0.10520355,0.043125115,0.0,-0.0140156085,-9.63996e-05,0.00020065221,0
6725,0.0,-0.0008270911,-0.00016073283,-0.00047769997,0.00015108708,0.0,0.014978486,-0.0112203285,-0.0036341106,0.0,0.0,0.0010239165,0.0,-8.958757e-06,0.0003097051,-0.0061894334,0.0026324778,0.0026819515,0.007179478,-7.3221984,-1.1963066,-0.0010904722,-0.10286177,0.005520981,0.031140681,0.04732472,0.0,-0.015657509,0.00010529556,0.00019222952,0
6166,0.0,-0.0076107597,-0.00012407714,-0.004633322,9.9453115e-05,0.0,-0.10495229,-0.1037494,-0.004828869,0.0,0.0,0.0013982162,0.0,-5.0525516e-05,-0.0021099516,0.0037573169,-0.0040144976,0.0007379686,-0.0114573,-7.3221984,-1.1420134,-0.0010330849,-0.0363984,0.003367748,0.024337972,0.03671659,0.0,0.024968823,0.0006000288,0.0001736605,0
3474,0.0,0.002117741,-4.1892097e-05,0.00048674765,-0.00023700944,0.0,0.021927774,-0.07992573,-0.0013354113,0.0,0.0,-0.0018601599,0.0,-8.958757e-06,0.0027740155,0.039906904,0.0014639748,0.004770929,-0.015392223,-7.3221984,-1.1084846,-0.0012090278,-0.05767167,0.0032718054,-0.0696348,0.042164095,0.0,-0.01638656,7.3399715e-05,0.0001907275,0
3071,0.0,-0.00103465,-0.00014658325,-0.00046331246,0.00015108708,0.0,0.020064635,-0.07405889,-0.001258326,0.0,0.0,-0.002847748,0.0,2.9388248e-05,0.0006054541,0.0050775013,0.0035715234,0.007808492,-0.009997858,-7.3221984,-1.2116901,-0.0010514597,0.061528545,0.0038343256,0.02644006,0.052417386,0.0,0.01883475,0.00010529556,0.00021745007,0
1161,0.0,-0.0011261356,-0.00014658325,-0.00046331246,-0.00023700944,0.0,0.031872,-0.123902045,-0.0014625206,0.0,0.0,-0.010093039,0.0,2.9388248e-05,0.0006054541,0.0058172722,0.00525405,0.020932801,-0.0065543526,7.327141,0.230262,-0.001871589,0.098388866,0.00819712,0.03910525,0.087007605,0.0,0.03856127,0.00010529556,0.99956435,1
5926,0.0,7.367112e-05,-3.9255545e-05,-0.0018991849,-0.00023700944,0.0,0.028734295,-0.13066992,-0.0021615701,0.0,0.0,-0.010093039,0.0,-5.0525516e-05,-0.0023168023,-0.032614186,0.003795075,-0.012350285,-0.016643938,-7.3221984,0.13095447,-0.0027464246,-0.10771248,0.0062079695,-0.15729606,0.057952143,0.0,0.08157029,7.3399715e-05,0.0005534943,0
1555,0.0,0.002327253,-0.00016036953,-0.00038804274,0.00015108708,0.0,0.0323335,-0.1795673,0.005647256,0.0,0.0,-0.004044593,0.0,-1.8868479e-05,0.0027740155,0.045719255,0.0019119435,-0.012402571,-0.018607808,7.327141,0.13997355,-0.0027508046,-0.1070184,0.0060626008,-0.12837736,0.066464856,0.0,-0.050386943,7.3399715e-05,0.99919015,1
7012,0.0,0.0017458147,0.0025385628,0.010225656,-0.00023700944,0.0,0.028800724,-0.105766974,-0.002257219,0.0,0.0,0.005140802,0.0,5.1797448e-05,-0.0033583867,-0.027526978,-0.0034826116,-0.07449258,-0.0142662525,-7.3221984,0.107354626,-0.0023969756,-0.092333645,-0.043155767,-0.14327657,0.052424785,0.0,0.10483421,7.3399715e-05,0.00053613074,0
489,0.0,-0.0002933315,-0.00016073283,0.0001114531,-0.00023700944,0.0,0.013977891,0.20773682,-0.0012216184,0.0,0.0,0.003068859,0.0,9.184287e-06,-0.00096370745,-0.005772377,-0.014793105,-0.0028931992,0.022920283,7.327141,0.23941675,-0.001969432,-0.116466835,0.0169721,0.052554376,0.08860168,0.0,-0.04209896,-0.00035656057,0.99958056,1
4888,0.0,-0.00070494285,-0.0011546398,-0.00032881938,0.00065805775,0.0,0.011396518,-0.05916629,-0.011793196,0.0,0.0,0.001090822,0.0,0.00035067066,-0.0011662955,-0.0039012255,-0.002553733,-0.031840056,-0.00083221635,-7.3221984,-1.0703954,0.0022471973,-0.0491992,-0.019915836,0.01435103,-0.223072,0.0,0.04112905,7.429773e-05,0.00016067446,0
5838,0.0,0.0021233633,-0.00014658325,0.0019345741,-0.00023700944,0.0,0.024568824,-0.0795399,-0.0009366498,0.0,0.0,0.0013982162,0.0,2.9388248e-05,0.004284531,0.022733552,0.0015569988,0.00783358,-0.003813498,-7.3221984,-1.1781865,-0.0010701914,0.037997372,0.0036551482,-0.09828442,0.043108065,0.0,0.028424302,7.3399715e-05,0.00020065221,0
6361,0.0,-0.0011327522,-0.00016073283,-0.0003047709,0.00015108708,0.0,0.010870489,0.103652544,-0.001149266,0.0,0.0,0.0007913144,0.0,9.184287e-06,-0.00096370745,-0.005838116,-0.008724368,-0.037037797,0.021842156,-7.3221984,-1.1876942,0.0039396035,-0.08251813,-0.029517153,0.037427068,0.051126216,0.0,-0.013410226,-0.00035656057,0.00020957054,0
5266,0.0,-0.0009130769,-0.00016036953,-0.0003047709,0.00015108708,0.0,0.010898258,0.09875723,0.0034547194,0.0,0.0,0.0010239165,0.0,-1.8868479e-05,-0.00096370745,-0.005838116,-0.009474776,-0.0070405807,0.004789533,-7.3221984,-1.2130047,-0.001047822,-0.07403029,0.009318902,0.040722385,0.05555296,0.0,-0.014133902,-0.00035656057,0.00021733338,0
3948,0.0,-0.0008771088,-0.00040047575,-0.0002776715,-0.0026736944,0.0,0.01601292,-0.07101497,-0.002924768,0.0,0.0,-0.0035020332,0.0,0.00013262917,0.0008375187,0.0036244062,0.0012288322,0.016566899,-0.056446154,-7.3221984,-1.1203476,0.017017178,0.032046787,0.0031097743,0.013714806,-0.27805164,0.0,0.025472822,7.429773e-05,0.0001603613,0
757,0.0,-0.00041134984,-0.00016073283,-0.00089687004,-0.00023700944,0.0,0.028994849,-0.19632912,-0.0015396059,0.0,0.0,0.001763003,0.0,-8.958757e-06,-0.0033583867,-0.04051676,0.0019119435,-0.012828403,-0.015155569,7.327141,0.07566653,-0.003109856,-0.10748976,0.006303323,-0.17725722,0.058842003,0.0,-0.057756573,7.3399715e-05,0.9989674,1
5376,0.0,-0.0007478874,-0.00016036953,-0.00089687004,0.00015108708,0.0,0.022815311,0.13653918,0.0043534283,0.0,0.0,-0.008761319,0.0,1.9343477e-05,-0.0023168023,-0.035222214,-0.009800023,-0.021428868,0.003305526,-7.3221984,0.17184159,-0.0018995075,-0.09278775,0.023235656,-0.19602847,0.061054245,0.0,-0.047077864,-9.63996e-05,0.0006583309,0
4201,0.0,-0.0005545185,-0.00016073283,-0.00042722706,0.00015108708,0.0,0.024415476,-0.016702907,-0.0037859974,0.0,0.0,0.003068859,0.0,9.184287e-06,0.0004571294,0.006937024,-0.010765928,0.008929949,-0.0181612,-7.3221984,0.220173,-0.0022424816,-0.1358147,0.019413376,0.027830992,0.07705589,0.0,-0.04860686,-0.00013829004,0.0007609708,0
4147,0.0,-0.0037010836,-0.0007061977,-0.0013559901,0.0002976792,0.0,-0.06907445,-0.07319376,-0.0022019427,0.0,0.0,0.00076866493,0.0,-2.8564878e-05,0.00041826992,0.0036986775,-0.0030058692,-0.0030267877,-0.008759417,-7.3221984,-1.0131366,-0.005138118,-0.036139023,0.0027819872,0.013285487,-0.22618695,0.0,-0.015651528,-0.00038649963,0.00015503795,0
2288,0.0,0.003923344,0.00020267903,-0.00016220505,0.00015108708,0.0,0.042564828,-0.16653064,-0.0011078041,0.0,0.0,-0.010093039,0.0,-2.8666589e-05,0.004284531,0.028414177,0.0020049675,0.03117612,-0.013679402,-7.3221984,0.16442496,-0.0015882248,0.062418707,0.006599881,-0.15860759,0.05838218,0.0,0.05855284,7.3399715e-05,0.0007313706,0
2394,0.0,0.00055548974,-0.00015809629,-0.0005896536,0.00015108708,0.0,0.030794412,-0.14948475,-0.0019042321,0.0,0.0,0.0053891977,0.0,5.1797448e-05,0.00045802974,-0.0054668905,-0.016476713,0.01582216,-0.0067059635,-7.3221984,0.2061741,-0.002430916,0.09775416,0.008320152,0.047119383,0.0861931,0.0,0.056508556,0.00010529556,0.00094909273,0
6130,0.0,-0.00071228045,-0.00118233,-0.0002815292,-0.0010322913,0.0,0.011065153,-0.039153624,-0.0017001778,0.0,0.0,0.0006874662,0.0,2.9283974e-05,-0.00068783644,-0.0041818647,-0.0035574257,-0.03831129,0.002566562,-7.3221984,-1.0239573,-0.007961453,-0.05296838,-0.019638289,0.015223942,-0.24656165,0.0,-0.014673917,7.429773e-05,0.0001571492,0
4130,0.0,-0.0015339924,-0.00015809629,-0.0005896536,-0.00023700944,0.0,0.018301923,-0.03174962,-0.001677522,0.0,0.0,0.0014633569,0.0,5.1797448e-05,-0.0013552798,-0.0050396365,0.0035715234,0.00017870354,-0.005850357,-7.3221984,-1.2568272,-0.0012589123,0.06001913,0.006014582,0.03832765,0.05462083,0.0,0.021541966,0.00010529556,0.00021745007,0
4564,0.0,-0.005308164,-0.0002781783,0.001352457,0.0002976792,0.0,-0.09441209,-0.13790882,-0.005561312,0.0,0.0,0.0014148275,0.0,2.9283974e-05,-0.001085658,-0.0060963933,-0.0030978988,-0.044699468,-0.013869723,-7.3221984,-0.0920365,-0.018924752,-0.06296654,-0.036447488,0.020176306,-0.40462545,0.0,-0.047919758,0.000294285,0.00025273554,0
1538,0.0,-0.0016949426,-0.00016073283,-0.0003047709,-0.00023700944,0.0,0.02170623,0.19063509,-0.00064912846,0.0,0.0,0.003068859,0.0,9.184287e-06,0.00045802974,-0.0061867717,0.005451671,0.015878376,0.01337719,7.327141,0.32060438,-0.001827664,0.0856586,0.018724468,0.063305125,0.101488695,0.0,-0.03256762,0.00027148917,0.9997011,1
2825,0.0,-0.00043622233,-0.00118233,-0.0002575744,-0.0010322913,0.0,0.011527909,-0.0716103,-0.0016516638,0.0,0.0,-0.0017611181,0.0,-2.8564878e-05,0.0004687383,0.004904179,-0.0030058692,-0.010563918,-0.0075816,-7.3221984,-1.0316799,-0.0055150692,-0.049364187,0.0029203391,0.011128142,-0.2634414,0.0,-0.015271129,7.429773e-05,0.0001561398,0
3734,0.0,-0.002792558,-0.0001267137,-0.0014011011,9.9453115e-05,0.0,-0.23451856,-0.20269418,-0.0051965457,0.0,0.0,0.001763003,0.0,-8.958757e-06,0.001241975,0.01798961,0.0019119435,0.004722072,-0.020344263,-7.3221984,0.04325272,-0.0027027475,-0.07747639,0.005668475,-0.1808144,0.049654193,0.0,-0.05468604,-0.00037866138,0.00033937246,0
6550,0.0,-0.0017311479,-0.00016073283,-0.0003047709,-0.00023700944,0.0,0.018004723,0.09290782,-0.0005767761,0.0,0.0,0.0010239165,0.0,9.184287e-06,-0.0013552799,-0.005705462,0.003769144,0.002226288,0.004792637,-7.3221984,-1.2688246,-0.0014282631,0.053335395,0.010688595,0.048952237,0.06468202,0.0,-0.012196876,-0.00035656057,0.00024263086,0
3532,0.0,-0.0009026919,-0.0007543106,0.00017050037,0.00065805775,0.0,0.012514645,-0.074171625,-0.0009571421,0.0,0.0,-0.0017611181,0.0,-2.8564878e-05,-0.0021398643,-0.0039125765,0.0012288322,-0.011899867,-0.0083070975,-7.3221984,-1.0607084,-0.0050186836,0.034876123,0.003064663,0.018687805,-0.30885628,0.0,-0.013959541,7.429773e-05,0.000157907,0
4550,0.0,-0.002130857,-4.1892097e-05,0.0005664311,-0.00023700944,0.0,0.029262546,-0.0902925,-0.0011930516,0.0,0.0,0.001763003,0.0,9.184287e-06,-0.0013552798,-0.0057785925,0.00525405,0.016434018,-0.007185567,-7.3221984,0.2452761,-0.0020046213,0.108106755,0.011441838,0.05501589,0.09377567,0.0,-0.0349355,-0.00013829004,0.000997139,0
6419,0.0,-0.00074984634,-0.00016073283,-0.00047769997,0.00015108708,0.0,0.014726653,-0.08827755,-0.0036630584,0.0,0.0,0.00080086174,0.0,9.184287e-06,-0.00096370745,-0.006483593,0.0026324778,-0.003052157,-0.010266528,-7.3221984,-1.1349624,-0.0012277595,-0.09767795,0.0035249698,0.031679425,0.045645032,0.0,-0.01532788,0.00010529556,0.00018494637,0
1225,0.0,-0.0014585751,-0.00014784047,-0.00025429795,-0.00023700944,0.0,0.022831293,0.17725345,-0.0006178261,0.0,0.0,0.003068859,0.0,6.8798495e-06,0.0006054541,0.0061026327,0.005451671,0.02352783,0.008235242,7.327141,0.3466615,-0.001827664,0.09071065,0.027452197,0.049971893,0.0976827,0.0,-0.03178668,0.00027148917,0.99970883,1
1198,0.0,-0.0014219625,-0.00015809629,-0.00041672445,0.00015108708,0.0,0.021436965,0.17832577,-0.0013603091,0.0,0.0,0.0055616572,0.0,5.1797448e-05,-0.0013552799,-0.005169629,0.005451671,0.012240197,0.009083761,7.327141,0.31426284,-0.0021889913,0.078541964,0.028518133,0.05951391,0.09676261,0.0,0.044556603,0.00027148917,0.99971443,1
1083,0.0,-0.0011261356,-0.00014658325,-0.00046331246,0.00015108708,0.0,0.03184897,-0.12306591,-0.0014625206,0.0,0.0,-0.010093039,0.0,2.9388248e-05,-0.0019003834,0.0054760617,0.00525405,0.018651577,-0.0066927145,7.327141,0.25383493,-0.0021019885,0.09817443,0.008276545,0.04095074,0.0866193,0.0,0.042189218,0.00010529556,0.99957484,1
893,0.0,-0.00028339928,-2.7742506e-05,0.0003089989,0.00015108708,0.0,0.013851735,-0.0981538,-0.001258326,0.0,0.0,-0.002847748,0.0,2.9388248e-05,0.0023621889,0.0048886323,0.0016957566,0.0066988887,-0.008157408,7.327141,1.1658479,-0.001086991,0.058192275,0.0035986619,0.027890593,0.051477782,0.0,0.019147193,0.00010529556,0.99980897,1
589,0.0,-0.00041134984,-4.1892097e-05,-0.0004520395,-0.00023700944,0.0,0.028793002,-0.15118903,-0.0015396059,0.0,0.0,-0.004044593,0.0,-8.958757e-06,-0.0023168023,-0.04051676,0.003795075,-0.009597529,-0.018050147,7.327141,0.10999487,-0.0028095325,-0.11782534,0.0060626008,-0.17745906,0.059119083,0.0,-0.050478905,-9.63996e-05,0.99904114,1
6213,0.0,-0.0014101369,-0.00015809629,-0.00029038332,0.00015108708,0.0,0.017698739,0.09267903,-0.0012879567,0.0,0.0,-0.0035694623,0.0,5.1797448e-05,-0.0019003835,0.0044274502,0.003769144,0.004066368,0.0039205602,-7.3221984,-1.2864822,-0.00096713094,0.050931424,0.008897123,0.035813943,0.06243904,0.0,0.018463245,0.00027148917,0.00024263086,0
3688,0.0,-0.0038361263,-0.0007061977,-0.0013725678,-0.00046696758,0.0,-0.0967011,-0.13545534,-0.005561312,0.0,0.0,0.0014148275,0.0,2.9283974e-05,-0.001085658,-0.0060963933,-0.0030978988,-0.05325523,-0.003374429,-7.3221984,-0.09189014,-0.020898566,-0.064678244,-0.036447488,0.019663054,-0.3905185,0.0,-0.050507158,-0.00038649963,0.00025436922,0
1859,0.0,-0.0017311479,-4.1892097e-05,0.00038327288,-0.00023700944,0.0,0.016790707,0.093028404,-0.0005767761,0.0,0.0,0.0010239165,0.0,9.184287e-06,-0.0013552799,-0.0056486,0.003769144,0.0024277158,0.0040034982,7.327141,1.0953482,-0.0010038281,0.053335395,0.010408721,0.048866183,0.06470317,0.0,-0.012368212,0.00027148917,0.9998317,1
3504,0.0,-0.00051445793,-0.0007543106,0.00017050037,-0.0010322913,0.0,0.016100233,-0.17762032,-0.0018558584,0.0,0.0,-0.0037178374,0.0,-2.8564878e-05,-0.0011662955,-0.0071901716,-0.004217046,-0.03985252,-0.0136937685,-7.3221984,-0.05141029,-0.018347135,-0.08383785,0.0057279128,0.019329172,-0.48806837,0.0,-0.046770558,7.429773e-05,0.00026648754,0
4069,0.0,-0.0015339924,-0.00015809629,0.001649451,0.00015108708,0.0,0.019083388,-0.054372817,-0.0016043885,0.0,0.0,-0.002847748,0.0,-5.0525516e-05,-0.0013552798,-0.003851261,0.0035715234,0.004983097,-0.006147569,-7.3221984,-1.2327718,-0.0010514597,0.061713785,0.004357137,0.031340837,0.05498023,0.0,0.021728484,0.00010529556,0.00021745007,0
2253,0.0,-0.0016199781,-3.9255545e-05,-5.00484e-07,-0.00023700944,0.0,0.016634488,0.0800473,-0.0016468267,0.0,0.0,0.0014633569,0.0,5.1797448e-05,-0.0013552799,-0.0050396365,-0.0102176275,0.0022572235,0.0041842335,-7.3221984,-1.2874945,-0.0014102977,0.061542436,0.0100247115,0.045054596,0.06043433,0.0,0.020037657,0.00027148917,0.00023912168,0
1139,0.0,-0.0016199781,-0.00015809629,-0.0005896536,-0.00023700944,0.0,0.01985905,0.06829484,-0.0016468267,0.0,0.0,0.0014633569,0.0,5.1797448e-05,-0.0013552799,-0.0050396365,0.0031309682,0.0018791279,0.0038894205,7.327141,1.0774637,-0.0009858627,0.07053423,0.010537393,0.044221077,0.060792018,0.0,0.02081636,0.00010529556,0.9998317,1
6980,0.0,-0.0015321088,-4.1892097e-05,0.0005664311,0.00015108708,0.0,0.020672508,-0.022843892,-0.0037859974,0.0,0.0,0.0017337969,0.0,9.184287e-06,-0.00096370745,-0.0062190457,0.00275992,-0.090847634,-0.0090333205,-7.3221984,0.13005313,-0.0026286182,-0.14225641,-0.12894903,0.040407967,0.0705224,0.0,-0.045964707,-0.00013829004,0.0005420749,0
418,0.0,-0.0016199781,-0.00015809629,-0.00041672445,0.00015108708,0.0,0.017069103,0.09003533,-0.0012879567,0.0,0.0,-0.0035694623,0.0,5.1797448e-05,-0.0013552799,-0.0050396365,0.003769144,0.0025309103,0.0039515076,7.327141,1.0795597,-0.0013915659,0.05108247,0.010666225,0.04594108,0.061786707,0.0,0.019378534,0.00027148917,0.9998317,1
3768,0.0,-0.0039400533,-0.0007061977,-0.0013725678,-0.00046696758,0.0,-0.06485421,0.0030678553,-0.0020864115,0.0,0.0,0.0007591176,0.0,2.9283974e-05,-0.0006071989,-0.00264369,0.0014936293,-0.026942598,0.0016485325,-7.3221984,-1.0298263,-0.0049398732,-0.04000624,-0.028245825,0.015211351,-0.22050488,0.0,-0.015309756,0.000294285,0.0001582475,0
428,0.0,-0.0016089568,-0.00016073283,-0.00047769997,-0.00023700944,0.0,0.027463194,-0.0047705225,-0.0011117959,0.0,0.0,0.003068859,0.0,9.184287e-06,-0.0013552798,-0.005744655,0.00525405,0.01616179,-0.0071210815,7.327141,0.24764219,-0.0021007136,0.098974615,0.019741602,0.054863002,0.09244219,0.0,-0.037895445,0.00010529556,0.99959904,1
4059,0.0,-0.00012434444,-0.00015809629,0.015554981,0.00015108708,0.0,0.017484533,-0.041913085,-0.0019573753,0.0,0.0,0.0013982162,0.0,-5.0525516e-05,-0.0023168023,-0.021577721,0.0021125483,-0.009354398,-0.010782918,-7.3221984,-1.1747919,-0.0012097941,-0.061139036,0.0038609882,-0.09699424,0.034961984,0.0,0.036759526,7.3399715e-05,0.00017663362,0
6712,0.0,-0.0038628085,-0.0007061977,-0.0013725678,-0.00046696758,0.0,-0.06337805,-0.0668369,-0.0022504567,0.0,0.0,0.0006874662,0.0,2.9283974e-05,-0.001085658,-0.003177539,-0.002553733,-0.0245942,0.0017798912,-7.3221984,-0.99122065,-0.0050771604,-0.036301263,-0.018507008,0.015043831,-0.21435139,0.0,-0.01608945,0.000294285,0.00015604022,0
3930,0.0,-0.00040954034,-0.00118233,-0.0002575744,0.00065805775,0.0,0.01886242,-0.1780298,-0.0019043724,0.0,0.0,0.0016632229,0.0,2.9283974e-05,0.0004687383,0.009771294,0.0017995549,-0.016859826,-0.017088644,-7.3221984,-0.034724325,-0.021525266,-0.08023278,0.0060195555,0.015298556,-0.4945409,0.0,-0.048565187,7.429773e-05,0.0002823965,0
1817,0.0,-0.0018100408,-3.408346e-05,-5.00484e-07,-0.00023700944,0.0,0.012682031,0.18819383,0.005727291,0.0,0.0,0.0055616572,0.0,0.00020286001,-0.00096370745,-0.005106552,-0.010732585,-0.041265663,0.023769764,7.327141,0.28221366,-0.0019063241,-0.10323262,0.026485892,0.051483314,0.07937794,0.0,0.060273908,0.00027148917,0.9996253,1
4426,0.0,0.00049469026,-3.9255545e-05,0.00018265776,0.00015108708,0.0,0.012735461,-0.07570769,-0.0017000374,0.0,0.0,0.0013982162,0.0,5.1797448e-05,0.00045802974,-0.004527194,0.0035715234,0.0049147173,-0.009843836,-7.3221984,-1.2123162,-0.001336122,0.062724814,0.003730814,0.035424,0.054885086,0.0,0.022561384,0.00010529556,0.00021745007,0
6511,0.0,-0.00060835364,-0.0009960865,-0.0002815292,-0.0010322913,0.0,0.016044362,-0.12578434,-0.0019043724,0.0,0.0,0.0014148275,0.0,2.9283974e-05,-0.0011662955,-0.0071901716,-0.0030978988,-0.06029999,-0.013305254,-7.3221984,-0.06858816,-0.019920416,-0.08503526,-0.04036735,0.019128025,-0.45528147,0.0,-0.050507158,7.429773e-05,0.00026648754,0
2392,0.0,-0.0005411399,-0.0009960865,-0.0002815292,0.00065805775,0.0,0.011250935,-0.07656399,-0.0016516638,0.0,0.0,0.00076866493,0.0,-2.8564878e-05,-0.0011662955,-0.0042713173,0.0013515862,-0.017959524,-0.01109986,-7.3221984,-1.0223465,-0.0055233412,-0.04939378,0.0029970044,0.015771411,-0.258175,0.0,-0.016232898,7.429773e-05,0.0001561398,0
5331,0.0,-0.0038361263,-0.0007061977,-0.0013725678,0.0002976792,0.0,-0.09684661,-0.13803166,-0.005561312,0.0,0.0,0.0014148275,0.0,2.9283974e-05,-0.001085658,-0.0060963933,-0.0030978988,-0.04242084,-0.0140022915,-7.3221984,-0.06841174,-0.020898566,-0.063235104,-0.036447488,0.019878775,-0.39922062,0.0,-0.048089884,0.000294285,0.000258932,0
6033,0.0,-0.002265876,-0.00015809629,-0.00041672445,0.00015108708,0.0,0.0115607325,0.06744193,-0.0043933806,0.0,0.0,0.0042265947,0.0,5.1797448e-05,-0.00096370745,-0.0056100823,0.0025136904,-0.086860605,0.0071271053,-7.3221984,0.17263399,0.0036942214,-0.12999728,-0.17157483,0.040157694,0.06553916,0.0,0.05604559,0.00027148917,0.000673694,0
4548,0.0,-0.0013987718,-4.1892097e-05,0.0005664311,0.00015108708,0.0,0.017981047,0.116398476,-0.0036757672,0.0,0.0,0.003068859,0.0,-8.958757e-06,0.0003097051,-0.006570363,0.0042031663,0.008981187,0.0039935815,-7.3221984,0.26103163,-0.001969432,-0.15973921,0.025442082,0.04253258,0.08023825,0.0,-0.045484673,-0.00013829004,0.0009244714,0
6011,0.0,-0.0016199781,-0.00015809629,-0.0005896536,0.00015108708,0.0,0.019906528,0.06959015,-0.0016468267,0.0,0.0,0.0014633569,0.0,5.1797448e-05,-0.0013552799,-0.0050396365,0.0031309682,0.0020266157,0.0039515076,-7.3221984,-1.2872065,-0.0014102977,0.07053423,0.010817267,0.044221077,0.060553525,0.0,0.020037657,0.00010529556,0.00024263086,0
6515,0.0,-0.0037010836,-0.0007061977,-0.0013559901,-0.00046696758,0.0,-0.067824095,-0.07710363,-0.0022504567,0.0,0.0,-0.0017611181,0.0,2.9283974e-05,-0.001224584,0.003611716,0.0013515862,-0.004924403,-0.008165079,-7.3221984,-1.0095586,-0.00494933,-0.03500459,0.002753198,0.013638104,-0.22741473,0.0,-0.015709372,0.000294285,0.00015503795,0
5635,0.0,0.00025123477,-4.1892097e-05,0.00029461138,-0.00023700944,0.0,0.012517473,-0.1046724,-0.0036630584,0.0,0.0,-0.0018601599,0.0,9.184287e-06,0.00070424937,-0.00633138,0.0019839045,-0.0037765603,-0.009290729,-7.3221984,-1.1211067,-0.0014749585,-0.093644515,0.003316004,0.032026153,0.04564124,0.0,-0.014765793,0.00010529556,0.00018494637,0
4195,0.0,-0.0016199781,-0.00015809629,-0.00041672445,-0.00023700944,0.0,0.01686541,0.08000254,-0.0016468267,0.0,0.0,-0.0035694623,0.0,5.1797448e-05,-0.0013552799,-0.0050396365,-0.0102176275,0.002336831,0.0038894205,-7.3221984,-1.2812227,-0.00096713094,0.061542436,0.009593796,0.045028828,0.06043207,0.0,0.019378534,0.00027148917,0.00023912168,0
6976,0.0,0.00045343573,0.00020267903,-0.00016220505,-0.00023700944,0.0,0.023608422,-0.080825634,-0.0009036094,0.0,0.0,0.0013982162,0.0,-2.8666589e-05,0.004284531,0.024287257,0.0015569988,0.013106278,-0.012462134,-7.3221984,-1.1764323,-0.0009924382,0.03838257,0.0036551482,-0.10575746,0.038223,0.0,0.025599984,7.3399715e-05,0.00019658636,0
3918,0.0,-0.0007159214,-0.0001529242,-0.0005896536,0.00015108708,0.0,0.014142537,-0.061822433,0.012259905,0.0,0.0,0.0013982162,0.0,0.00020286001,-0.00096370745,-0.005172291,-0.005447598,-0.015131118,0.0063418793,-7.3221984,-1.1782099,-0.0012097941,-0.07907539,0.004216348,0.029554985,0.039330155,0.0,0.02705971,0.00010529556,0.00019448316,0
1164,0.0,-0.00087687164,-0.00016073283,-0.0003047709,-0.00023700944,0.0,0.015377402,0.21427415,-0.0012216184,0.0,0.0,0.003068859,0.0,9.184287e-06,-0.00096370745,-0.0062759076,0.008578801,-0.0018687681,0.023200156,7.327141,0.24266282,-0.002393867,-0.11358083,0.017402511,0.053520314,0.089988,0.0,-0.042421803,-0.00035656057,0.9995968,1
1685,0.0,-0.0006405043,-0.00016036953,-0.00025429795,0.00015108708,0.0,0.015239558,0.20168962,0.0039622923,0.0,0.0,-0.008761319,0.0,-1.8868479e-05,-0.001508811,0.0065958137,0.008578801,-0.0017788331,0.022427216,7.327141,0.21806835,-0.0021585107,-0.1115733,0.016255703,0.0421104,0.09015776,0.0,-0.038776733,-0.00035656057,0.99958104,1
6467,0.0,-0.0082704965,-0.00012407714,-0.0013360037,-0.00015601149,0.0,-0.078924775,0.11050507,-0.0020570238,0.0,0.0,0.0012307549,0.0,5.1797448e-05,-0.0008189188,-0.0027977298,-0.008724368,-0.036125712,0.016796695,-7.3221984,-1.2055513,-0.010204084,-0.020044032,-0.03625641,0.03422675,0.04508835,0.0,0.022196898,0.0038704774,0.00020167185,0
2154,0.0,-0.0039830757,0.0037849373,0.00031748385,0.00065805775,0.0,0.03386929,-0.16499522,-0.0009871102,0.0,0.0,-0.0037178374,0.0,1.7496563e-05,0.0008375187,0.004858275,0.0016768009,0.12833515,-0.0010846094,-7.3221984,0.070084065,0.016218822,0.060628887,0.005978644,0.018582873,-0.4408144,0.0,-0.03183198,7.429773e-05,0.00048410325,0
3844,0.0,-0.0009174297,-0.00016073283,-0.00089687004,0.00015108708,0.0,0.014158095,-0.048394736,-0.0013418437,0.0,0.0,0.000719663,0.0,9.184287e-06,-0.0023168023,-0.037597906,-0.0047043553,-0.038916074,0.0011525017,-7.3221984,-1.0857729,-0.0011189723,-0.063192435,-0.021723047,-0.12284197,0.030913824,0.0,-0.018190475,7.3399715e-05,0.00016128892,0
3939,0.0,-0.0005411399,-0.00118233,-0.0002815292,-0.0010322913,0.0,0.01091957,-0.07345501,-0.0016516638,0.0,0.0,-0.0017611181,0.0,-2.8564878e-05,-0.0011662955,-0.0042713173,-0.0030058692,-0.018405056,-0.00812328,-7.3221984,-1.019678,-0.0055150692,-0.0492482,0.002888872,0.01568181,-0.2577731,0.0,-0.015804138,7.429773e-05,0.0001561398,0
5898,0.0,-0.0006981069,-4.1892097e-05,-0.0004520395,-0.00023700944,0.0,0.014002887,-0.05442171,-0.0013418437,0.0,0.0,-0.0018601599,0.0,9.184287e-06,-0.0023168023,-0.037597906,0.0021125483,-0.0036159158,-0.010627493,-7.3221984,-1.1206738,-0.0014394271,-0.06506248,0.0033197629,-0.1258235,0.03305449,0.0,-0.017890483,-9.63996e-05,0.00016278126,0
6302,0.0,-0.00060835364,-0.00118233,-0.0002815292,-0.0010322913,0.0,0.016284062,-0.12352979,-0.0019043724,0.0,0.0,0.0014148275,0.0,2.9283974e-05,-0.0011662955,-0.0071901716,-0.0030978988,-0.06908275,-0.003298854,-7.3221984,-0.06892987,-0.023782857,-0.08674696,-0.04036735,0.01896812,-0.44629264,0.0,-0.050507158,7.429773e-05,0.0002682101,0
1671,0.0,-0.0014219625,-0.00015809629,-0.00041672445,-0.00023700944,0.0,0.021550013,0.16080663,-0.0017191791,0.0,0.0,0.0055616572,0.0,5.1797448e-05,0.00045802974,-0.0055209463,0.004813495,0.017980631,0.008214095,7.327141,0.31549507,-0.0021889913,0.09132305,0.028518133,0.058308676,0.09641303,0.0,0.044556603,0.00027148917,0.99971443,1
3187,0.0,-0.0004734978,-3.9255545e-05,0.0003089989,-0.00023700944,0.0,0.013039262,-0.0775599,-0.00427859,0.0,0.0,0.0013982162,0.0,-5.0525516e-05,-0.001508811,0.005564523,0.0026324778,-0.00013721877,-0.009892927,-7.3221984,-1.1863769,-0.0014757247,-0.09635723,0.0034453096,0.020909222,0.043991465,0.0,0.02297719,0.00010529556,0.00018494637,0
4630,0.0,0.00055548974,0.00020267903,0.00018265776,-0.00023700944,0.0,0.0304797,-0.1432499,-0.0014294802,0.0,0.0,-0.010093039,0.0,-2.8666589e-05,0.00045802974,-0.0054668905,0.00525405,0.0308992,-0.02139226,-7.3221984,0.24286696,-0.0015882248,0.095967636,0.00819712,0.04724464,0.07381032,0.0,0.04538256,0.00010529556,0.00097401097,0
3593,0.0,-0.00077109225,-0.0010085955,-0.0002575744,-0.015647734,0.0,0.028740909,-0.16047156,-0.0009697306,0.0,0.0,-0.0037178374,0.0,-1.7066921e-05,0.0008375187,0.004889032,-0.0046098283,0.09483837,-0.018887913,-7.3221984,0.052220933,-0.009129359,0.060327496,0.005927596,0.01855213,-0.5024,0.0,-0.0326575,7.429773e-05,0.00040332158,0
5939,0.0,-0.0037689127,-5.7880156e-05,0.001352457,0.0002976792,0.0,-0.063196026,-0.07515653,-0.0022019427,0.0,0.0,0.00076866493,0.0,-2.8564878e-05,-0.001085658,-0.003177539,-0.0030058692,-0.009170398,-0.00701936,-7.3221984,-1.0054708,-0.005138118,-0.036181085,0.002820015,0.015368049,-0.23045172,0.0,-0.016232898,0.000294285,0.00015503795,0
837,0.0,0.00199959,-0.00016073283,-0.00038804274,-0.00023700944,0.0,0.021862673,-0.017408393,-0.0013193283,0.0,0.0,-0.002729918,0.0,9.184287e-06,0.0023794712,0.037713993,0.0021125483,0.00285582,-0.013966909,7.327141,1.1958123,0.0014007987,-0.061193433,0.005138033,-0.06916451,0.041250605,0.0,-0.01537887,7.3399715e-05,0.99978584,1
3997,0.0,-0.0013725894,-0.00016073283,-0.00042722706,0.00015108708,0.0,0.030454643,0.05760586,-0.0011117959,0.0,0.0,0.003068859,0.0,9.184287e-06,-0.0019003834,0.005848772,0.00525405,0.01681781,0.007819891,-7.3221984,0.25582784,-0.0021007136,0.10992436,0.019741602,0.049277097,0.097756825,0.0,-0.03563135,0.00010529556,0.0012119937,0
3466,0.0,-0.0009130769,-4.1892097e-05,0.00038327288,-0.00023700944,0.0,0.009871792,0.106565945,-0.001149266,0.0,0.0,0.0010239165,0.0,9.184287e-06,-0.00096370745,-0.0057812543,-0.0102440445,0.0035277214,0.008724997,-7.3221984,-1.2281414,-0.001047822,-0.07399328,0.0078296745,0.03985269,0.055973325,0.0,-0.01413992,0.00027148917,0.00021733338,0
4845,0.0,-0.0014101369,-0.00014658325,-0.00046331246,0.00015108708,0.0,0.02105477,0.067768365,-0.0012051151,0.0,0.0,0.0014633569,0.0,2.9388248e-05,0.0006054541,0.0047686608,0.0031309682,0.00636053,0.003359528,-7.3221984,-1.2874781,-0.0009858627,0.07070607,0.010537393,0.03224845,0.058618583,0.0,0.018295879,0.00010529556,0.00024263086,0
1325,0.0,0.0019748576,-4.1892097e-05,-0.0003047709,-0.00023700944,0.0,0.008671324,0.10413846,-0.001149266,0.0,0.0,0.0007913144,0.0,9.184287e-06,-0.00096370745,-0.0053345854,0.006424109,-0.038012557,0.012392981,7.327141,1.1766495,-0.010434289,-0.0795312,-0.037966937,0.039740533,0.052825738,0.0,-0.013321512,0.00027148917,0.9998035,1
1086,0.0,-0.0007159214,-0.0001529242,-0.0005896536,-0.00023700944,0.0,0.014573072,-0.0092907045,0.012090774,0.0,0.0,0.0014633569,0.0,0.00020286001,-0.00096370745,-0.005172291,0.0023479543,-0.033560198,0.0034909993,7.327141,1.1529763,-0.001302906,-0.10783804,0.0058637867,0.031115098,0.039263908,0.0,0.026750246,0.00010529556,0.99978584,1
5317,0.0,-0.0038203371,-0.0007335653,-0.0002815292,0.00065805775,0.0,0.02370844,-0.11050993,-0.0019043724,0.0,0.0,0.0014148275,0.0,2.9283974e-05,-0.0011662955,-0.0071901716,-0.0030978988,-0.06627519,-0.0019229525,-7.3221984,-0.041437812,0.07214229,-0.08674696,-0.04036735,0.018959722,-0.36317176,0.0,-0.049633496,-9.7579e-05,0.00033781337,0
5687,0.0,0.00880671,-5.236405e-06,-0.0013360037,9.9453115e-05,0.0,-0.058679447,0.090158604,-0.0045176055,0.0,0.0,0.0014633569,0.0,5.1797448e-05,-0.0008189188,-0.0025719013,-0.0057812487,0.0047562807,0.004061236,-7.3221984,-1.233076,-0.0012775823,-0.0610979,0.009192375,0.03582038,0.048524234,0.0,0.022395724,0.0038704774,0.00020936901,0
4602,0.0,-0.0016089568,-4.1892097e-05,0.0005664311,0.00015108708,0.0,0.029890083,-0.11022616,-0.0011866189,0.0,0.0,0.001763003,0.0,-8.958757e-06,-0.0013552798,-0.0063270014,0.00525405,0.016862946,-0.007047765,-7.3221984,0.19297643,-0.0022636245,0.1156807,0.00821305,0.055812206,0.09315017,0.0,-0.033430193,-0.00013829004,0.0009345132,0
3929,0.0,-0.0016451621,-0.00016073283,-0.00047769997,-0.00023700944,0.0,0.018811502,-0.056230105,-0.0009888569,0.0,0.0,0.00080086174,0.0,9.184287e-06,0.00045802974,-0.00596598,0.0035715234,0.004121837,-0.006025318,-7.3221984,-1.2112161,-0.001088157,0.06437582,0.004364753,0.040774632,0.05762116,0.0,-0.013060311,0.00010529556,0.00021745007,0
6989,0.0,-0.0028304427,-2.8999733e-05,0.00029461138,-0.00023700944,0.0,0.030147262,-0.20427927,-0.0011583515,0.0,0.0,-0.004044593,0.0,-6.7109086e-06,-0.005993004,-0.006690112,0.0021437253,0.016703235,-0.01879851,-7.3221984,0.20327008,-0.0017785673,0.10235228,0.008051752,0.055692375,0.08658443,0.0,-0.03199126,0.00010529556,0.00082136045,0
3799,0.0,0.0011106867,-0.00049886445,-0.0002776715,-0.0026736944,0.0,0.023712687,-0.15704507,-0.0028074798,0.0,0.0,-0.0062674247,0.0,-0.00012937235,0.0008375187,0.004364177,0.0016768009,0.05836649,-0.04702856,-7.3221984,0.055001967,-0.007678299,0.050694544,0.0061240126,0.01769636,-0.5077227,0.0,0.06219571,7.429773e-05,0.00041720778,0
5936,0.0,-0.0009751117,-4.1892097e-05,-0.0004520395,-0.00023700944,0.0,0.015433615,-0.08883255,-0.00066718075,0.0,0.0,0.00080086174,0.0,9.184287e-06,-0.007346099,-0.036605414,0.0015569988,0.0042112004,-0.009956291,-7.3221984,-1.1443423,-0.001088157,0.038788874,0.0036100368,-0.16661365,0.03666083,0.0,-0.020880312,7.3399715e-05,0.00016520874,0
1169,0.0,-0.0016089568,-0.00016073283,-0.00047769997,0.00015108708,0.0,0.029825006,0.054861214,-0.0011117959,0.0,0.0,0.003068859,0.0,9.184287e-06,-0.0013552798,-0.0058354544,-0.016476713,0.015726812,0.0080951685,7.327141,0.27673337,-0.0021007136,0.107746094,0.01962391,0.060970478,0.095907174,0.0,-0.035888374,0.00010529556,0.9996389,1
2514,0.0,-0.009833868,-0.00046015254,-0.0013559901,0.0002976792,0.0,-0.10909069,-0.07348072,-0.0013331946,0.0,0.0,0.00076866493,0.0,1.7496563e-05,-0.0021981527,0.002882189,-0.0033986517,0.0053314124,-0.006502368,-7.3221984,-1.050016,0.008391002,0.025703087,0.0028752629,0.014152553,-0.21869397,0.0,-0.0132740075,0.000294285,0.00015683364,0
1130,0.0,-0.00103465,-0.00014658325,-0.00046331246,-0.00023700944,0.0,0.02001716,-0.07470725,-0.001258326,0.0,0.0,0.0013982162,0.0,2.9388248e-05,0.0006054541,0.0050775013,0.0035715234,0.006799313,-0.009780072,7.327141,1.1480237,-0.0010701914,0.061528545,0.0038870526,0.02644006,0.05271789,0.0,0.020307401,0.00010529556,0.9998122,1
4677,0.0,-0.00043622233,-0.0007543106,0.0001944552,0.00065805775,0.0,0.011590879,-0.0735167,-0.0016516638,0.0,0.0,-0.0017611181,0.0,-2.8564878e-05,0.0004687383,0.004904179,0.0013515862,-0.01213613,-0.010521899,-7.3221984,-1.032327,-0.0053345533,-0.049509767,0.0029442774,0.011246845,-0.26354358,0.0,-0.015271129,7.429773e-05,0.0001561398,0
3628,0.0,-0.0009174297,-0.00016073283,-0.00089687004,0.00015108708,0.0,0.013283148,0.026004398,-0.0012886331,0.0,0.0,0.0007913144,0.0,9.184287e-06,-0.0023168023,-0.03478442,-0.0047043553,-0.03948639,0.00031004776,-7.3221984,-1.1166217,-0.0009816849,-0.064982004,-0.037211545,-0.12378008,0.03200584,0.0,-0.01713579,-9.63996e-05,0.00016588466,0
4741,0.0,-0.00103465,0.00020267903,0.0003089989,-0.00023700944,0.0,0.019549483,-0.098006025,-0.001258326,0.0,0.0,-0.002847748,0.0,2.9388248e-05,0.0023621889,0.0053730323,0.0016957566,0.015372239,-0.0073957318,-7.3221984,-1.202037,-0.0009482835,0.05788801,0.0038343256,0.024890535,0.04300673,0.0,0.019685274,0.00010529556,0.00021370429,0
4371,0.0,0.0024660202,-7.872957e-06,0.0010707123,-0.00015601149,0.0,-0.07710871,-0.08841412,-0.0018921229,0.0,0.0,0.00080086174,0.0,9.184287e-06,-0.0024797018,-0.01060205,0.0014639748,-0.002598684,-0.009612549,-7.3221984,-1.0591146,-0.0010268912,-0.048858102,0.003032499,-0.12849869,0.0293312,0.0,-0.019377466,-0.00037866138,0.00015951779,0
3950,0.0,-0.0006038917,-0.00015809629,-0.00041672445,-0.00023700944,0.0,0.013246227,0.1512059,-0.0043933806,0.0,0.0,-0.01374721,0.0,5.1797448e-05,-0.00096370745,-0.0056100823,-0.01033031,-0.00079094165,0.0027371927,-7.3221984,0.2793566,-0.0018363997,-0.12890251,0.025618957,0.043131847,0.07959167,0.0,0.05476991,0.00027148917,0.0010591344,0
4738,0.0,-0.004283442,-7.872957e-06,0.0010707123,-0.00015601149,0.0,-0.08378425,-0.059015747,-0.0018921229,0.0,0.0,0.000719663,0.0,9.184287e-06,-0.0014381174,-0.011963488,-0.0047043553,-0.037285455,0.0007686482,-7.3221984,-1.0387663,-0.00094226317,-0.04929802,-0.020591762,-0.11712822,0.026922759,0.0,-0.019017536,-0.00037866138,0.00015805553,0
2591,0.0,-0.009711147,-0.0001267137,-0.0012240501,9.9453115e-05,0.0,-0.08635256,0.09695647,-0.0013458433,0.0,0.0,0.0007913144,0.0,9.184287e-06,-0.0008189188,-0.0034635551,-0.008724368,-0.018970996,-0.0012573055,-7.3221984,-1.1468546,-0.00048777356,-0.013686422,-0.05306846,0.038387094,0.04770905,0.0,-0.013421044,-0.0050832955,0.00020102372,0
2951,0.0,0.0017225852,-0.0001305134,-0.00038804274,0.00015108708,0.0,0.02368437,-0.08641469,-0.00066718075,0.0,0.0,-0.001975425,0.0,9.184287e-06,-0.013645994,0.038930833,0.0015569988,0.003792743,-0.004330053,-7.3221984,-1.1459552,0.0067983223,0.03740866,0.0035573097,-0.11240143,0.040786274,0.0,-0.014096436,7.3399715e-05,0.00019297125,0
2643,0.0,-0.0007478874,-0.00016073283,-0.00089687004,-0.00023700944,0.0,0.023524083,0.1391148,-0.0013545529,0.0,0.0,0.003068859,0.0,-8.958757e-06,-0.0023168023,-0.035222214,-0.009800023,-0.0049136984,0.0038031866,-7.3221984,0.18355322,-0.002393867,-0.09434515,0.024382465,-0.17742239,0.06258283,0.0,-0.050431773,7.3399715e-05,0.0006946659,0
5242,0.0,-0.008027049,-0.00012407714,-0.004738998,9.9453115e-05,0.0,-0.14689961,-0.037873972,-0.006904877,0.0,0.0,0.0042265947,0.0,5.1797448e-05,-0.0008189188,-0.0032355213,-0.00649245,-0.08195792,-0.010898817,-7.3221984,0.10903606,-0.001663478,-0.07913556,-0.11209293,0.03927117,0.055216126,0.0,0.06631501,0.0006000288,0.0005220193,0
2991,0.0,-0.0009130769,-0.00016073283,-0.00047769997,0.00015108708,0.0,0.014389008,0.03670264,-0.0036098477,0.0,0.0,0.0010239165,0.0,9.184287e-06,-0.00096370745,-0.005838116,-0.0057812487,4.1734544e-05,0.004120682,-7.3221984,-1.2134457,-0.0014722568,-0.103488825,0.009598776,0.03171862,0.048982643,0.0,-0.014593605,-0.00013829004,0.00019635557,0
825,0.0,-0.0010918463,-0.00016073283,-0.0003047709,0.00015108708,0.0,0.010870489,0.103652544,-0.001149266,0.0,0.0,0.0007913144,0.0,9.184287e-06,-0.00096370745,-0.005838116,-0.008724368,-0.03707324,0.021825086,7.327141,1.177445,0.0014670643,-0.08251813,-0.029517153,0.037427068,0.05237369,0.0,-0.013421044,-0.00035656057,0.99980515,1
6605,0.0,-0.0037689127,-0.00070361467,-0.0013725678,0.0002976792,0.0,-0.061991777,-0.07281606,0.008866558,0.0,0.0,-0.0017611181,0.0,-0.00010330361,0.00038069714,-0.0032670763,-0.0030058692,-0.0075682756,-0.007148056,-7.3221984,-1.0144948,-0.00494933,-0.034916226,0.002767288,0.015344116,-0.23175769,0.0,-0.018087093,-0.00038649963,0.00015503795,0
5193,0.0,-0.0006350356,-0.0009960865,-0.0002815292,-0.0010322913,0.0,0.010885546,-0.06427966,-0.0017001778,0.0,0.0,0.0006874662,0.0,2.9283974e-05,-0.0011662955,-0.0042713173,0.0011986545,-0.029198967,-0.007575265,-7.3221984,-1.0067823,-0.005462384,-0.049267884,-0.019763518,0.015736325,-0.25329703,0.0,-0.01608945,-9.7579e-05,0.0001561398,0
3369,0.0,-0.0015339924,-3.9255545e-05,0.0013065893,0.00015108708,0.0,0.017414454,-0.018645683,-0.001677522,0.0,0.0,0.0014633569,0.0,5.1797448e-05,-0.0013552798,-0.004689833,-0.011927653,0.0020709343,0.004469554,-7.3221984,-1.259396,-0.0010285128,0.054578606,0.0058174646,0.036088005,0.053452898,0.0,0.022737918,0.00010529556,0.0002177754,0
5260,0.0,-0.0010523566,-0.00016073283,-0.00089687004,0.00015108708,0.0,0.015396659,-0.011818454,-0.0006446654,0.0,0.0,0.0010239165,0.0,9.184287e-06,0.0008239768,-0.038164634,0.0034327656,0.005307038,-0.0068367957,-7.3221984,-1.2030749,-0.0012768778,0.04317573,0.0056540053,-0.16082482,0.03918609,0.0,-0.019489065,7.3399715e-05,0.00017313787,0
1235,0.0,-0.0010918463,-0.00016073283,-0.0003047709,0.00015108708,0.0,0.010870489,0.09779856,-0.001149266,0.0,0.0,0.0007913144,0.0,9.184287e-06,-0.00096370745,-0.005838116,-0.008724368,-0.03707324,0.016785925,7.327141,1.177445,-0.010398759,-0.08251813,-0.0386333,0.037427068,0.051048912,0.0,-0.013421044,-0.00035656057,0.9997986,1
3023,0.0,-0.00043622233,-0.0009960865,-0.0002575744,0.00065805775,0.0,0.011859274,-0.07362154,-0.0017001778,0.0,0.0,-0.0017611181,0.0,2.9283974e-05,0.0004687383,0.0049525425,0.0013515862,-0.01408416,-0.0105581805,-7.3221984,-1.0296549,-0.0053345533,-0.049509767,0.0029442774,0.011266105,-0.26334006,0.0,-0.015709372,7.429773e-05,0.0001561398,0
5088,0.0,-0.00084018486,-0.00016073283,-0.00089687004,-0.00023700944,0.0,0.014110618,-0.070082456,-0.0013418437,0.0,0.0,0.000719663,0.0,9.184287e-06,-0.0033583867,-0.037597906,-0.002938446,-0.033953276,0.00065919315,-7.3221984,-1.0718545,-0.0011189723,-0.057475034,-0.021723047,-0.12434534,0.031021155,0.0,-0.019577961,7.3399715e-05,0.00016128892,0
3866,0.0,-0.0008019072,-0.00015809629,-0.00041672445,0.00015108708,0.0,0.01015019,0.1039617,-0.0018604465,0.0,0.0,0.0014633569,0.0,5.1797448e-05,-0.00096370745,-0.005172291,-0.0102440445,0.003630915,0.008498374,-7.3221984,-1.2587551,-0.0014542914,-0.07194247,0.008238221,0.03692758,0.05323609,0.0,0.022569688,0.00027148917,0.00021733338,0
2059,0.0,-0.009109754,-2.7742506e-05,-0.0018991849,-0.00023700944,0.0,0.032694664,-0.1737,-0.0011408445,0.0,0.0,-0.010093039,0.0,2.9388248e-05,0.0025807116,-0.019521711,0.0020049675,0.030271884,-0.019740773,-7.3221984,0.15895393,-0.001871589,0.06630426,0.006599881,-0.198432,0.06193344,0.0,0.08393201,7.3399715e-05,0.000660647,0
5430,0.0,0.0018192686,-8.1550475e-05,-0.00038804274,0.0008043356,0.0,0.043131184,-0.17805463,-0.0008400731,0.0,0.0,-0.004044593,0.0,6.8798495e-06,0.004284531,0.043614056,0.0020049675,0.01997542,-0.011180958,-7.3221984,0.13382258,0.0030396325,0.076341726,0.0064545125,-0.16923933,0.061404116,0.0,-0.037315242,7.3399715e-05,0.0006514858,0
5194,0.0,-0.0009117849,-0.0005473218,-0.0002815292,0.00065805775,0.0,0.013962384,-0.07500669,-0.0016516638,0.0,0.0,-0.0017611181,0.0,-2.8564878e-05,0.00040250568,-0.004565781,-0.0030058692,-0.013875416,-0.009476282,-7.3221984,-1.0430816,0.014407299,-0.0500574,0.0029203391,0.015387345,-0.24355716,0.0,-0.015695447,7.429773e-05,0.0001589225,0
4993,0.0,-0.0009174297,-0.00016073283,-0.00089687004,-0.00023700944,0.0,0.013850528,-0.0009393613,-0.0013193283,0.0,0.0,0.0007913144,0.0,9.184287e-06,-0.0023168023,-0.03478442,-0.0047043553,-0.03848424,0.0005278343,-7.3221984,-1.1047565,-0.0009816849,-0.059157018,-0.033373903,-0.118622705,0.031728096,0.0,-0.017968023,-9.63996e-05,0.00016588466,0
4586,0.0,-0.00790026,-5.236405e-06,0.004745823,9.9453115e-05,0.0,-0.09814168,-0.02853676,-0.004664824,0.0,0.0,-0.0035694623,0.0,-5.0525516e-05,0.00033801052,0.0025169798,-0.006216867,0.0054537975,-0.009939752,-7.3221984,-1.193854,-0.0011074651,-0.04107373,0.00500024,0.024581099,0.03785634,0.0,0.022811132,0.0006000288,0.00018001307,0
3907,0.0,-0.001055641,-0.00016073283,-0.0003047709,0.00015108708,0.0,0.012708809,0.20480853,-0.0012216184,0.0,0.0,0.0017337969,0.0,9.184287e-06,-0.00096370745,-0.0062759076,-0.009982177,-0.08307094,0.04823615,-7.3221984,0.23443061,0.00054545427,-0.12386465,-0.08078009,0.04876429,0.08112247,0.0,-0.039076872,0.00027148917,0.0008708153,0
362,0.0,-0.0014219625,-0.00015809629,-0.0005896536,0.00015108708,0.0,0.024591131,0.1401387,-0.0017191791,0.0,0.0,0.0055616572,0.0,5.1797448e-05,0.00045802974,-0.0049412074,0.004813495,0.020930277,0.0071847243,7.327141,0.31135383,-0.0017645562,0.09852296,0.02823826,0.05280732,0.09522413,0.0,0.047240444,0.00010529556,0.9997098,1
2860,0.0,0.0017225852,-0.000117621035,0.003477159,-0.00023700944,0.0,0.025467867,-0.08147534,-0.0006358784,0.0,0.0,0.00087189005,0.0,6.8798495e-06,0.004284531,0.035982363,0.0015569988,0.009298847,-0.0038237392,-7.3221984,-1.150438,0.006965883,0.039592434,0.0036100368,-0.102981955,0.038704615,0.0,-0.014399695,7.3399715e-05,0.00020065221,0
6413,0.0,-0.008331651,-0.00012407714,-0.0016200942,9.9453115e-05,0.0,-0.26129267,-0.12177214,-0.005239496,0.0,0.0,-0.010093039,0.0,5.1797448e-05,-0.0033435277,-0.0036502108,0.005115292,0.018048964,-0.0075491876,-7.3221984,0.16749972,-0.0018665515,0.05904477,0.006017475,-0.1826245,0.051602423,0.0,0.05329909,0.00028831692,0.0005114878,0
3314,0.0,-0.0021423886,-0.00014023557,0.00035595437,-0.015647734,0.0,0.019396305,-0.07231878,-0.00078291545,0.0,0.0,-0.0017611181,0.0,1.7496563e-05,0.00077128614,-0.0038150158,0.0012288322,0.01973322,0.0049983948,-7.3221984,-1.0632185,-0.0040798844,0.03540927,0.003064663,0.018681323,-0.28860328,0.0,-0.012495153,7.429773e-05,0.00016780884,0
2929,0.0,0.0017225852,-0.00014784047,-0.00038804274,-0.00023700944,0.0,0.024796097,-0.08167541,-0.0006358784,0.0,0.0,-0.0018601599,0.0,6.8798495e-06,0.004284531,0.042874288,0.0015569988,0.0071849762,-0.003905582,-7.3221984,-1.14441,0.0009743015,0.040465843,0.0035573097,-0.1052167,0.042503096,0.0,-0.014017378,7.3399715e-05,0.00020065221,0
2950,0.0,0.002040496,-0.00016073283,-0.00038804274,-0.00023700944,0.0,0.022326438,-0.04332645,-0.0013354113,0.0,0.0,0.00080086174,0.0,-8.958757e-06,0.0023794712,0.037713993,0.0021125483,0.0028329943,-0.01398398,-7.3221984,-1.1406616,-0.0012277595,-0.06345696,0.0038473443,-0.0691058,0.042595048,0.0,-0.015890777,-9.63996e-05,0.0001907275,0
1845,0.0,-0.0021060791,-3.9255545e-05,0.00018265776,0.00015108708,0.0,0.017923279,-0.06299946,-0.0017000374,0.0,0.0,-0.002847748,0.0,5.1797448e-05,0.00045802974,-0.0049431687,0.0035715234,0.0049147173,-0.0060255346,7.327141,1.138995,-0.0010514597,0.063188896,0.0038343256,0.034315623,0.05479387,0.0,0.021037875,0.00010529556,0.9998122,1
3675,0.0,-0.008336235,-0.0001267137,-0.004627045,9.9453115e-05,0.0,-0.09832963,-0.073787525,-0.004213338,0.0,0.0,0.000719663,0.0,9.184287e-06,-0.0008189188,-0.004109032,0.0022947036,-0.03711478,0.00097102067,-7.3221984,-1.0828451,-0.00094226317,-0.053484786,-0.02345135,0.028291786,0.0375453,0.0,-0.014546961,0.0006000288,0.00017206861,0
3494,0.0,-0.0008771088,0.0042434703,0.00017435808,-0.015647734,0.0,0.019743985,-0.06901101,-0.002603285,0.0,0.0,0.0011720208,0.0,-0.00012937235,0.0008375187,0.0036244062,-0.0033986517,0.03936961,0.008518001,-7.3221984,-1.1239785,0.0047005406,0.032795746,0.0031114533,0.013711512,-0.25783998,0.0,0.025816573,7.429773e-05,0.00017565109,0
6369,0.0,-0.009833868,-0.00036525956,-0.0013559901,-0.0032634886,0.0,-0.10875469,-0.07296208,-0.001315815,0.0,0.0,-0.0029228176,0.0,-1.7066921e-05,0.00078705035,0.0029691502,0.0012288322,0.019653998,-0.017713675,-7.3221984,-1.0659758,0.016201954,0.02548728,0.002873584,0.013977748,-0.2062652,0.0,-0.012280525,0.000294285,0.00015831013,0
2853,0.0,-0.00062086206,-0.00016036953,0.017002126,0.00015108708,0.0,0.016800318,-0.08532557,0.0042074956,0.0,0.0,0.00080086174,0.0,-1.8868479e-05,-0.0033583867,-0.030456044,0.0013408815,-0.01585803,-0.010458784,-7.3221984,-1.0840844,-0.0012277595,-0.05379535,0.0034592412,-0.12189868,0.034556445,0.0,-0.019935243,-9.63996e-05,0.00016988486,0
638,0.0,0.0018338622,-0.0003413852,-0.0006070356,0.00015108708,0.0,0.02421741,-0.05164344,-0.0009366498,0.0,0.0,-0.002847748,0.0,2.9388248e-05,0.002527796,0.024287257,-0.011786131,0.016091425,-0.009165957,7.327141,1.1705039,-0.0009482835,0.04011877,0.003484729,-0.10527495,0.035979755,0.0,0.023556931,7.3399715e-05,0.9997919,1
6565,0.0,-0.0022561369,-0.00016073283,-0.00089687004,-0.00023700944,0.0,0.02184982,0.06600959,-0.0013609855,0.0,0.0,0.0017337969,0.0,9.184287e-06,-0.0023168023,-0.035222214,-0.0049890955,-0.09276459,-0.018711554,-7.3221984,0.10955873,-0.0015860925,-0.095116876,-0.14779495,-0.17142515,0.055826716,0.0,-0.047093276,-9.63996e-05,0.00045340284,0
2260,0.0,-0.009662086,5.019414e-06,0.0021809046,9.9453115e-05,0.0,-0.10963511,-0.08499855,-0.0011827599,0.0,0.0,-0.0018601599,0.0,-6.7109086e-06,0.0023430695,-0.012424992,0.0015569988,0.0062594973,-0.008431605,-7.3221984,-1.0939285,-0.00083302555,0.03262852,0.0033662308,-0.11579198,0.030619087,0.0,-0.022282548,0.00028831692,0.0001644181,0
6167,0.0,-0.0016199781,-0.00015809629,-0.0005896536,0.00015108708,0.0,0.019906528,0.069704756,-0.0016468267,0.0,0.0,0.0014633569,0.0,5.1797448e-05,-0.0013552799,-0.0050396365,0.0031309682,0.0020266157,0.0036716338,-7.3221984,-1.2872065,-0.0009858627,0.07053423,0.010537393,0.044221077,0.06057423,0.0,0.020037657,0.00010529556,0.00024263086,0
981,0.0,-0.008091727,-0.00012407714,0.0021597876,9.9453115e-05,0.0,-0.07215123,0.08533057,-0.0045176055,0.0,0.0,0.0014633569,0.0,5.1797448e-05,-0.0008189188,-0.0024479264,-0.0057812487,0.0048358883,0.0037664229,7.327141,1.1304427,-0.0008531474,-0.024353825,0.008912501,0.031578705,0.04730807,0.0,0.023250464,0.0038704774,0.9998049,1
4408,0.0,0.0024660202,-7.872957e-06,0.0010707123,-0.00015601149,0.0,-0.077168405,-0.06800513,-0.0018921229,0.0,0.0,-0.0018601599,0.0,9.184287e-06,-0.0014381174,-0.01060205,0.0021125483,-0.0019056881,-0.010196609,-7.3221984,-1.0698255,-0.0010678499,-0.058707952,0.0028135956,-0.12849869,0.029373813,0.0,-0.018086985,-0.00037866138,0.00015951779,0
6151,0.0,-0.00943654,-0.00039724546,-0.0013559901,-0.00078103406,0.0,-0.1528598,-0.17366996,-0.004626671,0.0,0.0,-0.0037178374,0.0,-1.7066921e-05,0.00078705035,0.0037089214,0.0016768009,0.070188895,-0.019842569,-7.3221984,0.06531225,-0.007755477,0.045985263,0.0053168125,0.019568533,-0.41000214,0.0,-0.0326575,0.000294285,0.00035767903,0
6846,0.0,0.0009927681,-2.312965e-05,0.0012503255,9.9453115e-05,0.0,-0.11991137,-0.082196675,-0.0018856903,0.0,0.0,-0.001975425,0.0,-8.958757e-06,-0.00399354,0.0115763005,0.0014639748,-5.1859766e-05,-0.009824842,-7.3221984,-1.0696949,0.008163068,-0.046732415,0.002845063,-0.11700435,0.026867157,0.0,-0.015559627,0.00028831692,0.00015898207,0
4923,0.0,-0.0013725894,-0.00034264242,-0.00042722706,0.00015108708,0.0,0.028794054,-0.029004285,-0.0010804936,0.0,0.0,0.003068859,0.0,6.8798495e-06,0.0006054541,0.0061026327,-0.016476713,0.026330937,-0.0072312807,-7.3221984,0.27045172,-0.0016847355,0.09600776,0.019544484,0.04137741,0.08036365,0.0,-0.035103608,-0.00013829004,0.0010569693,0
4049,0.0,-0.00062086206,-0.00016073283,0.017002126,-0.00023700944,0.0,0.017357651,-0.082681574,-0.0013354113,0.0,0.0,0.00080086174,0.0,-8.958757e-06,-0.0033583867,-0.030456044,0.0014639748,-0.0065859826,-0.012252135,-7.3221984,-1.097531,-0.0012277595,-0.054465786,0.0032930654,-0.11322093,0.03493864,0.0,-0.01976349,7.3399715e-05,0.00016988486,0
5812,0.0,-0.0037689127,-0.0002781783,0.001537911,0.0002976792,0.0,-0.06428995,-0.07611094,-0.0022019427,0.0,0.0,-0.0017611181,0.0,-2.8564878e-05,0.00038069714,-0.003311837,0.0013515862,-0.0072457897,-0.008252434,-7.3221984,-1.0059865,-0.0043388885,-0.036238443,0.002753198,0.015219309,-0.23258671,0.0,-0.015876511,0.000294285,0.00015503795,0
354,0.0,-0.0011261356,-0.00015809629,0.00057982025,-0.00023700944,0.0,0.029862523,0.028563332,-0.0018229764,0.0,0.0,0.0055616572,0.0,5.1797448e-05,-0.0019003834,0.004060592,0.00525405,0.015261082,0.001790896,7.327141,0.31504008,-0.0018072063,0.08922408,0.02044824,0.044138685,0.09215606,0.0,0.050606787,0.00010529556,0.9996692,1
5217,0.0,-0.00407393,-0.0001267137,-0.0015807144,9.9453115e-05,0.0,-0.17024231,-0.13205919,-0.0052029784,0.0,0.0,0.0015146076,0.0,9.184287e-06,-0.0014381174,-0.014882342,-0.0059621637,-0.0924131,-0.006893298,-7.3221984,0.0028788932,-0.0033192835,-0.094401225,-0.03875702,-0.1887671,0.04258719,0.0,-0.0543376,0.00028831692,0.0003039571,0
238,0.0,-0.0017311479,-0.00016073283,-0.0003047709,-0.00023700944,0.0,0.017021626,0.091574036,-0.0005767761,0.0,0.0,0.0010239165,0.0,9.184287e-06,-0.0013552799,-0.005705462,-0.010868515,0.0023132444,0.004268433,7.327141,1.0984576,-0.0014282631,0.054079086,0.009896039,0.04880129,0.06368321,0.0,-0.012196876,0.00027148917,0.9998292,1
6604,0.0,-0.00704811,-0.00062298396,-0.0013725678,-0.00046696758,0.0,-0.10017684,-0.1349878,-0.005561312,0.0,0.0,0.0014148275,0.0,2.9283974e-05,-0.001085658,-0.0060963933,-0.0030978988,-0.046136174,-0.001847941,-7.3221984,-0.044424437,0.034774233,-0.06258589,-0.036447488,0.019878775,-0.3567139,0.0,-0.04721622,0.000294285,0.0002942645,0
4938,0.0,-0.0040717283,-0.00043415744,-0.0013559901,-0.00046696758,0.0,-0.06685077,-0.071415454,0.008866558,0.0,0.0,-0.0017611181,0.0,-0.00010330361,0.00041826992,0.0036986775,-0.0030058692,-0.010572756,-0.0076947315,-7.3221984,-1.0348378,0.0086207045,-0.033796404,0.0026977926,0.013760251,-0.22459622,0.0,-0.017835122,0.000294285,0.00015503795,0
1517,0.0,-0.0013359768,-0.00015809629,0.00018265776,-0.00023700944,0.0,0.028761238,0.049496084,-0.0017273275,0.0,0.0,-0.01374721,0.0,-5.0525516e-05,-0.0013552798,-0.0045898897,-0.016476713,0.014937853,0.008590272,7.327141,0.29390693,-0.0019676813,0.09398441,0.019543039,0.05316723,0.09160971,0.0,0.048556507,0.00010529556,0.99965763,1
2485,0.0,-0.00043622233,-0.00118233,-0.0002575744,0.00065805775,0.0,0.01206693,-0.059736103,-0.0016516638,0.0,0.0,0.00076866493,0.0,-2.8564878e-05,0.0002875016,0.004820694,0.0018079911,-0.011393648,-0.011840537,-7.3221984,-1.0432028,-0.008022411,-0.051750757,0.0029970044,0.011680297,-0.2634891,0.0,-0.015529193,7.429773e-05,0.0001561398,0
5448,0.0,0.0024776135,-0.0001529242,-0.0006070356,0.00015108708,0.0,0.021315401,-0.06582733,0.0059724944,0.0,0.0,0.0013982162,0.0,0.00020286001,0.0023794712,0.03312518,0.0021125483,-0.00044907143,-0.01383085,-7.3221984,-1.1565005,-0.0012097941,-0.05979487,0.0035043526,-0.07267861,0.03484131,0.0,0.030266428,7.3399715e-05,0.0001907275,0
1546,0.0,-0.0017311479,-0.00016073283,-0.0003047709,-0.00023700944,0.0,0.017021626,0.091574036,-0.0005767761,0.0,0.0,0.0010239165,0.0,9.184287e-06,-0.0013552799,-0.005705462,-0.010868515,0.0023132444,0.004268433,7.327141,1.0984576,-0.0014282631,0.054079086,0.009896039,0.04880129,0.06368321,0.0,-0.012196876,0.00027148917,0.9998292,1
6123,0.0,-0.0010918463,-0.00016073283,-0.0003047709,-0.00023700944,0.0,0.009839914,0.098047875,-0.001149266,0.0,0.0,0.0007913144,0.0,9.184287e-06,-0.00096370745,-0.005838116,-0.008724368,-0.03707324,0.017003711,-7.3221984,-1.1864467,-0.010398759,-0.08251813,-0.0386333,0.03748659,0.05131291,0.0,-0.013421044,0.00027148917,0.00020272836,0
1170,0.0,-0.0012121213,-0.00015809629,-0.00029038332,0.00015108708,0.0,0.022203946,0.16109848,-0.0017191791,0.0,0.0,0.0055616572,0.0,5.1797448e-05,-0.0019003835,0.005205641,0.004813495,0.019526495,0.007441156,7.327141,0.34012705,-0.0017645562,0.0906071,0.02823826,0.049090568,0.09670163,0.0,0.042841606,0.00027148917,0.9997212,1
6845,0.0,0.0019748576,-4.1892097e-05,0.0001114531,0.00015108708,0.0,0.009470979,0.10951219,-0.001149266,0.0,0.0,0.0007913144,0.0,9.184287e-06,-0.00096370745,-0.0053345854,0.006424109,-0.038012557,0.017214354,-7.3221984,-1.1872424,0.0014315329,-0.0795312,-0.028850786,0.039706778,0.053906374,0.0,-0.013321512,-0.00035656057,0.0002148529,0
3253,0.0,-0.0002498919,-0.0005061538,0.0001944552,0.0017044074,0.0,0.014855066,-0.07137948,-0.0007655359,0.0,0.0,-0.0017611181,0.0,-1.7066921e-05,0.0008375187,0.003934033,0.0012288322,0.0378742,-0.05091592,-7.3221984,-1.0783476,-0.0029320368,0.0352072,0.003064663,0.015209361,-0.29375485,0.0,-0.011996757,7.429773e-05,0.00016168712,0
1903,0.0,0.00029766047,-0.00053401245,0.00017050037,-0.0010322913,0.0,0.010130034,-0.07649368,-0.0016516638,0.0,0.0,0.00076866493,0.0,-2.8564878e-05,-0.0011662955,-0.00404759,0.0013515862,-0.019756967,-0.007953731,-7.3221984,-1.0215176,-0.0058452873,-0.049891915,0.0028646458,0.016094979,-0.25935182,0.0,-0.015840441,7.429773e-05,0.0001561398,0
3517,0.0,0.002040496,-4.1528787e-05,5.678783e-05,0.00015108708,0.0,0.020148015,-0.055219613,0.004221132,0.0,0.0,-0.0018601599,0.0,1.9343477e-05,-0.008616697,0.036825202,0.0021125483,0.0007489755,-0.002891877,-7.3221984,-1.1235439,-0.0014394271,-0.057878938,0.0034859392,-0.08418709,0.042131703,0.0,-0.01501297,7.3399715e-05,0.00018969174,0
3671,0.0,-0.008157817,-0.0001267137,-0.004627045,-0.00015601149,0.0,-0.10451425,-0.022540707,-0.0040492923,0.0,0.0,0.0010239165,0.0,9.184287e-06,0.0002705467,-0.0036243238,0.0026324778,0.0015059335,0.0074810875,-7.3221984,-1.1652621,0.00097383413,-0.04692125,0.0049544387,0.027926607,0.03989256,0.0,-0.015653124,0.0006000288,0.00018049913,0
4442,0.0,8.6350614e-05,-4.1892097e-05,0.00029461138,0.00015108708,0.0,0.012391658,-0.038486104,-0.0036405432,0.0,0.0,0.0010239165,0.0,9.184287e-06,-0.00096370745,-0.0053345854,0.0026324778,0.0028224753,0.0071944175,-7.3221984,-1.1947365,-0.0011260036,-0.09028118,0.005655689,0.031308778,0.04666246,0.0,-0.0151624195,0.00010529556,0.00018954836,0
4760,0.0,-0.0014087947,-2.8999733e-05,-0.00042722706,-0.00023700944,0.0,0.01953151,-0.034076862,-0.00093503913,0.0,0.0,0.0010239165,0.0,6.8798495e-06,0.0006054541,0.005882155,0.0035715234,0.0074483003,-0.0059971297,-7.3221984,-1.2331688,-0.0010464784,0.06253012,0.0058064843,0.027713772,0.053671747,0.0,-0.012651539,0.00010529556,0.00021745007,0
6876,0.0,0.041259404,-0.0001267137,-0.0011942417,9.9453115e-05,0.0,-0.15730721,0.19809803,-0.0016876423,0.0,0.0,0.003068859,0.0,9.184287e-06,-0.0014599396,0.003252568,0.004813495,0.02002561,0.008079894,-7.3221984,0.2433722,-0.0020434936,0.085360534,0.023898723,0.06246638,0.09218755,0.0,-0.03166948,-0.0050832955,0.0011744105,0
6800,0.0,0.00792112,5.019414e-06,-0.0014011011,9.9453115e-05,0.0,-0.13359967,-0.052381556,-0.0011861576,0.0,0.0,-0.0018601599,0.0,6.8798495e-06,0.0009957553,0.010447783,-0.011786131,0.008394016,-0.006770974,-7.3221984,-1.1219715,-0.00092824735,0.038945526,0.0030128753,-0.14602892,0.03358261,0.0,-0.012458542,0.00028831692,0.00016360098,0
5469,0.0,-0.0006981069,0.0047066575,-0.00089687004,-0.00023700944,0.0,0.014602284,-0.05866736,-0.0013208783,0.0,0.0,-0.0018601599,0.0,-8.958757e-06,0.0006756522,-0.041658167,-0.00568658,0.002711262,-0.010721858,-7.3221984,-1.1201628,-0.0012090278,-0.06098616,0.0032290847,-0.12342229,0.027692229,0.0,-0.017852271,7.3399715e-05,0.00016278126,0
2747,0.0,-0.00077109225,-0.0009374899,-0.0002575744,-0.015647734,0.0,0.028318893,-0.15883598,-0.0009871102,0.0,0.0,0.0016632229,0.0,1.7496563e-05,0.0008375187,0.004889032,-0.0046098283,0.099643916,0.0123218335,-7.3221984,0.03092758,-0.012754451,0.060327496,0.0060888934,0.01855213,-0.48950815,0.0,-0.03456428,7.429773e-05,0.00041515345,0
1262,0.0,-0.0008019072,-0.00015809629,-0.00041672445,0.00015108708,0.0,0.01015019,0.109619685,-0.0017647976,0.0,0.0,0.0014633569,0.0,-5.0525516e-05,-0.00096370745,-0.005172291,0.006896274,0.0038137662,0.008498374,7.327141,1.1020275,-0.0014542914,-0.07018349,0.008388758,0.038550407,0.05481416,0.0,0.022491941,0.00027148917,0.9998167,1
5856,0.0,-0.009171911,-2.4037945e-05,0.0013489377,0.002080385,0.0,-0.11745949,-0.071051195,-0.003475047,0.0,0.0,0.0011720208,0.0,0.00013262917,0.00078705035,0.0024442957,0.0012288322,-0.0045166146,0.0026519722,-7.3221984,-1.0750624,-0.0038393158,0.024378413,0.002971422,0.013634301,-0.22627711,0.0,0.028828414,0.000294285,0.00015683364,0
5120,0.0,-0.008080706,-0.0001267137,-0.004627045,-0.00015601149,0.0,-0.158348,-0.16491812,-0.007524193,0.0,0.0,-0.004044593,0.0,9.184287e-06,-0.0008189188,-0.0070278863,-0.010765928,-0.003862962,-0.017325217,-7.3221984,0.11271755,-0.0026328233,-0.10279043,0.0069552884,0.045616794,0.06676364,0.0,-0.041502688,0.0006000288,0.00048391084,0
5199,0.0,-0.0009117849,-0.0009960865,-0.0002815292,-0.0010322913,0.0,0.011203237,-0.07437767,-0.0016516638,0.0,0.0,-0.0017611181,0.0,-2.8564878e-05,0.00040250568,-0.004565781,0.0013515862,-0.013791451,-0.007442988,-7.3221984,-1.0439094,0.0047957883,-0.05020298,0.0029442774,0.015476946,-0.25295922,0.0,-0.015695447,7.429773e-05,0.0001561398,0
4232,0.0,-0.0005920661,-0.00015809629,-0.00029038332,0.00015108708,0.0,0.010779826,0.10900367,-0.0018604465,0.0,0.0,0.0014633569,0.0,5.1797448e-05,-0.001508811,0.005210155,0.006896274,0.004250015,0.008223096,-7.3221984,-1.2623731,-0.0014542914,-0.069976896,0.008388758,0.028980985,0.055305056,0.0,0.02151776,0.00027148917,0.00022281136,0
1534,0.0,-0.0016199781,-0.00015809629,-0.00041672445,0.00015108708,0.0,0.017069103,0.093531124,-0.0012879567,0.0,0.0,0.0014633569,0.0,5.1797448e-05,-0.0013552799,-0.0050396365,0.003769144,0.0022498746,0.006023223,7.327141,1.0705763,-0.0009858627,0.05014115,0.009048165,0.04594108,0.061945394,0.0,0.020037657,0.00027148917,0.9998317,1
5105,0.0,-0.0009130769,-0.00016073283,-0.0003047709,-0.00023700944,0.0,0.009937735,0.06811463,-0.0036098477,0.0,0.0,0.0010239165,0.0,9.184287e-06,-0.00096370745,-0.005838116,-0.0057812487,0.0038883644,0.004338469,-7.3221984,-1.2206949,-0.0014722568,-0.09230992,0.009598776,0.035256106,0.05206863,0.0,-0.013968582,-0.00035656057,0.00020472932,0
2741,0.0,-0.0012444912,-0.00014658325,-0.0005896536,0.00015108708,0.0,0.019387668,-0.07447581,-0.0012252855,0.0,0.0,-0.002847748,0.0,-2.8666589e-05,0.00045802974,-0.005030724,0.0035715234,0.0075447857,-0.009643154,-7.3221984,-1.2105657,-0.0012818589,0.06203535,0.00391375,0.03451252,0.051902566,0.0,0.021416442,0.00010529556,0.00021745007,0
6763,0.0,-3.637698e-05,-0.0007543106,0.0001944552,0.00065805775,0.0,0.011039648,-0.07160629,-0.0016516638,0.0,0.0,-0.0017611181,0.0,-2.8564878e-05,0.0004687383,0.004688951,-0.0030058692,-0.012220094,-0.0087489635,-7.3221984,-1.0345663,-0.0054802317,-0.04986232,0.002819448,0.011905711,-0.2606079,0.0,-0.014878672,7.429773e-05,0.0001561398,0
2431,0.0,-0.0011684193,-0.00040776507,0.0001944552,0.0017044074,0.0,0.01685391,-0.072621435,-0.0007655359,0.0,0.0,-0.0029228176,0.0,-1.7066921e-05,0.0008375187,0.004149261,0.0012288322,0.034930915,-0.056960113,-7.3221984,-1.0922989,0.012954297,0.03402906,0.003064663,0.014384887,-0.28340626,0.0,-0.012280525,7.429773e-05,0.00016168712,0
1868,0.0,-0.0016949426,-0.00016073283,0.0001114531,0.00015108708,0.0,0.02232649,0.1750013,-0.0010079985,0.0,0.0,0.003068859,0.0,9.184287e-06,-0.0013552799,-0.0058354544,0.004813495,0.017361797,0.008004207,7.327141,0.3168931,-0.001827664,0.103564374,0.027452197,0.06276878,0.1002887,0.0,-0.03256762,-0.00035656057,0.9997011,1
5039,0.0,-0.0009174297,-0.00016073283,-0.00089687004,-0.00023700944,0.0,0.014097361,-0.03539414,-0.0013418437,0.0,0.0,0.000719663,0.0,9.184287e-06,-0.0023168023,-0.03478442,-0.0047043553,-0.03448604,0.0005278343,-7.3221984,-1.0943886,-0.0011189723,-0.060765248,-0.024790071,-0.12018479,0.032010943,0.0,-0.017809272,7.3399715e-05,0.00016357088,0
886,0.0,0.00047378003,-2.7742506e-05,0.00012584063,0.00015108708,0.0,0.017375357,0.1788238,-0.00091859757,0.0,0.0,0.0055616572,0.0,2.9388248e-05,0.0006054541,0.0045047384,0.005451671,0.021185694,0.009088984,7.327141,0.31791064,-0.0018980918,0.078944355,0.01788991,0.050567113,0.094835065,0.0,0.041707925,0.00027148917,0.99971443,1
2720,0.0,-0.0009806766,-0.00015809629,-0.00041672445,-0.00023700944,0.0,0.009839914,0.10093171,-0.0018604465,0.0,0.0,0.0012307549,0.0,5.1797448e-05,-0.00096370745,-0.005172291,-0.008724368,-0.03704965,0.021769103,-7.3221984,-1.2149447,0.0014850297,-0.08046732,-0.030308811,0.034415916,0.05009318,0.0,0.022196898,0.00027148917,0.00020957054,0
5570,0.0,-1.5961268e-05,-2.7742506e-05,0.0003089989,0.00015108708,0.0,0.02406026,0.028007379,-0.0013812649,0.0,0.0,0.0055616572,0.0,2.9388248e-05,0.0006054541,0.0045047384,0.00525405,0.016679358,-0.007039882,-7.3221984,0.31230715,-0.0019407419,0.09288873,0.020212576,0.04594752,0.08916121,0.0,0.04910758,0.00010529556,0.0012965538,0
1356,0.0,-0.005882443,-0.00015809629,-0.00046331246,0.00015108708,0.0,0.026128381,-0.14574593,-0.0019042321,0.0,0.0,0.0053891977,0.0,5.1797448e-05,-0.0019003834,0.0049916618,0.00525405,0.01613416,-0.0069812415,7.327141,0.28501916,-0.002171913,0.0975753,0.008437844,0.0439508,0.0901312,0.0,0.049162753,0.00010529556,0.9995844,1
4514,0.0,-0.03666889,-5.236405e-06,0.0046401466,9.9453115e-05,0.0,-0.16613099,-0.06886829,-0.0022503166,0.0,0.0,0.0013982162,0.0,5.1797448e-05,-0.0012104912,-0.0026587564,0.0035715234,0.0031679142,-0.009796783,-7.3221984,-1.1756631,-0.00089348224,0.032886945,0.0036959732,0.025875373,0.040112212,0.0,0.02142158,0.0006000288,0.00017372411,0
6555,0.0,-0.0005064638,-0.0040746126,-0.0002776715,0.009975003,0.0,0.027271418,-0.07441463,-0.002603285,0.0,0.0,-0.0023403335,0.0,-0.00012937235,0.0008375187,0.0036244062,0.0012288322,0.034295626,0.027792795,-7.3221984,-1.1116277,-0.003155906,0.032920197,0.0031097743,0.013714806,-0.25090644,0.0,0.02596554,7.429773e-05,0.00018398534,0
4393,0.0,0.011384015,-5.7880156e-05,0.001352457,0.0002976792,0.0,-0.06807236,-0.0729056,-0.0015074213,0.0,0.0,-0.0017611181,0.0,-2.8564878e-05,0.0007494776,-0.0027231006,0.0012288322,-0.0045714346,-0.0058883014,-7.3221984,-1.0343148,-0.0043449644,0.03172968,0.0027726924,0.018467708,-0.2870387,0.0,-0.013567085,-0.00038649963,0.00015679267,0
5720,0.0,-0.0023091468,-4.1892097e-05,0.0001114531,0.00015108708,0.0,0.010598019,0.11026286,-0.001149266,0.0,0.0,0.0007913144,0.0,9.184287e-06,-0.00096370745,-0.0053345854,-0.008724368,-0.019974539,0.021840025,-7.3221984,-1.1863471,0.0014670643,-0.07410972,-0.029517153,0.040406026,0.05430022,0.0,-0.013321512,-0.00035656057,0.00021742165,0
4765,0.0,-0.00422735,-0.00012635038,-0.0015807144,-0.00015601149,0.0,-0.08386713,0.053243473,0.005204603,0.0,0.0,-0.002729918,0.0,-1.8868479e-05,-0.0014381174,-0.009150002,-0.0052509625,-0.0027143059,0.0041027544,-7.3221984,-1.1516628,-0.001276816,-0.03914936,0.008680755,-0.12071696,0.0324111,0.0,-0.017228788,-0.00037866138,0.00017175455,0
1147,0.0,-0.00051445793,-0.00118233,-0.0002815292,0.00065805775,0.0,0.01693969,-0.17623118,-0.0018558584,0.0,0.0,-0.0037178374,0.0,-2.8564878e-05,-0.0011662955,-0.0071901716,-0.004217046,-0.03819634,-0.014096845,7.327141,-0.050392676,-0.022209575,-0.08557592,0.0057279128,0.019300068,-0.48774832,0.0,-0.046770558,7.429773e-05,0.99837303,1
1468,0.0,-0.0005064638,-0.0010013061,-0.0002776715,0.009975003,0.0,0.027693434,-0.07120601,-0.002603285,0.0,0.0,-0.0023403335,0.0,-0.00012937235,0.0008375187,0.0036244062,0.0012288322,0.039408624,-0.001157782,7.327141,1.2548302,-0.0027515127,0.032920197,0.0031097743,0.013714806,-0.25433847,0.0,0.02596554,7.429773e-05,0.99977416,1
601,0.0,-0.0013315498,-0.00014784047,-0.00042722706,0.00015108708,0.0,0.020107238,-0.09987532,-0.0009575545,0.0,0.0,0.00080086174,0.0,6.8798495e-06,0.0023621889,0.0065967855,0.0016957566,0.008486362,-0.008025676,7.327141,1.1860232,-0.0009125739,0.05997128,0.0038419412,0.026292617,0.052525252,0.0,-0.012858158,0.00010529556,0.99980897,1
5060,0.0,-0.0016949426,-0.00016073283,-0.00047769997,-0.00023700944,0.0,0.024655616,0.15496765,-0.0010079985,0.0,0.0,0.003068859,0.0,9.184287e-06,-0.0013552799,-0.0058354544,0.004813495,0.016857505,0.008221993,-7.3221984,0.34368697,-0.0017689362,0.110449485,0.027452197,0.061013732,0.097670116,0.0,-0.03256762,-0.00013829004,0.0014662036,0
5254,0.0,-0.0043838387,-0.0007061977,-0.0013725678,-0.00046696758,0.0,-0.0784603,0.06789673,-0.002398963,0.0,0.0,0.0016340169,0.0,2.9283974e-05,-0.00060719904,-0.0030814814,-0.004412354,-0.06952434,-0.009536175,-7.3221984,-0.010451907,-0.020923752,-0.06365837,-0.11353658,0.019740975,-0.42428452,0.0,-0.038868982,-0.00038649963,0.00030680242,0
4637,0.0,-0.0009130769,-0.00016036953,0.00038327288,0.00015108708,0.0,0.010667337,0.10087148,0.0034547194,0.0,0.0,0.0010239165,0.0,-1.8868479e-05,-0.00096370745,-0.0057812543,-0.009474776,-0.010301087,0.009655803,-7.3221984,-1.2165883,-0.001047822,-0.07267174,0.007402624,0.040576812,0.055777073,0.0,-0.01430524,-0.00035656057,0.00021733338,0
2281,0.0,-0.0038628085,-5.7880156e-05,0.001352457,0.0002976792,0.0,-0.06196778,-0.060882047,-0.0022504567,0.0,0.0,0.0006874662,0.0,2.9283974e-05,-0.001085658,-0.003177539,-0.002553733,-0.026227245,0.0013142496,-7.3221984,-0.99122065,-0.0050771604,-0.035544217,-0.018507008,0.015181457,-0.22465049,0.0,-0.01608945,0.000294285,0.00015604022,0
5883,0.0,-0.0013315498,0.0002014218,0.0003450843,0.00015108708,0.0,0.019349301,-0.097857855,-0.0009575545,0.0,0.0,-0.0018601599,0.0,6.8798495e-06,0.0023621889,0.0063012545,0.0016957566,0.015797723,-0.008902798,-7.3221984,-1.1795012,-0.0011966482,0.06069274,0.0038686392,0.027975995,0.045401637,0.0,-0.012108177,0.00010529556,0.00021370429,0
3024,0.0,-0.0006405043,-0.00016073283,-0.00042722706,-0.00023700944,0.0,0.019198123,0.11564662,-0.0036821999,0.0,0.0,0.003068859,0.0,9.184287e-06,0.0004571294,0.006937024,0.0042031663,0.0048715044,0.0042010243,-7.3221984,0.2893062,-0.002393867,-0.15905324,0.025721956,0.029406184,0.08121391,0.0,-0.04538558,0.00010529556,0.00094926916,0
4029,0.0,-0.0005064638,-0.0010013061,-0.0002776715,-0.0026736944,0.0,0.015406177,-0.07120601,-0.002603285,0.0,0.0,-0.0023403335,0.0,-0.00012937235,0.0008375187,0.0036244062,0.0012288322,0.026494056,-0.045995113,-7.3221984,-1.1090614,-0.002751513,0.032920197,0.0031097743,0.013714806,-0.29150656,0.0,0.02596554,7.429773e-05,0.0001603613,0
1203,0.0,-0.0014101369,-0.00015809629,0.0007527494,-0.00023700944,0.0,0.01773082,0.09292927,-0.0012879567,0.0,0.0,0.0014633569,0.0,5.1797448e-05,-0.0019003835,0.0038401145,0.003769144,0.004066368,0.0044182204,7.327141,1.0711377,-0.0014102977,0.050931424,0.009328038,0.035226606,0.06277083,0.0,0.019122368,0.00027148917,0.9998317,1
3813,0.0,-0.00071228045,-0.00118233,-0.0002815292,-0.0010322913,0.0,0.011065153,-0.043725047,-0.0017001778,0.0,0.0,0.0006874662,0.0,2.9283974e-05,-0.00068783644,-0.0042713173,-0.0035574257,-0.029474324,0.0026148565,-7.3221984,-1.0192842,-0.008416797,-0.05070786,-0.019871108,0.015655123,-0.25719643,0.0,-0.014940068,7.429773e-05,0.0001571492,0
3145,0.0,0.0011945235,-0.00053401245,0.0001944552,-0.0010322913,0.0,0.010915939,-0.0710618,-0.0016516638,0.0,0.0,0.00076866493,0.0,-2.8564878e-05,0.0004687383,0.0046054674,-0.0030058692,-0.011235327,-0.007819391,-7.3221984,-1.060943,0.0065776156,-0.0506017,0.002872175,0.012368266,-0.25033557,0.0,-0.015150379,7.429773e-05,0.0001561398,0
5153,0.0,-0.0009130769,-0.00016073283,-0.0003047709,-0.00023700944,0.0,0.011085812,0.10652212,-0.001149266,0.0,0.0,0.0010239165,0.0,9.184287e-06,-0.00096370745,-0.005838116,-0.0102440445,0.003607329,0.008710057,-7.3221984,-1.2281414,-0.001047822,-0.07399328,0.0078296745,0.039938744,0.05597288,0.0,-0.013968582,-0.00035656057,0.00021733338,0
3144,0.0,0.0003045916,-3.9255545e-05,0.00018265776,0.00015108708,0.0,0.012821836,-0.08084524,-0.00427859,0.0,0.0,-0.002847748,0.0,-5.0525516e-05,0.0003097051,-0.00555203,0.0026324778,0.003270363,-0.00991486,-7.3221984,-1.179684,-0.0012265936,-0.09742342,0.0033131575,0.028150605,0.043251846,0.0,0.023353023,0.00010529556,0.00018494637,0
6391,0.0,-0.004227665,-0.000115160365,-0.0015807144,9.9453115e-05,0.0,-0.1714536,-0.14944527,-0.0052029784,0.0,0.0,0.0017797515,0.0,9.184287e-06,-0.0024797018,-0.014882342,0.0014888974,-0.07940759,-0.004606346,-7.3221984,-0.015842032,0.024325183,-0.08115769,-0.03856501,-0.18902501,0.028208567,0.0,-0.05710642,-0.00037866138,0.00030624893,0
2336,0.0,-0.0015679173,-0.00016073283,-0.00047769997,-0.00023700944,0.0,0.018835636,-0.105169296,-0.0009824242,0.0,0.0,-0.0018601599,0.0,-8.958757e-06,-0.005993004,-0.005947697,0.0016957566,0.0030906864,-0.009311734,-7.3221984,-1.1728913,-0.00091329566,0.058294315,0.0037892142,0.042194642,0.055634193,0.0,-0.013035516,0.00010529556,0.00021042732,0
652,0.0,-0.0017311479,-0.00016073283,-0.0003047709,0.00015108708,0.0,0.018052202,0.09600089,-0.0005767761,0.0,0.0,0.0010239165,0.0,9.184287e-06,-0.0013552799,-0.005705462,0.003769144,0.002226288,0.0061223614,7.327141,1.0926367,-0.0010038281,0.052394073,0.008919492,0.048952237,0.06454019,0.0,-0.012196876,-0.00035656057,0.9998317,1
571,0.0,-0.0016199781,-3.9255545e-05,-5.00484e-07,-0.00023700944,0.0,0.016790707,0.090309314,-0.0012879567,0.0,0.0,0.0014633569,0.0,5.1797448e-05,-0.0013552799,-0.0050396365,0.003769144,0.0024513027,0.0039043599,7.327141,1.0732878,-0.0009858627,0.05108247,0.010537393,0.045966845,0.062048163,0.0,0.020037657,0.00027148917,0.9998317,1
808,0.0,-0.0014585751,-0.00034264242,-0.00025429795,0.00015108708,0.0,0.022878772,0.17394431,-0.0006178261,0.0,0.0,-0.008761319,0.0,6.8798495e-06,0.0006054541,0.0061026327,0.005451671,0.031301573,0.00819122,7.327141,0.26966506,-0.001831164,0.09071065,0.026585262,0.049971893,0.0898671,0.0,-0.027828965,0.00027148917,0.99968183,1
4757,0.0,-0.0013315498,-0.00014784047,-0.00042722706,0.00015108708,0.0,0.020107238,-0.10045545,-0.0009575545,0.0,0.0,0.00080086174,0.0,6.8798495e-06,0.0023621889,0.0065967855,0.0016957566,0.006511677,-0.008354409,-7.3221984,-1.1747919,-0.00093202747,0.05997128,0.0038419412,0.026292617,0.052699346,0.0,-0.013205896,0.00010529556,0.00021370429,0
1732,0.0,-0.0011220376,-0.00034264242,-0.00042722706,-0.00023700944,0.0,0.031872,-0.13989285,-0.0011617492,0.0,0.0,-0.004044593,0.0,6.8798495e-06,0.0006054541,0.0070410254,0.00525405,0.034162827,-0.022212094,7.327141,0.2565145,-0.0019795175,0.10655698,0.008131177,0.041646123,0.08194512,0.0,-0.029178679,0.00010529556,0.99954337,1
5010,0.0,-0.0038203371,-0.0005473218,-0.0002815292,-0.0010322913,0.0,0.018472144,-0.13101281,-0.0019043724,0.0,0.0,0.0014148275,0.0,2.9283974e-05,-0.0011662955,-0.0071901716,0.001399921,-0.0586098,-0.01089195,-7.3221984,-0.020748924,0.042104717,-0.08508139,-0.04049258,0.019217625,-0.40799293,0.0,-0.04721622,7.429773e-05,0.00031377614,0
5055,0.0,0.0017458147,-0.00013543067,-0.0023440153,0.00015108708,0.0,0.028684782,-0.10583141,-0.002257219,0.0,0.0,0.005140802,0.0,5.1797448e-05,-0.0033583867,-0.032614186,-0.0034826116,-0.074493475,-0.014662158,-7.3221984,0.08429341,-0.0024814894,-0.092333645,-0.043155767,-0.1517687,0.052080583,0.0,0.09685274,7.3399715e-05,0.00050468097,0
5599,0.0,0.0012518694,-3.9255545e-05,0.00018265776,0.00015108708,0.0,0.018363837,0.14426066,-0.0017191791,0.0,0.0,0.0055616572,0.0,5.1797448e-05,-0.0013552799,-0.004666099,0.004813495,0.01696947,0.0074565723,-7.3221984,0.3104629,-0.0018980918,0.098997995,0.026617639,0.05779775,0.09509187,0.0,0.048319876,0.00010529556,0.0014945164,0
2033,0.0,-0.0003571691,-0.0009935034,-0.0002815292,0.00065805775,0.0,0.0100662755,-0.07300538,0.005006114,0.0,0.0,-0.0017611181,0.0,-0.00010330361,-0.0011662955,-0.00404759,-0.0030058692,-0.018342802,-0.009557201,-7.3221984,-1.0202829,-0.0053345533,-0.04830114,0.0029583669,0.016395226,-0.2642829,0.0,-0.017694635,7.429773e-05,0.0001561398,0
4255,0.0,-0.00828107,-0.00029581273,-0.0016200942,9.9453115e-05,0.0,-0.16574445,-0.08043848,-0.0014869289,0.0,0.0,-0.002963013,0.0,2.9388248e-05,0.00275249,-0.0026477901,0.0015569988,0.010132537,-0.0072118915,-7.3221984,-1.1278867,0.005795694,0.028779848,0.0034113417,-0.091356464,0.026629075,0.0,0.025402175,0.00028831692,0.00016386593,0
2071,0.0,-0.0036140254,0.0002014218,0.0003450843,-0.00023700944,0.0,0.01852414,-0.034798943,-0.00093164144,0.0,0.0,-0.002729918,0.0,-6.7109086e-06,0.0006054541,0.005397755,0.0035715234,0.012437364,-0.0057320083,-7.3221984,-1.2306592,-0.00094999344,0.06253012,0.0056554424,0.030424654,0.04982258,0.0,-0.011798661,-0.00013829004,0.00021745007,0
18,0.0,0.04211595,6.276641e-06,0.004745823,-0.00015601149,0.0,-0.121344194,0.053077426,-0.0014016924,0.0,0.0,0.0014633569,0.0,2.9388248e-05,0.0004863352,0.0020747394,-0.0102176275,0.005086912,0.003899382,7.327141,1.0994428,-0.00084468484,0.05497313,0.007589142,0.038210962,0.052790437,0.0,0.018583696,0.0006000288,0.99981016,1
2206,0.0,-0.00079777424,-0.0009374899,0.00031748385,0.009975003,0.0,0.027003024,-0.065487266,-0.0007655359,0.0,0.0,-0.0017611181,0.0,-1.7066921e-05,0.0008375187,0.004118504,-0.0033986517,0.05069905,0.02995643,-7.3221984,-1.0802981,-0.003155914,0.03477802,0.0030136148,0.014321732,-0.24880569,0.0,-0.012419972,7.429773e-05,0.0001889208,0
5446,0.0,-0.0038461576,-0.00070361467,-0.0013725678,0.0002976792,0.0,-0.06368522,-0.012490634,0.007634283,0.0,0.0,0.0009917197,0.0,-0.00010330361,-0.0006071989,-0.00264369,0.0018079911,-0.005734734,0.0037242468,-7.3221984,-1.081012,-0.0050008306,-0.033908993,0.0044645015,0.015515798,-0.23969096,0.0,-0.01792785,0.000294285,0.00015604022,0
6713,0.0,-0.00407393,-0.0001267137,-0.0015807144,-0.00015601149,0.0,-0.17059562,-0.13207614,-0.0052029784,0.0,0.0,0.0015146076,0.0,9.184287e-06,-0.0014381174,-0.014882342,-0.0059621637,-0.0924131,-0.00739885,-7.3221984,0.0028788932,-0.0025939604,-0.094401225,-0.038341522,-0.18819337,0.042670928,0.0,-0.0543376,-0.00037866138,0.0003039571,0
4231,0.0,-0.00043622233,-0.00118233,-0.0002575744,-0.0010322913,0.0,0.011795657,-0.073532306,-0.0016516638,0.0,0.0,-0.0017611181,0.0,-2.8564878e-05,0.0004687383,0.004820694,0.0013515862,-0.010050958,-0.008143616,-7.3221984,-1.0325075,-0.007833622,-0.049778327,0.0029442774,0.011671898,-0.26289573,0.0,-0.0152227655,-9.7579e-05,0.0001561398,0
3934,0.0,-0.0015679173,-0.00016073283,-0.00047769997,-0.00023700944,0.0,0.01891707,-0.10054471,-0.0009888569,0.0,0.0,0.00080086174,0.0,9.184287e-06,0.0022147645,-0.0066052633,0.0016957566,0.003091841,-0.008738032,-7.3221984,-1.1742853,-0.001088157,0.060478084,0.0038419412,0.041537076,0.056312706,0.0,-0.013772006,0.00010529556,0.00021370429,0
129,0.0,-0.0012121213,-2.7742506e-05,0.00012584063,0.00015108708,0.0,0.022647852,0.16933508,-0.00088555715,0.0,0.0,0.0055616572,0.0,-2.8666589e-05,0.0006054541,0.0049891383,0.005451671,0.022702156,0.0077446224,7.327141,0.34012705,-0.0017645562,0.078254886,0.02823826,0.04756705,0.09480095,0.0,0.042231128,0.00027148917,0.9997212,1
5852,0.0,-0.0043838387,-0.0007061977,0.001537911,-0.00046696758,0.0,-0.0764557,0.0687767,-0.002398963,0.0,0.0,0.0016340169,0.0,2.9283974e-05,-0.00060719904,-0.0030498132,-0.004412354,-0.06952434,-0.01051555,-7.3221984,-0.034679126,-0.019908013,-0.06365837,-0.112924576,0.019966133,-0.43091238,0.0,-0.038941357,-0.00038649963,0.000299461,0
778,0.0,-0.0006767096,0.0046521868,0.0006159056,0.00015108708,0.0,0.0148631735,0.036010157,0.010092964,0.0,0.0,0.0010239165,0.0,1.9343477e-05,-0.001508811,0.0052659498,0.002236116,-0.015714807,0.0027439832,7.327141,1.1643153,-0.0014722568,-0.10004909,0.009749313,0.021831648,0.045882255,0.0,-0.014439862,-0.00013829004,0.9997973,1
2592,0.0,-0.0005411399,-0.0009960865,-0.0002815292,-0.0010322913,0.0,0.011203237,-0.07217298,-0.0016516638,0.0,0.0,-0.0017611181,0.0,-2.8564878e-05,0.00040250568,-0.004565781,-0.0030058692,-0.014210887,-0.007597665,-7.3221984,-1.0254354,-0.0053345533,-0.0500574,0.0029203391,0.015387345,-0.2588701,0.0,-0.015804138,7.429773e-05,0.0001561398,0
797,0.0,-0.0013725894,-0.00016073283,-0.00042722706,-0.00023700944,0.0,0.031353395,-0.120590545,-0.0011930516,0.0,0.0,-0.004044593,0.0,9.184287e-06,-0.0019003834,0.006699815,-0.016476713,0.015807694,-0.007120196,7.327141,0.23111776,-0.0019346968,0.109256335,0.00793406,0.04343328,0.09329121,0.0,-0.028180813,0.00010529556,0.9995352,1
1827,0.0,-0.0045277686,0.00020267903,0.00012584063,0.00015108708,0.0,0.022822587,0.16921097,-0.00091859757,0.0,0.0,-0.01374721,0.0,2.9388248e-05,0.0006054541,0.0045047384,0.005451671,0.031824972,0.008529986,7.327141,0.3087116,-0.0019334881,0.078254886,0.027651198,0.050226085,0.084089376,0.0,0.036810704,0.00027148917,0.9997044,1
725,0.0,-0.0016451621,-0.00016073283,-0.00047769997,0.00015108708,0.0,0.018430747,-0.01746603,-0.00096634147,0.0,0.0,-0.002729918,0.0,9.184287e-06,-0.0013552798,-0.005705462,0.0035715234,0.0020551658,0.0044385036,7.327141,1.1344323,-0.001258146,0.059705988,0.0057348674,0.041398328,0.05715671,0.0,-0.013120492,0.00010529556,0.999816,1
5046,0.0,-0.0015339924,-0.00015809629,-0.0005896536,0.00015108708,0.0,0.018916393,-0.06491129,-0.0017000374,0.0,0.0,0.0013982162,0.0,5.1797448e-05,-0.0013552798,-0.0051715905,-0.011927653,0.0019543967,-0.005961049,-7.3221984,-1.2264103,-0.0013005907,0.06029468,0.003848785,0.038269315,0.05347798,0.0,0.021472728,0.00010529556,0.00021335878,0
1260,0.0,-0.0009751117,-0.00016073283,-0.00089687004,0.00015108708,0.0,0.015741646,-0.057920784,-0.00066718075,0.0,0.0,0.00080086174,0.0,9.184287e-06,-0.0027083745,-0.03715281,0.0034327656,0.0015844703,-0.0068091257,7.327141,1.2036028,-0.001088157,0.04554098,0.0036100368,-0.1673995,0.03832544,0.0,-0.01725891,7.3399715e-05,0.9997608,1
3112,0.0,0.00083245325,-0.00053401245,0.00017050037,-0.0010322913,0.0,0.010335709,-0.051533956,-0.0017001778,0.0,0.0,0.0006874662,0.0,2.9283974e-05,-0.00068783644,-0.00404759,-0.0035574257,-0.039747167,0.0018518418,-7.3221984,-1.0110245,-0.008283399,-0.053252824,-0.019110493,0.015810385,-0.24688676,0.0,-0.015136568,-9.7579e-05,0.0001571492,0
6094,0.0,-0.004233453,-0.00062298396,-0.0013725678,-0.00046696758,0.0,-0.06775142,-0.065252036,-0.0022504567,0.0,0.0,0.0006874662,0.0,2.9283974e-05,-0.001085658,-0.003177539,0.0011986545,-0.021155784,-0.006751441,-7.3221984,-1.008941,0.008312358,-0.035371035,-0.018632237,0.015077618,-0.2123155,0.0,-0.01598076,-0.00038649963,0.00015503795,0
5097,0.0,-0.004360687,-0.0001267137,-0.0015807144,-0.00015601149,0.0,-0.0857303,-0.04173164,-0.0018921229,0.0,0.0,0.000719663,0.0,9.184287e-06,-0.0014381174,-0.009594399,-0.0047043553,-0.03720585,0.0023983968,-7.3221984,-1.0516287,-0.0016675864,-0.049511705,-0.021007262,-0.10761488,0.02742241,0.0,-0.017332185,-0.00037866138,0.00016029159,0
1767,0.0,0.00073897524,-0.00037118097,0.00017050037,-0.0010322913,0.0,0.017175075,-0.072370335,-0.0007655359,0.0,0.0,-0.0017611181,0.0,-1.7066921e-05,0.00077128614,-0.0037100548,0.0012288322,0.018173158,-0.0031980637,7.327141,1.306211,-0.008193985,0.03589095,0.0030082765,0.019028675,-0.2936987,0.0,-0.012753138,-9.7579e-05,0.9997571,1
162,0.0,-0.0017311479,-0.00016073283,-0.0003047709,-0.00023700944,0.0,0.017021626,0.09311927,-0.0005767761,0.0,0.0,0.0010239165,0.0,9.184287e-06,-0.0013552799,-0.005705462,0.003769144,0.0025073236,0.004268433,7.327141,1.0953482,-0.0014282631,0.053335395,0.010688595,0.049011756,0.06472822,0.0,-0.012196876,0.00027148917,0.9998317,1
3886,0.0,-0.0013315498,-0.00034264242,-0.00042722706,-0.00023700944,0.0,0.020532494,-0.09297135,-0.0009575545,0.0,0.0,-0.0018601599,0.0,6.8798495e-06,0.0023621889,0.0065967855,-0.004857741,0.01643312,-0.0072824513,-7.3221984,-1.1767625,-0.000790666,0.059712183,0.003671522,0.026234282,0.044813324,0.0,-0.012108177,0.00010529556,0.00021370429,0
1268,0.0,-0.0012444912,-0.00015809629,-0.0005896536,-0.00023700944,0.0,0.018868914,-0.07361612,-0.0017000374,0.0,0.0,0.0013982162,0.0,5.1797448e-05,-0.0013552798,-0.0052591464,0.0035715234,0.0021484764,-0.005822687,7.327141,1.1441759,-0.0010701914,0.06257795,0.0038870526,0.038591474,0.05483387,0.0,0.02265334,0.00010529556,0.9998122,1
6343,0.0,-0.0009130769,-0.00016073283,-0.0003047709,0.00015108708,0.0,0.01015019,0.11231483,-0.001149266,0.0,0.0,0.0010239165,0.0,9.184287e-06,-0.00096370745,-0.005838116,0.006896274,0.0038014082,0.008772144,-7.3221984,-1.2312508,-0.0014722568,-0.07223432,0.008260085,0.041621085,0.057263013,0.0,-0.013968582,0.00027148917,0.00022281136,0
555,0.0,-0.0013359768,-0.00015809629,0.00018265776,0.00015108708,0.0,0.026517559,-0.00759484,-0.0018229764,0.0,0.0,0.0055616572,0.0,5.1797448e-05,0.00045802974,-0.0055209463,-0.016476713,0.012087284,-0.007140978,7.327141,0.29571867,-0.0018072063,0.082747586,0.020330548,0.050650116,0.0870094,0.0,0.051293187,0.00010529556,0.9996327,1
1357,0.0,-0.0010466432,-0.00015809629,0.00012584063,0.00015108708,0.0,0.009447497,0.101522125,-0.0017647976,0.0,0.0,0.0014633569,0.0,-5.0525516e-05,0.0004571294,0.005066966,0.006896274,0.0002842392,0.0032917606,7.327141,1.101816,-0.0010298565,-0.077769786,0.008527278,0.029947883,0.054354917,0.0,0.021266047,0.00027148917,0.9998124,1
6925,0.0,-0.0030247874,-3.9255545e-05,0.00018265776,-0.00023700944,0.0,0.017348602,-0.033528406,-0.001581873,0.0,0.0,0.0014633569,0.0,-5.0525516e-05,0.00045802974,-0.004307684,0.0035715234,0.0047349725,-0.0058354177,-7.3221984,-1.2579414,-0.0012589123,0.060233567,0.006014582,0.034819152,0.054908637,0.0,0.021884253,0.00010529556,0.00021745007,0
5313,0.0,-0.0041395575,-0.00062040094,-0.0013725678,-0.00046696758,0.0,-0.06478365,-0.070609845,0.008969402,0.0,0.0,-0.0029228176,0.0,0.00010590417,-0.001085658,-0.003177539,-0.0026730609,-0.016411077,-0.0063228514,-7.3221984,-1.0454682,0.019118791,-0.032708313,0.002767288,0.015697472,-0.21616833,0.0,-0.018464291,0.000294285,0.00015503795,0
3722,0.0,-0.004283442,-0.0001267137,-0.0015807144,-0.00015601149,0.0,-0.08529183,-0.059372235,-0.0018921229,0.0,0.0,0.000719663,0.0,9.184287e-06,-0.0014381174,-0.011963488,0.0017747739,-0.03806556,0.0013444156,-7.3221984,-1.039626,-0.0016675864,-0.053472295,-0.02123075,-0.113180816,0.027066207,0.0,-0.019017536,0.00028831692,0.00015805553,0
1405,0.0,-0.0014087947,-4.1892097e-05,0.0005048162,0.00015108708,0.0,0.018044092,-0.03242313,-0.00096634147,0.0,0.0,0.0010239165,0.0,9.184287e-06,-0.0019003834,0.0054857186,0.0035715234,0.003916882,-0.006424019,7.327141,1.130723,-0.0012768778,0.062315688,0.0058859093,0.029570965,0.05773026,0.0,-0.012785824,0.00010529556,0.9998122,1
6417,0.0,-0.0037010836,-0.0005199542,-0.0013559901,0.0002976792,0.0,-0.068372265,-0.073254794,-0.0022019427,0.0,0.0,-0.0017611181,0.0,-2.8564878e-05,0.00041826992,0.0037240684,-0.0030058692,-0.0048849597,-0.0064751506,-7.3221984,-1.01436,-0.004162621,-0.03539965,0.0027292601,0.013116387,-0.22626674,0.0,-0.015271129,0.000294285,0.00015503795,0
71,0.0,-0.0038011281,-2.8999733e-05,0.0003450843,0.00015108708,0.0,0.027651545,-0.025515815,-0.0010804936,0.0,0.0,0.003068859,0.0,6.8798495e-06,0.0006054541,0.005618233,-0.016476713,0.018477587,-0.007390105,7.327141,0.24451849,-0.0018703141,0.09600776,0.019544484,0.044103373,0.08723058,0.0,-0.0353117,-0.00013829004,0.9995796,1
1774,0.0,0.001955096,-4.1892097e-05,0.0001114531,0.00015108708,0.0,0.01263346,0.09155882,-0.0005767761,0.0,0.0,0.0010239165,0.0,9.184287e-06,-0.0013552799,-0.005201931,-0.010868515,0.0022336366,0.004322494,7.327141,1.0985216,-0.0014637945,0.054768555,0.008275417,0.049612097,0.0636196,0.0,-0.012097346,-0.00035656057,0.9998292,1
365,0.0,-0.00087687164,-0.00016073283,-0.0003047709,-0.00023700944,0.0,0.014394304,0.21452348,-0.0012216184,0.0,0.0,0.003068859,0.0,9.184287e-06,-0.00096370745,-0.0062759076,0.008578801,-0.0018687681,0.023200156,7.327141,0.24266282,-0.002393867,-0.11358083,0.017402511,0.053579837,0.09003421,0.0,-0.042421803,0.00027148917,0.9995968,1
1424,0.0,-0.0006767096,-4.1892097e-05,0.0003450843,0.00015108708,0.0,0.014019064,0.028060557,-0.0036098477,0.0,0.0,0.0010239165,0.0,9.184287e-06,0.0004571294,0.0061944965,0.0025206394,-0.0040128096,0.002806362,7.327141,1.1408288,-0.0014722568,-0.11176038,0.008678479,0.018421998,0.049172442,0.0,-0.014574682,0.00010529556,0.99978715,1
4878,0.0,-0.0024213265,-0.00016073283,-0.00047769997,-0.00023700944,0.0,0.014078733,0.015534863,-0.0036098477,0.0,0.0,0.0007913144,0.0,9.184287e-06,-0.00096370745,-0.005838116,0.002048474,-0.025846183,-0.0074163047,-7.3221984,-1.140644,-0.0006644827,-0.104190275,-0.057024524,0.031875182,0.046025988,0.0,-0.0140460655,-0.00013829004,0.00018693595,0
2030,0.0,-0.0028638798,-3.9255545e-05,-0.0023440153,-0.00023700944,0.0,0.013372089,-0.04675659,-0.0020530242,0.0,0.0,0.0013170175,0.0,5.1797448e-05,-0.0023168023,-0.02387261,-0.0047043553,-0.044802547,0.0011114585,-7.3221984,-1.1226336,-0.0011010068,-0.061629657,-0.022000592,-0.110064834,0.030499546,0.0,0.039048996,7.3399715e-05,0.00016769624,0
367,0.0,-0.00103465,-0.00014658325,-0.00046331246,-0.00023700944,0.0,0.019946652,-0.07275668,-0.001258326,0.0,0.0,-0.002847748,0.0,2.9388248e-05,-0.0019003834,0.004736291,0.0035715234,0.006799313,-0.009700647,7.327141,1.1528193,-0.0012818589,0.06131411,0.00391375,0.028285552,0.052464657,0.0,0.019452514,0.00010529556,0.9998122,1
1681,0.0,-0.0012121213,-0.00014658325,-0.00046331246,0.00015108708,0.0,0.025716195,0.14078553,-0.0012774676,0.0,0.0,0.0055616572,0.0,2.9388248e-05,0.0006054541,0.0049891383,0.004813495,0.023234526,0.007477847,7.327141,0.33640194,-0.0021889913,0.09802144,0.028518133,0.044913642,0.09298111,0.0,0.041988313,0.00010529556,0.9997168,1
5759,0.0,-0.0050380593,0.0058825677,0.0014920634,0.0002976792,0.0,-0.076722234,-0.07393477,-0.0022019427,0.0,0.0,0.00076866493,0.0,-2.8564878e-05,0.00041826992,0.0035730272,-0.0030058692,-0.0048916615,-0.007717364,-7.3221984,-1.0120927,-0.004102358,-0.03539965,0.0027819872,0.013671742,-0.22914885,0.0,-0.01533819,0.000294285,0.00015503795,0
4825,0.0,-0.00062086206,-0.00016073283,-0.00089687004,-0.00023700944,0.0,0.014263441,-0.06995642,-0.0013418437,0.0,0.0,0.00080086174,0.0,9.184287e-06,-0.0023168023,-0.037597906,-0.00568658,-0.001374865,-0.010721858,-7.3221984,-1.1076189,-0.0012277595,-0.05937842,0.0034165205,-0.1247313,0.032986123,0.0,-0.019209497,-9.63996e-05,0.00016278126,0
3555,0.0,-0.00080686726,-0.0005473218,-0.0002575744,0.00065805775,0.0,0.014287056,-0.07407714,-0.0016516638,0.0,0.0,-0.0029228176,0.0,-2.8564878e-05,0.0004687383,0.004904179,-0.0030058692,-0.009734296,-0.009330617,-7.3221984,-1.0617615,0.03748295,-0.048234034,0.0029203391,0.011128142,-0.23345515,0.0,-0.015162438,7.429773e-05,0.00016321239,0
3121,0.0,-0.0012883235,-4.1892097e-05,-0.0004520395,-0.00023700944,0.0,0.01317024,-0.06117232,-0.0013418437,0.0,0.0,0.000719663,0.0,9.184287e-06,-0.0023168023,-0.031775184,0.0017747739,-0.03759702,0.00089055416,-7.3221984,-1.0785228,0.0014947886,-0.06693825,-0.020713694,-0.12780128,0.029941227,0.0,-0.018614262,-9.63996e-05,0.00016128892,0
2058,0.0,-0.013109638,-2.7742506e-05,-0.00016220505,0.00015108708,0.0,0.020413576,-0.055003684,-0.0009366498,0.0,0.0,-0.002847748,0.0,2.9388248e-05,-0.00900827,0.014742308,0.0034327656,0.008783968,-0.013456358,-7.3221984,-1.1809114,-0.0012818589,0.041975353,0.0036818462,-0.12388218,0.039608393,0.0,0.024553401,7.3399715e-05,0.00018883923,0
6590,0.0,-0.00061104714,-0.0006105983,-0.00032881938,0.00065805775,0.0,0.0130281085,-0.07206851,0.025774688,0.0,0.0,0.0018878803,0.0,-0.0032430915,0.00040250568,-0.00405906,-0.0030058692,-0.0074478686,-0.008195414,-7.3221984,-1.1083406,0.025963215,-0.045747794,0.0030562053,0.014798739,-0.20970577,0.0,0.06741742,7.429773e-05,0.00017658241,0
5948,0.0,-0.0014087947,-2.8999733e-05,0.0003450843,-0.00023700944,0.0,0.018515218,-0.0339517,-0.00093503913,0.0,0.0,0.0010239165,0.0,6.8798495e-06,0.0006054541,0.005882155,0.0035715234,0.0074483003,-0.0059971297,-7.3221984,-1.2331688,-0.0010464784,0.06253012,0.0058064843,0.0277807,0.053723633,0.0,-0.012651539,0.00010529556,0.00021745007,0
6493,0.0,-0.0011261356,-0.00014658325,0.00057982025,-0.00023700944,0.0,0.0313715,-0.09293789,-0.0014625206,0.0,0.0,0.0053891977,0.0,2.9388248e-05,0.0006054541,0.0044018026,0.00525405,0.018651577,-0.006909942,-7.3221984,0.2718043,-0.0019415134,0.09405799,0.011587206,0.038432878,0.08769738,0.0,0.05015739,0.00010529556,0.0010950378,0
1216,0.0,-0.0015339924,-0.00015809629,0.001649451,-0.00023700944,0.0,0.01865403,-0.020768534,-0.001677522,0.0,0.0,0.0014633569,0.0,5.1797448e-05,0.00045802974,-0.0042025787,-0.011927653,0.004631728,-0.005929782,7.327141,1.1064503,-0.0010285128,0.057553787,0.0058174646,0.030931192,0.053907454,0.0,0.022651142,0.00010529556,0.99981123,1
6047,0.0,-0.00062086206,-0.00016073283,-0.00089687004,-0.00023700944,0.0,0.014345397,-0.066794306,-0.0013354113,0.0,0.0,0.00080086174,0.0,-8.958757e-06,0.0006756522,-0.041658167,-0.00568658,-0.0037315427,-0.010642433,-7.3221984,-1.1076189,-0.001458159,-0.060494136,0.0033297692,-0.12342229,0.03304643,0.0,-0.019203065,7.3399715e-05,0.00016278126,0
684,0.0,-0.0014101369,-0.00014658325,-0.00046331246,0.00015108708,0.0,0.02105477,0.067458056,-0.0012051151,0.0,0.0,0.0014633569,0.0,2.9388248e-05,0.0006054541,0.0047686608,0.0031309682,0.0069476487,0.0039647566,7.327141,1.0761095,-0.0014102977,0.07059762,0.010817267,0.03224845,0.05859788,0.0,0.017991722,0.00010529556,0.9998317,1
4106,0.0,-0.009674942,-0.0001267137,-0.004627045,9.9453115e-05,0.0,-0.11953616,0.06959822,-0.0043618437,0.0,0.0,0.0017337969,0.0,9.184287e-06,-0.0008189188,-0.0039013466,-0.0055193817,-0.08034628,-0.018056838,-7.3221984,0.106002286,-0.0014093834,-0.09163671,-0.1448977,0.043895263,0.06500521,0.0,-0.042424258,-0.00078804843,0.0005138749,0
2002,0.0,-0.006117516,-3.9255545e-05,0.00018265776,-0.00023700944,0.0,0.021167414,-0.1383521,-0.0045784335,0.0,0.0,0.005140802,0.0,5.1797448e-05,-0.00096370745,-0.008119567,-0.00649245,-0.07782419,-0.005741987,-7.3221984,0.13891488,-0.0028410973,-0.1481689,-0.061311886,0.037519537,0.06774889,0.0,0.06692999,0.00010529556,0.0005786336,0
297,0.0,-0.00039405053,-0.0001529242,-0.00029038332,0.00015108708,0.0,0.01425646,0.19855787,0.005727291,0.0,0.0,0.0055616572,0.0,0.00020286001,-0.001508811,0.005952683,0.007076967,-0.034117036,0.02326176,7.327141,0.2660278,-0.0019063241,-0.10016283,0.0179087,0.042936984,0.081278004,0.0,0.059786245,0.00027148917,0.9996325,1
3925,0.0,-0.0007807797,-0.004525856,-0.0002776715,-0.0010322913,0.0,0.03377428,-0.09307043,-0.0028074798,0.0,0.0,-0.0062674247,0.0,-0.00012937235,0.00035563557,0.00418497,-0.010462172,0.11742669,0.0008991626,-7.3221984,0.15235877,-0.012882009,0.05577106,0.0060729645,0.018030792,-0.4555446,0.0,0.051790863,7.429773e-05,0.00056491187,0
5367,0.0,-0.00079777424,-0.0005061538,-0.0002575744,-0.0026736944,0.0,0.015406177,-0.071241744,-0.0007655359,0.0,0.0,-0.0017611181,0.0,-1.7066921e-05,0.0008375187,0.004149261,0.0012288322,0.0378742,-0.050497495,-7.3221984,-1.07874,-0.0029320368,0.03490247,0.003064663,0.014355783,-0.29599097,0.0,-0.012389215,7.429773e-05,0.0001603613,0
383,0.0,-0.0009806766,-0.00015809629,-0.00041672445,0.00015108708,0.0,0.009887391,0.10764801,-0.0018604465,0.0,0.0,0.0012307549,0.0,5.1797448e-05,-0.00096370745,-0.005172291,-0.008724368,-0.019871347,0.021551317,7.327141,1.1489471,0.0014850297,-0.0720589,-0.030308811,0.03686557,0.051908486,0.0,0.022196898,0.00027148917,0.9998122,1
2914,0.0,-0.0010755558,-0.00011636381,-0.00046331246,-0.00023700944,0.0,0.020255486,-0.0978001,-0.001258326,0.0,0.0,-0.002847748,0.0,2.9388248e-05,0.0023621889,0.0053730323,0.0016957566,0.0068139327,-0.007942174,-7.3221984,-1.2019633,0.002188411,0.057502806,0.0038343256,0.024823608,0.049495637,0.0,0.019763203,0.00010529556,0.00021370429,0
1999,0.0,-0.002621563,-0.00016073283,-0.0004520395,0.00015108708,0.0,0.013926094,-0.05781307,-0.0006607482,0.0,0.0,0.00080086174,0.0,-8.958757e-06,-0.0027083745,-0.030782694,0.0034327656,0.005319649,-0.010779759,-7.3221984,-1.157704,-0.0011236883,0.04508251,0.0036100368,-0.16985257,0.038136125,0.0,-0.019920997,7.3399715e-05,0.00017072262,0
6193,0.0,-0.0022923423,-0.00016073283,-0.0008217478,0.00015108708,0.0,0.012434252,0.06309551,-0.0007064554,0.0,0.0,0.0007913144,0.0,9.184287e-06,-0.0023168023,-0.03478442,-0.0047871917,-0.025360135,0.0025284332,-7.3221984,-1.1306614,-0.0028329066,-0.047079373,-0.05506502,-0.15705177,0.034666054,0.0,-0.016510768,-0.00019121855,0.00016685996,0
3397,0.0,-0.00043622233,-0.0007543106,0.00031748385,0.00065805775,0.0,0.011590879,-0.0735167,-0.0017001778,0.0,0.0,-0.0017611181,0.0,2.9283974e-05,0.0004687383,0.004873422,0.0013515862,-0.012130223,-0.010521899,-7.3221984,-1.032327,-0.0053345533,-0.049509767,0.0029442774,0.011216088,-0.26354107,0.0,-0.0153504,7.429773e-05,0.0001561398,0
193,0.0,-0.0008019072,-0.00015809629,-5.00484e-07,0.00015108708,0.0,0.009919269,0.100866936,-0.0018604465,0.0,0.0,0.0014633569,0.0,5.1797448e-05,-0.00096370745,-0.005172291,-0.0102440445,0.003630915,0.0040912437,7.327141,1.1123021,-0.0010298565,-0.07330102,0.009447575,0.036953352,0.053086374,0.0,0.022569688,0.00027148917,0.99981207,1
6546,0.0,0.0017478764,-0.00014658325,-0.0006070356,0.00015108708,0.0,0.023181945,0.05694184,-0.0008834391,0.0,0.0,0.0014633569,0.0,2.9388248e-05,0.002527796,0.023547389,0.0029922104,0.008594228,-0.00019333558,-7.3221984,-1.2599362,-0.0009858627,0.043041646,0.0103054885,-0.12782004,0.045381315,0.0,0.02411347,7.3399715e-05,0.0002080086,0
282,0.0,-0.0014947804,-0.00014784047,-0.00042722706,0.00015108708,0.0,0.02105477,0.0698211,-0.0009043438,0.0,0.0,0.0010239165,0.0,6.8798495e-06,0.0006054541,0.005882155,0.0031309682,0.0069522113,0.0035438659,7.327141,1.0982561,-0.0014282631,0.07315366,0.010688595,0.033607196,0.059676178,0.0,-0.0118506495,0.00010529556,0.9998317,1
6057,0.0,-0.0006981069,-0.00016073283,-0.00089687004,-0.00023700944,0.0,0.014263441,-0.06227167,-0.0013354113,0.0,0.0,0.00080086174,0.0,-8.958757e-06,-0.0023168023,-0.037597906,0.0021125483,-0.0011819405,-0.010721858,-7.3221984,-1.1183826,-0.0012277595,-0.06431973,0.0034592412,-0.12556295,0.033296507,0.0,-0.018614106,-9.63996e-05,0.00016278126,0
5245,0.0,-0.0015339924,-0.00015809629,-0.0005896536,0.00015108708,0.0,0.018916393,-0.06609072,-0.0017000374,0.0,0.0,-0.002847748,0.0,5.1797448e-05,-0.0013552798,-0.0052591464,0.0035715234,0.0031520608,-0.005961049,-7.3221984,-1.2215048,-0.0012818589,0.06288706,0.00391375,0.038591474,0.054525487,0.0,0.020335855,0.00010529556,0.00021745007,0
4312,0.0,-0.004161148,-2.7742506e-05,0.0003089989,0.00015108708,0.0,0.025630694,-0.15363988,-0.0014625206,0.0,0.0,0.0053891977,0.0,2.9388248e-05,0.0006054541,0.0049389536,-0.016476713,0.017547539,-0.022317909,-7.3221984,0.21668968,-0.002075049,0.09064365,0.008005063,0.041719984,0.085201606,0.0,0.047833897,0.00010529556,0.000923335,0
2897,0.0,-0.0015339924,-0.00015809629,-0.0005896536,-0.00023700944,0.0,0.018788323,-0.05471539,-0.0016043885,0.0,0.0,0.0013982162,0.0,-5.0525516e-05,-0.0013552798,-0.004459897,0.0035715234,0.004983097,-0.005850357,-7.3221984,-1.2375673,-0.0013005907,0.061713785,0.004489289,0.034600016,0.055109017,0.0,0.022583371,0.00010529556,0.00021745007,0
2835,0.0,-0.0008270911,-0.00016073283,0.0017614046,-0.00023700944,0.0,0.014949938,-0.08088916,-0.0036630584,0.0,0.0,0.00080086174,0.0,9.184287e-06,0.0003097051,-0.006226274,0.0026324778,-0.003052157,-0.009969316,-7.3221984,-1.1426164,-0.001458159,-0.09849544,0.0036043944,0.028068934,0.046075758,0.0,-0.014738923,0.00010529556,0.00018494637,0
5716,0.0,-0.0002869566,-0.0002755953,0.001352457,0.0002976792,0.0,-0.05538414,-0.07287373,0.008969402,0.0,0.0,-0.0017611181,0.0,0.00010590417,-0.001085658,-0.0030525045,-0.0030058692,-0.010440372,-0.007015488,-7.3221984,-1.0137138,-0.0043388885,-0.038078126,0.002767288,0.016516015,-0.24125218,0.0,-0.018180525,0.000294285,0.00015503795,0
5315,0.0,-0.0010102086,-0.00016073283,-0.00047769997,-0.00023700944,0.0,0.021506181,-0.037360072,-0.0037859974,0.0,0.0,0.0017337969,0.0,9.184287e-06,-0.00096370745,-0.0062759076,-0.00649245,-0.08623011,-0.009421181,-7.3221984,0.105009325,-0.0019032949,-0.13856137,-0.12831005,0.04030888,0.070289545,0.0,-0.04437641,0.00010529556,0.0005217293,0
6615,0.0,0.002117741,-0.00016073283,-0.00038804274,0.00015108708,0.0,0.022261232,-0.076535456,-0.0013354113,0.0,0.0,0.00080086174,0.0,-8.958757e-06,0.0027740155,0.040768653,-0.003484211,-0.00029948913,-0.015638568,-7.3221984,-1.1063784,-0.00107163,-0.056311797,0.0032818117,-0.06903447,0.04205048,0.0,-0.016692957,-9.63996e-05,0.0001907275,0
145,0.0,-0.0014219625,-3.9255545e-05,-5.00484e-07,-0.00023700944,0.0,0.02131909,0.16005269,-0.0017191791,0.0,0.0,0.0055616572,0.0,5.1797448e-05,0.00045802974,-0.0049412074,0.004813495,0.020864127,0.00794916,7.327141,0.3399276,-0.0017645562,0.09132305,0.02823826,0.05460681,0.096539795,0.0,0.045033343,0.00027148917,0.9997212,1
2346,0.0,-0.00079075224,-0.00016073283,-0.00047769997,-0.00023700944,0.0,0.014679176,-0.10321144,-0.0036630584,0.0,0.0,0.00080086174,0.0,9.184287e-06,-0.0020052919,-0.006483593,-0.0040144976,-0.0013899577,-0.009440931,-7.3221984,-1.1237482,0.0012447796,-0.08858756,0.003648425,0.03146085,0.044123698,0.0,-0.015877489,0.00010529556,0.00018494637,0
2881,0.0,-0.0005411399,-0.0009960865,-0.0002815292,0.00065805775,0.0,0.011534601,-0.07192624,-0.0016516638,0.0,0.0,-0.0017611181,0.0,-2.8564878e-05,0.00040250568,-0.004565781,-0.0030058692,-0.012223402,-0.010703845,-7.3221984,-1.0281078,-0.0053345533,-0.0500574,0.0029203391,0.015387345,-0.25778562,0.0,-0.015366046,7.429773e-05,0.0001561398,0
460,0.0,-0.00028339928,0.00020267903,0.0003089989,-0.00023700944,0.0,0.014201114,-0.074862964,-0.001258326,0.0,0.0,-0.002847748,0.0,2.9388248e-05,0.0006054541,0.0045931013,0.0035715234,0.015327639,-0.008996002,7.327141,1.1546434,-0.0012142141,0.062218014,0.003678087,0.029507048,0.04451807,0.0,0.018000929,0.00010529556,0.9998122,1
4437,0.0,-0.0170396,-2.7742506e-05,-0.00016220505,0.00015108708,0.0,0.039315384,-0.17351025,-0.0011408445,0.0,0.0,0.0053891977,0.0,2.9388248e-05,0.004284531,0.022812678,0.0020049675,0.021842549,-0.013389586,-7.3221984,0.14551072,-0.0021048114,0.06271727,0.006761179,-0.17012729,0.065412536,0.0,0.060593598,7.3399715e-05,0.0006943508,0
6768,0.0,0.008753495,-7.509647e-06,0.0047521,9.9453115e-05,0.0,-0.110682525,-0.17979848,0.037690483,0.0,0.0,-0.004044593,0.0,1.9343477e-05,-0.0008189188,-0.0068020574,-0.006705407,-0.057184596,-0.007143017,-7.3221984,0.07454695,-0.0027663587,-0.12608887,0.006885801,0.053755935,0.06953926,0.0,-0.042503476,0.0006000288,0.00049072335,0
3442,0.0,0.002040496,-4.1892097e-05,5.678783e-05,-0.00023700944,0.0,0.020672647,-0.014363095,-0.0013193283,0.0,0.0,0.0010239165,0.0,9.184287e-06,-0.008616697,0.03377054,-0.00568658,-0.0013911051,-0.0138896145,-7.3221984,-1.1654655,-0.0013208715,-0.05641869,0.0052943127,-0.07571945,0.040893734,0.0,-0.01600955,-9.63996e-05,0.00018628295,0
2768,0.0,-0.004233453,-0.00062298396,-0.0013725678,0.0002976792,0.0,-0.07658665,-0.057466093,-0.0022504567,0.0,0.0,0.0014033257,0.0,2.9283974e-05,-0.001085658,-0.003177539,-0.002553733,-0.02253257,0.0018620888,-7.3221984,-1.0318898,0.037608307,-0.034414064,-0.018507008,0.014883925,-0.19106355,0.0,-0.01598076,0.000294285,0.00016025233,0
1307,0.0,-0.0049409643,0.0002014218,5.678783e-05,-0.00023700944,0.0,0.021620339,-0.08151816,-0.0006358784,0.0,0.0,-0.0018601599,0.0,6.8798495e-06,0.004284531,0.0267547,0.0015569988,0.013137297,-0.0032409513,7.327141,1.2168407,-0.00085162034,0.040764403,0.0033216465,-0.113536306,0.0382909,0.0,-0.0127005745,7.3399715e-05,0.9997894,1
6249,0.0,-0.0007908858,-0.00016036953,-0.00047769997,0.00015108708,0.0,0.020565879,-0.00077279564,0.01132429,0.0,0.0,-0.008761319,0.0,-1.8868479e-05,0.0003097051,-0.006627225,0.0043150047,0.0052680736,0.0044196104,-7.3221984,0.19411364,-0.0019421576,-0.12931713,0.018569507,0.043102186,0.078710176,0.0,-0.045475844,0.00010529556,0.0007884718,0
3851,0.0,0.0017225852,-0.00029901802,-0.00038804274,0.0008043356,0.0,0.025483614,-0.08144093,-0.0006324807,0.0,0.0,-0.0018601599,0.0,-6.7109086e-06,0.004284531,0.042874288,0.0015569988,0.012700657,-0.0009324844,-7.3221984,-1.1481174,0.0017244437,0.040465843,0.0035573097,-0.1052167,0.03479861,0.0,-0.013646316,7.3399715e-05,0.00020065221,0
3556,0.0,-0.0008019072,-0.00015809629,-0.00041672445,0.00015108708,0.0,0.01015019,0.1040763,-0.0018604465,0.0,0.0,0.0014633569,0.0,5.1797448e-05,-0.00096370745,-0.005172291,-0.0102440445,0.003630915,0.008218501,-7.3221984,-1.2587551,-0.0010298565,-0.07194247,0.007958347,0.03692758,0.05325679,0.0,0.022569688,0.00027148917,0.00021733338,0
3839,0.0,0.0018338622,-0.00014658325,-0.0006070356,0.00015108708,0.0,0.023009619,-0.04750216,-0.0009036094,0.0,0.0,-0.002847748,0.0,-2.8666589e-05,-0.00900827,0.020343807,0.0034327656,0.008896616,-0.009580089,-7.3221984,-1.1949314,-0.0010514597,0.04287482,0.0036024211,-0.112681635,0.041616,0.0,0.0242815,7.3399715e-05,0.00019537081,0
6780,0.0,0.0050839134,-5.7880156e-05,0.001352457,0.0002976792,0.0,-0.054231573,-0.019022252,-0.0020864115,0.0,0.0,0.0007591176,0.0,2.9283974e-05,-0.0006071989,-0.0025186557,-0.0035574257,-0.029124396,0.0016228443,-7.3221984,-1.0275843,-0.005717163,-0.043962162,-0.02782562,0.015939616,-0.22827326,0.0,-0.014808236,0.000294285,0.00015604022,0
462,0.0,0.0017927713,-3.9255545e-05,-5.00484e-07,0.00015108708,0.0,0.011673539,0.08802802,-0.0012879567,0.0,0.0,0.0014633569,0.0,5.1797448e-05,0.00045802974,-0.004887424,-0.010868515,0.0022572235,0.0039434815,7.327141,1.0767347,-0.001021394,0.05273007,0.0081242155,0.04624962,0.061146352,0.0,0.019863693,0.00027148917,0.9998292,1
3916,0.0,-0.00802581,-0.0001267137,-0.0045972364,-0.00015601149,0.0,-0.11131516,-0.015532579,-0.0040492923,0.0,0.0,0.0010239165,0.0,9.184287e-06,-0.0010683672,0.0035616807,0.0026324778,0.0015725009,0.0073573906,-7.3221984,-1.1667309,0.0015587759,-0.048972595,0.0049544387,0.02584146,0.039884955,0.0,-0.015396099,-0.00078804843,0.00018049913,0
4131,0.0,-0.0009130769,-0.00016073283,-0.0003047709,0.00015108708,0.0,0.011133289,0.1120655,-0.001149266,0.0,0.0,0.0010239165,0.0,9.184287e-06,-0.00096370745,-0.005838116,0.006896274,0.0038014082,0.008772144,-7.3221984,-1.2312508,-0.0014722568,-0.07223432,0.008260085,0.04156157,0.05721681,0.0,-0.013968582,-0.00035656057,0.00022281136,0
4425,0.0,0.008571515,-5.236405e-06,0.0046401466,-0.00015601149,0.0,-0.0766857,-0.1019478,-0.004924518,0.0,0.0,-0.002847748,0.0,5.1797448e-05,-0.0018605032,-0.0031038534,-0.0040144976,-0.0041098134,-0.009039581,-7.3221984,-1.1294116,-0.0010498845,-0.074928276,0.0030478907,0.028271189,0.039059963,0.0,0.024736451,0.0006000288,0.00017750227,0
2582,0.0,-0.0013241512,-0.00014658325,-0.00046331246,0.00015108708,0.0,0.01957899,-0.03438982,-0.0012358106,0.0,0.0,0.0014633569,0.0,2.9388248e-05,0.0006054541,0.0047686608,0.0035715234,0.0066307955,-0.00613432,-7.3221984,-1.2584654,-0.0010285128,0.06008252,0.0059351567,0.026355023,0.052455273,0.0,0.019374816,0.00010529556,0.00021745007,0
257,0.0,-0.0013359768,-0.00015809629,-0.0005896536,0.00015108708,0.0,0.030771237,-0.12611818,-0.0019042321,0.0,0.0,0.0053891977,0.0,5.1797448e-05,-0.0013552798,-0.0056953127,0.00525405,0.01296539,-0.0067059635,7.327141,0.21451202,-0.002430916,0.10150811,0.008437844,0.051256664,0.0870782,0.0,0.052795105,0.00010529556,0.999566,1
422,0.0,-0.0014087947,-0.00016073283,-0.00042722706,0.00015108708,0.0,0.021374717,0.031215994,-0.00095990894,0.0,0.0,-0.002729918,0.0,-8.958757e-06,-0.0019003834,0.0055409446,0.0035715234,0.0043599964,0.0040838,7.327141,1.1285043,-0.0010277466,0.071294904,0.0056554424,0.03545269,0.062609665,0.0,-0.012506293,0.00010529556,0.99982846,1
5320,0.0,-0.0041413642,-0.0001267137,-0.0015807144,9.9453115e-05,0.0,-0.0870437,-0.060884558,-0.0018921229,0.0,0.0,0.00080086174,0.0,9.184287e-06,-0.0014381174,-0.011963488,-0.00568658,0.00033536268,-0.010290186,-7.3221984,-1.0798064,-0.0012814497,-0.04618972,0.0033048661,-0.11372348,0.028546236,0.0,-0.01862054,-0.00037866138,0.00015951779,0
2357,0.0,-0.0038361263,-0.0007061977,-0.0013725678,0.0002976792,0.0,-0.09729543,-0.1151627,-0.005561312,0.0,0.0,0.0014148275,0.0,2.9283974e-05,-0.0006071989,-0.0060963933,-0.0048152343,-0.06707104,-0.0027668509,-7.3221984,-0.10547873,-0.025201175,-0.06712594,-0.036447488,0.019663054,-0.38968205,0.0,-0.04643121,-0.00038649963,0.00025198725,0
4434,0.0,-0.00066396495,-0.0003413852,0.0003089989,-0.00023700944,0.0,0.013804258,-0.09162568,-0.001258326,0.0,0.0,-0.002847748,0.0,2.9388248e-05,0.0023621889,0.0048886323,-0.004857741,0.010194194,-0.007853704,-7.3221984,-1.1979245,-0.0010092378,0.057933185,0.0037166334,0.027832262,0.0489842,0.0,0.018999321,0.00010529556,0.00021370429,0
1818,0.0,-0.0046815034,-2.7742506e-05,0.00012584063,0.00015108708,0.0,0.022521632,0.17848372,-0.00091859757,0.0,0.0,0.0055616572,0.0,2.9388248e-05,0.0006054541,0.0045047384,0.005451671,0.021315115,0.008896232,7.327141,0.31906155,0.002129919,0.078254886,0.01951053,0.050226085,0.08972411,0.0,0.041462243,0.00027148917,0.99971443,1
3364,0.0,-0.0016199781,-3.9255545e-05,0.0011234311,0.00015108708,0.0,0.016838182,0.0916658,-0.0012879567,0.0,0.0,0.0014633569,0.0,5.1797448e-05,-0.0013552799,-0.004689833,-0.010868515,0.0019761878,0.006318036,-7.3221984,-1.2902061,-0.0014102977,0.050884843,0.008535483,0.043508146,0.06091365,0.0,0.020718431,0.00027148917,0.00023912168,0
277,0.0,-0.0015339924,-0.00015809629,-0.0005896536,0.00015108708,0.0,0.01885898,-0.05624396,-0.0016043885,0.0,0.0,0.0013982162,0.0,-5.0525516e-05,0.00045802974,-0.0048112147,0.0035715234,0.004983097,-0.006147569,7.327141,1.1263244,-0.0010701914,0.06192822,0.004409864,0.0342487,0.054999955,0.0,0.022583371,0.00010529556,0.9998122,1
770,0.0,-0.0016949426,-0.00016073283,0.0017614046,-0.00023700944,0.0,0.024903202,0.15600953,-0.0010079985,0.0,0.0,0.003068859,0.0,9.184287e-06,-0.0013552799,-0.005226818,-0.014766688,0.015833072,0.008501868,7.327141,0.3099363,-0.002252099,0.10834281,0.026939515,0.057696223,0.09858183,0.0,-0.03256762,-0.00013829004,0.99968743,1
5588,0.0,-1.5961268e-05,0.00020267903,0.0003089989,0.00015108708,0.0,0.02237013,-0.024694335,-0.0013482245,0.0,0.0,-0.01374721,0.0,-2.8666589e-05,0.0006054541,0.0045047384,0.00525405,0.023408532,-0.006695335,-7.3221984,0.26704866,-0.0019156382,0.08561532,0.019425066,0.0420872,0.076536246,0.0,0.042595856,0.00010529556,0.0011243102,0
5371,0.0,-0.00051445793,-0.00118233,-0.0002815292,0.00065805775,0.0,0.01693969,-0.17623118,-0.0019043724,0.0,0.0,-0.0037178374,0.0,2.9283974e-05,-0.0011662955,-0.0071901716,-0.004217046,-0.038190432,-0.016863355,-7.3221984,-0.051102307,-0.022209575,-0.08383785,0.0057279128,0.019300068,-0.485977,0.0,-0.04681907,7.429773e-05,0.00026648754,0
6720,0.0,0.0014722387,-0.0009683963,-0.0002776715,0.00065805775,0.0,0.018894464,-0.16565803,-0.010114289,0.0,0.0,0.0036272758,0.0,-0.00034205965,0.0004687383,0.009329924,0.0017995549,-0.0069505377,-0.0148883425,-7.3221984,0.031587288,-0.018530315,-0.0717337,0.0061649242,0.013947834,-0.4584758,0.0,0.11592364,7.429773e-05,0.00037989885,0
2819,0.0,-0.004233453,-0.00062298396,-0.00054181844,0.0002976792,0.0,-0.06867021,-0.062102057,-0.0022504567,0.0,0.0,0.0006874662,0.0,2.9283974e-05,-0.001085658,-0.0030349216,-0.002553733,-0.024455896,0.0015263024,-7.3221984,-1.008867,0.008312358,-0.035544217,-0.018507008,0.014503655,-0.21051739,0.0,-0.01598076,-0.00038649963,0.00015604022,0
1310,0.0,0.0005249405,-2.7742506e-05,0.0003089989,-0.00023700944,0.0,0.013242727,-0.03410186,-0.0012358106,0.0,0.0,0.0014633569,0.0,2.9388248e-05,0.0006054541,0.004284261,0.0035715234,0.006551188,-0.005828686,7.327141,1.1057639,-0.0010640443,0.06077199,0.005699494,0.029422011,0.052761,0.0,0.019200852,0.00010529556,0.9998122,1
5890,0.0,-0.0037264414,-8.524777e-05,0.00017050037,0.00065805775,0.0,0.01891947,-0.18284264,-0.0018558584,0.0,0.0,-0.0037178374,0.0,-2.8564878e-05,-0.0011662955,-0.0071901716,0.0017995549,-0.036572408,-0.01442383,-7.3221984,0.03287306,0.04213411,-0.083983436,0.0057518505,0.019410374,-0.4383383,0.0,-0.045896895,-9.7579e-05,0.00032562175,0
5309,0.0,-0.00087687164,-0.00016073283,-0.00047769997,-0.00023700944,0.0,0.018633123,0.119706206,-0.0036821999,0.0,0.0,0.003068859,0.0,9.184287e-06,-0.00096370745,-0.0062759076,-0.01033031,-0.0070491615,0.0041964287,-7.3221984,0.20068309,-0.0022284351,-0.1514919,0.02569983,0.042769734,0.07978349,0.0,-0.04576919,-0.00013829004,0.00085260114,0
5183,0.0,-0.0010918463,-0.00016073283,-0.0003047709,0.00015108708,0.0,0.009887391,0.109021045,-0.001149266,0.0,0.0,0.0007913144,0.0,9.184287e-06,-0.00096370745,-0.005838116,0.006424109,-0.037932955,0.021825086,-7.3221984,-1.1873064,0.0014670643,-0.07840416,-0.030304665,0.039109416,0.05382023,0.0,-0.013421044,0.00027148917,0.0002148529,0
33,0.0,0.042526767,-7.872957e-06,0.0011478094,-0.00015601149,0.0,-0.15308774,0.21337074,-0.0013287723,0.0,0.0,0.003068859,0.0,9.184287e-06,-0.0012104913,-0.0032350644,0.005451671,0.015827965,0.013715789,7.327141,0.29185864,-0.0017844903,0.07065975,0.013550373,0.06536289,0.09332909,0.0,-0.032244783,-0.0050832955,0.9996474,1
5632,0.0,0.007832021,-7.872957e-06,0.0012503255,-0.00015601149,0.0,-0.23318109,-0.12138186,-0.0045283153,0.0,0.0,0.001763003,0.0,9.184287e-06,-0.0033435277,0.010239959,0.005115292,0.017240925,-0.0077329264,-7.3221984,0.110450365,-0.0019614478,0.07752972,0.0057183155,-0.2463031,0.058722176,0.0,-0.03558705,0.00028831692,0.0004575078,0
6630,0.0,-0.0016451621,-0.00016073283,-0.00047769997,0.00015108708,0.0,0.018565886,-0.034694567,-0.00096634147,0.0,0.0,0.0010239165,0.0,9.184287e-06,-0.0013552798,-0.005705462,-0.011927653,0.0014964249,-0.00616368,-7.3221984,-1.2272363,-0.0012768778,0.059786953,0.005768217,0.041324914,0.05588066,0.0,-0.013338365,-0.00013829004,0.00021335878,0
691,0.0,-0.0011261356,-0.00015809629,-0.00046331246,0.00015108708,0.0,0.030891322,-0.09293789,-0.0019042321,0.0,0.0,0.0053891977,0.0,5.1797448e-05,0.0006054541,0.0049891383,0.00525405,0.01613416,-0.007416256,7.327141,0.24877524,-0.0019415134,0.09405799,0.011587206,0.039020214,0.088160895,0.0,0.051910788,0.00010529556,0.99959415,1
2094,0.0,-0.002114874,-0.0005314293,0.00031748385,-0.0010322913,0.0,0.0102539705,-0.07125743,0.005006114,0.0,0.0,-0.0017611181,0.0,-0.00010330361,0.0004687383,0.0045747105,-0.0030058692,-0.019637832,-0.008117396,-7.3221984,-1.0231602,-0.0053345533,-0.047760945,0.002888872,0.012685721,-0.26823008,0.0,-0.017582113,7.429773e-05,0.0001561398,0
3565,0.0,-0.008544259,-0.0001364584,-0.0014011011,0.000354874,0.0,-0.27509636,-0.19621018,-0.004497013,0.0,0.0,-0.004044593,0.0,6.8798495e-06,0.00275249,0.013291861,0.0020049675,0.029395027,-0.015633292,-7.3221984,0.08456611,0.002547632,0.062072705,0.005792681,-0.19002214,0.040210046,0.0,-0.03520573,0.00028831692,0.0004019651,0
5025,0.0,-0.0038361263,-0.0007061977,-0.0013725678,0.0002976792,0.0,-0.0964167,-0.1319125,-0.005561312,0.0,0.0,0.0014148275,0.0,2.9283974e-05,-0.001085658,-0.0060963933,0.001399921,-0.05032205,-0.013449831,-7.3221984,-0.0346859,-0.020468641,-0.06374802,-0.036572717,0.01980847,-0.39929855,0.0,-0.048089884,0.000294285,0.00026870717,0
5514,0.0,-0.0005064638,-0.00049886445,-0.0002776715,-0.015647734,0.0,0.020434394,-0.069579616,-0.002924768,0.0,0.0,-0.0023403335,0.0,0.00013262917,0.0008375187,0.0036244062,0.0012288322,0.040184695,-0.026390834,-7.3221984,-1.1090614,-0.002751513,0.032920197,0.0031097743,0.013714806,-0.27260417,0.0,0.026175598,7.429773e-05,0.00016799808,0
6357,0.0,-0.00077109225,-0.004081902,-0.0002575744,-0.015647734,0.0,0.034734767,-0.16712841,-0.0009697306,0.0,0.0,0.0016632229,0.0,-1.7066921e-05,0.0008375187,0.004889032,-0.0046098283,0.12020529,0.014910491,-7.3221984,0.029582266,-0.010763599,0.060327496,0.0060888934,0.01855213,-0.47731104,0.0,-0.0345469,7.429773e-05,0.00042820742,0
6383,0.0,-0.00055438484,-0.00016036953,-0.00042722706,-0.00023700944,0.0,0.014682522,-0.10242084,0.0104949055,0.0,0.0,0.00080086174,0.0,-1.8868479e-05,0.00085167366,0.0071435226,0.0019839045,-0.00361978,-0.011850847,-7.3221984,-1.1267751,0.0008159671,-0.08318361,0.0036911457,0.019000474,0.04710926,0.0,-0.015740788,0.00010529556,0.00018976157,0
2828,0.0,-0.0016089568,-0.00016073283,0.0017614046,-0.00023700944,0.0,0.027733956,-0.025296984,-0.0011117959,0.0,0.0,0.003068859,0.0,9.184287e-06,0.00045802974,-0.005578135,-0.016476713,0.014707278,-0.0071210815,-7.3221984,0.2684169,-0.0021007136,0.09650927,0.01962391,0.051466554,0.09153125,0.0,-0.035756692,0.00010529556,0.0010569693,0
6945,0.0,-0.004738784,0.0058825677,0.001537911,-0.00046696758,0.0,-0.07234037,-0.04130926,-0.0022504567,0.0,0.0,0.0006874662,0.0,2.9283974e-05,-0.0006071989,-0.0029313837,0.0014936293,-0.03188398,0.0033398438,-7.3221984,-1.0095847,-0.0051071853,-0.039860863,-0.018865056,0.014996628,-0.21698533,0.0,-0.014646761,-0.00038649963,0.00015604022,0
3160,0.0,0.00040493766,-0.00053401245,0.0001944552,-0.0010322913,0.0,0.011306544,-0.074146144,-0.0009571421,0.0,0.0,0.00076866493,0.0,-2.8564878e-05,-0.0023847604,0.003648892,0.0012288322,-0.011564403,-0.0073456834,-7.3221984,-1.0594503,-0.008204754,0.034850996,0.0030164989,0.016100997,-0.31426305,0.0,-0.013786808,7.429773e-05,0.000157907,0
3035,0.0,-0.008202897,-0.0001267137,-0.0012240501,-0.00015601149,0.0,-0.081420176,0.051978238,-0.003806425,0.0,0.0,0.0010239165,0.0,9.184287e-06,-0.0008189188,-0.0034635551,0.0025206394,0.0015731065,0.004405221,-7.3221984,-1.2025473,-0.0012955477,-0.04594894,0.009214239,0.031833727,0.045875784,0.0,-0.013968582,0.0038704774,0.00019507782,0
1532,0.0,-0.009401961,-0.00012407714,-0.0013360037,-0.00015601149,0.0,-0.0999318,0.14912334,-0.0026124427,0.0,0.0,0.0042265947,0.0,5.1797448e-05,-0.0008189188,-0.0032355213,0.0068893256,-0.085115515,0.012005726,7.327141,0.13616261,-0.0037737028,-0.046912175,-0.15198557,0.05209453,0.07037823,0.0,0.05710972,0.0038704774,0.9993919,1
3663,0.0,-0.0009174297,-0.00016073283,-0.0004520395,-0.00023700944,0.0,0.013589974,-0.015146787,-0.0013193283,0.0,0.0,0.0007913144,0.0,9.184287e-06,-0.0023168023,-0.03478442,-0.0047043553,-0.03848424,0.0011185415,-7.3221984,-1.1043545,-0.0017070081,-0.059157018,-0.033789404,-0.11888327,0.031709407,0.0,-0.017566033,-9.63996e-05,0.00016357088,0
6537,0.0,-0.0009130769,-0.00016073283,-0.0003047709,-0.00023700944,0.0,0.0101027135,0.10382693,-0.001149266,0.0,0.0,-0.002729918,0.0,9.184287e-06,-0.00096370745,-0.005838116,0.006896274,-0.007023695,0.0048626736,-7.3221984,-1.2202971,-0.0014535252,-0.0785747,0.008413725,0.041621085,0.056168664,0.0,-0.01334872,0.00027148917,0.00021772413,0
1599,0.0,-0.00087687164,-0.00016036953,-0.0003047709,0.00015108708,0.0,0.0146331005,0.20115425,0.0039759288,0.0,0.0,0.003068859,0.0,1.9343477e-05,0.0003097051,-0.006627225,0.008578801,-0.0038099699,0.005066095,7.327141,0.25660345,-0.001969432,-0.12059984,0.025850367,0.0562381,0.08854741,0.0,-0.04261482,-0.00035656057,0.9995925,1
2764,0.0,-0.008070891,-0.0001267137,-0.0045972364,-0.00015601149,0.0,-0.10583101,0.02029078,-0.0037999924,0.0,0.0,0.0010239165,0.0,-8.958757e-06,0.00033801052,0.003717824,0.0025206394,-0.0035217435,0.00400165,-7.3221984,-1.2062149,-0.00087111286,-0.05104963,0.007863531,0.025499774,0.04250037,0.0,-0.014330147,0.0006000288,0.00018016367,0
456,0.0,0.0017927713,-3.9255545e-05,-0.00041672445,0.00015108708,0.0,0.011881282,0.094155036,-0.0012879567,0.0,0.0,0.0014633569,0.0,5.1797448e-05,-0.0013552799,-0.0045361063,0.003769144,0.002170267,0.0065749446,7.327141,1.0709138,-0.001445829,0.050830618,0.007707418,0.046785638,0.062105216,0.0,0.019863693,0.00027148917,0.9998317,1
4462,0.0,0.010844187,-0.00040776507,0.0001944552,-0.0026736944,0.0,0.022658937,-0.1746681,-0.0009697306,0.0,0.0,-0.013774056,0.0,-1.7066921e-05,0.0008375187,0.004673804,0.0016768009,0.05051844,-0.05888625,-7.3221984,0.079156786,0.05429899,0.055283375,0.005978644,0.019438103,-0.47162688,0.0,-0.029196445,7.429773e-05,0.00041874818,0
440,0.0,0.0015492913,-2.8999733e-05,0.0003450843,-0.00023700944,0.0,0.025583215,-0.18647027,-0.0011617492,0.0,0.0,0.001763003,0.0,6.8798495e-06,0.0023621889,0.0056558107,-0.0060689175,0.01672121,-0.01946792,7.327141,0.20695785,-0.002368556,0.10368307,0.00793912,0.04375396,0.08779439,0.0,-0.035884313,0.00010529556,0.9994849,1
6178,0.0,-0.0008270911,-0.00016073283,-0.00047769997,-0.00023700944,0.0,0.014664202,-0.02366916,-0.0036405432,0.0,0.0,0.0010239165,0.0,9.184287e-06,-0.00096370745,-0.005838116,0.0026324778,0.0029020829,0.0074766898,-7.3221984,-1.1952024,-0.0013208715,-0.08915414,0.005735114,0.030595655,0.046868462,0.0,-0.01566394,-0.00013829004,0.00019222952,0
6103,0.0,-0.0010056805,-0.0007335653,-0.0002815292,-0.0010322913,0.0,0.018098079,-0.04342489,-0.0017001778,0.0,0.0,0.0014033257,0.0,2.9283974e-05,-0.0011662955,-0.0042713173,-0.002553733,-0.03304285,0.005151808,-7.3221984,-1.0470225,0.040130045,-0.04837861,-0.019638289,0.0154952165,-0.21886888,0.0,-0.01598076,7.429773e-05,0.00016823805,0
1609,0.0,-0.00039405053,-0.00015809629,-0.00029038332,-0.00023700944,0.0,0.015023939,0.1981415,-0.0019327989,0.0,0.0,0.0055616572,0.0,5.1797448e-05,-0.001508811,0.005952683,0.008578801,-0.00082491536,0.021465642,7.327141,0.2771728,-0.002330759,-0.10148437,0.018188573,0.03986788,0.08724763,0.0,0.057516724,0.00027148917,0.99964535,1
4926,0.0,-0.0010464139,-0.00016073283,-0.00047769997,-0.00023700944,0.0,0.01458506,-0.06265004,-0.0036630584,0.0,0.0,0.000719663,0.0,9.184287e-06,-0.00096370745,-0.006483593,-0.005234641,-0.037965294,0.0020434046,-7.3221984,-1.1089355,-0.0011189723,-0.09758941,-0.024359144,0.031007513,0.0434973,0.0,-0.014308859,0.00010529556,0.00018325105,0
641,0.0,-0.0014219625,-0.00015809629,-0.00041672445,-0.00023700944,0.0,0.02168305,0.17635992,-0.0013603091,0.0,0.0,0.0055616572,0.0,5.1797448e-05,-0.0013552799,-0.005169629,0.005451671,0.016497206,0.01336929,7.327141,0.3724272,-0.0021889913,0.072988406,0.019790404,0.05951391,0.09716717,0.0,0.044556603,0.00027148917,0.9997285,1
2110,0.0,-0.001027741,-0.0005314293,0.00031748385,0.00065805775,0.0,0.010638432,-0.073462114,0.005006114,0.0,0.0,-0.0017611181,0.0,-0.00010330361,0.0004687383,0.0047899373,0.0013515862,-0.019553866,-0.011223577,-7.3221984,-1.023988,-0.0053345533,-0.04790652,0.0029128098,0.012097592,-0.26920018,0.0,-0.017582113,7.429773e-05,0.0001561398,0
6671,0.0,-0.00062086206,-0.00016036953,0.017002126,0.00015108708,0.0,0.016708331,-0.08159599,0.0042074956,0.0,0.0,0.00080086174,0.0,-1.8868479e-05,-0.0033583867,-0.030456044,-0.0031514026,-0.017889814,-0.010472403,-7.3221984,-1.0837125,-0.00107163,-0.05243547,0.0034165205,-0.12112574,0.034668583,0.0,-0.019935243,7.3399715e-05,0.00016988486,0
4466,0.0,-0.0034207352,-0.00016073283,-0.0004520395,0.00015108708,0.0,0.0131590115,-0.07135815,-0.0013418437,0.0,0.0,0.000719663,0.0,9.184287e-06,-0.0033583867,-0.031775184,-0.002938446,-0.03172492,-0.005986195,-7.3221984,-1.0735918,0.0008588757,-0.057963077,-0.021723047,-0.12702835,0.029672902,0.0,-0.019174688,7.3399715e-05,0.00016025292,0
6646,0.0,-0.0015679173,-0.00016073283,-0.00047769997,0.00015108708,0.0,0.019018253,-0.10586697,-0.0009888569,0.0,0.0,0.00080086174,0.0,9.184287e-06,-0.005993004,-0.0060384963,0.0016957566,0.0006742741,-0.00952952,-7.3221984,-1.1716129,-0.00093202747,0.058294315,0.0038419412,0.04245194,0.055389576,0.0,-0.013937719,-0.00013829004,0.00021042732,0
2244,0.0,-0.03471197,3.6803685e-06,0.00502392,-0.00015601149,0.0,-0.16704448,-0.10051085,-0.0015327034,0.0,0.0,0.00080086174,0.0,-8.958757e-06,-0.0058482154,-0.003516274,0.0016957566,0.0035271768,-0.009135617,-7.3221984,-1.1386231,0.0021128645,0.029745538,0.0036508623,0.029081376,0.039310373,0.0,-0.0139260935,0.0006000288,0.00016811329,0
2696,0.0,-0.00043622233,-0.0009935034,-0.0002575744,0.00065805775,0.0,0.010906826,-0.071256325,0.005006114,0.0,0.0,0.00076866493,0.0,-0.00010330361,0.0004687383,0.004820694,-0.0030058692,-0.01963113,-0.011222672,-7.3221984,-1.0248154,-0.0055233412,-0.047760945,0.002941599,0.012009646,-0.26763532,0.0,-0.018372573,7.429773e-05,0.0001561398,0
6055,0.0,-0.008166692,-0.0001267137,-0.004627045,9.9453115e-05,0.0,-0.14241004,0.12620372,-0.004355411,0.0,0.0,-0.008761319,0.0,-8.958757e-06,-0.0008189188,-0.0039013466,-0.01033031,-0.00517581,0.0044579,-7.3221984,0.21507275,-0.0021472333,-0.09000723,0.021559294,0.045029666,0.072719224,0.0,-0.04195623,-0.00078804843,0.0007689815,0
490,0.0,9.0978574e-05,-3.9255545e-05,-0.00041672445,-0.00023700944,0.0,0.016518407,0.16820653,-0.0013603091,0.0,0.0,-0.01374721,0.0,5.1797448e-05,0.00045802974,-0.0044376766,-0.015417576,0.019839698,0.00794916,7.327141,0.28373224,-0.001953635,0.08018956,0.02657877,0.056069054,0.093467176,0.0,0.04148878,0.00027148917,0.999689,1
5976,0.0,-0.00080686726,-0.0005473218,-0.0002575744,0.00065805775,0.0,0.014257184,-0.07762484,-0.0016516638,0.0,0.0,0.0014845245,0.0,-2.8564878e-05,-0.0014111915,0.004799248,0.0013515862,-0.011831268,-0.009330617,-7.3221984,-1.0664397,0.03917172,-0.047570415,0.0029970044,0.01174355,-0.23210818,0.0,-0.015980927,7.429773e-05,0.00016321239,0
3450,0.0,-0.0011261356,-3.9255545e-05,0.0003089989,0.00015108708,0.0,0.027124017,-0.023079444,-0.0018229764,0.0,0.0,0.0055616572,0.0,5.1797448e-05,-0.0019003834,0.004647928,0.00525405,0.014161939,-0.0074013164,-7.3221984,0.27297622,-0.0018072063,0.08471142,0.02044824,0.040932633,0.08861234,0.0,0.048214905,0.00010529556,0.0011635105,0
380,0.0,-0.0017311479,-0.00016073283,-0.0003047709,-0.00023700944,0.0,0.01686541,0.083342664,-0.0009356461,0.0,0.0,0.0010239165,0.0,9.184287e-06,-0.0013552799,-0.005705462,0.0031309682,0.0025073236,0.0039885594,7.327141,1.0953482,-0.0010038281,0.06590204,0.010408721,0.048157837,0.06408071,0.0,-0.012196876,0.00027148917,0.9998317,1
5225,0.0,-0.0013725894,-0.00034264242,-0.00042722706,0.00015108708,0.0,0.02913165,-0.02836,-0.0010770959,0.0,0.0,-0.008761319,0.0,-6.7109086e-06,0.0006054541,0.0061026327,0.00525405,0.032403436,-0.0068001808,-7.3221984,0.2457537,-0.0017474247,0.09868754,0.018874668,0.041450825,0.07493789,0.0,-0.031546846,0.00010529556,0.0010496811,0
5794,0.0,-0.0011684193,0.0068135858,0.00031748385,-0.0026736944,0.0,0.016555179,-0.07224502,-0.0007655359,0.0,0.0,0.00076866493,0.0,-1.7066921e-05,0.0008375187,0.004118504,0.0012288322,0.036064368,-0.06491689,-7.3221984,-1.0883788,0.0041829767,0.03490247,0.00311739,0.014345732,-0.28692684,0.0,-0.012740043,-9.7579e-05,0.0001603613,0
3217,0.0,0.0040118936,-0.0002781783,0.001352457,0.0002976792,0.0,-0.087669685,-0.13262963,-0.005561312,0.0,0.0,0.0014148275,0.0,2.9283974e-05,-0.001085658,-0.005971359,-0.0030978988,-0.050860856,-0.013283949,-7.3221984,-0.069569215,-0.021714713,-0.07165241,-0.036447488,0.02088593,-0.41040763,0.0,-0.045502484,0.000294285,0.000258932,0
1657,0.0,-0.0014219625,-0.00015809629,0.0018223801,-0.00023700944,0.0,0.021930637,0.17214699,-0.0013603091,0.0,0.0,0.0055616572,0.0,5.1797448e-05,-0.0013552799,-0.004560993,0.005451671,0.017980631,0.008214095,7.327141,0.3397223,-0.0021889913,0.078541964,0.028518133,0.056254737,0.097144246,0.0,0.044556603,0.00027148917,0.9997212,1
3398,0.0,-0.034789216,-0.0001267137,0.00502392,-0.00015601149,0.0,-0.16569483,-0.0490111,-0.0015391358,0.0,0.0,0.00080086174,0.0,9.184287e-06,-0.0012104912,-0.003274039,0.0035715234,0.001820989,-0.0059414953,-7.3221984,-1.1748129,0.0010664002,0.035973057,0.0040065446,0.02828506,0.042159356,0.0,-0.013386544,0.0006000288,0.00017372411,0
949,0.0,-0.0027199187,-4.1892097e-05,0.0001114531,-0.00023700944,0.0,0.008460917,0.05105295,-0.0036098477,0.0,0.0,0.0007913144,0.0,9.184287e-06,-0.00096370745,-0.005838116,-0.0042615733,-0.019974539,-0.0053512217,7.327141,1.2134194,-0.0006644827,-0.09242635,-0.056237012,0.035279382,0.04859804,0.0,-0.013321512,0.00027148917,0.9997905,1
140,0.0,-0.001686068,-4.1892097e-05,0.00029461138,0.00015108708,0.0,0.0179001,-0.06510034,-0.0009888569,0.0,0.0,-0.0018601599,0.0,9.184287e-06,-0.0013552798,-0.0060384963,0.0035715234,0.0036475854,-0.006104,7.327141,1.1622388,0.0008181721,0.06533466,0.0037892142,0.042533945,0.05622837,0.0,-0.011636373,0.00010529556,0.9998122,1
6403,0.0,0.002327253,-0.00016073283,-0.00038804274,-0.00023700944,0.0,0.038564574,-0.14720851,-0.0015396059,0.0,0.0,0.001763003,0.0,-8.958757e-06,0.0023794712,0.045192655,0.003795075,0.020937972,-0.025941487,-7.3221984,0.10321061,-0.0028794566,-0.107145004,0.006330306,-0.12122483,0.06839171,0.0,-0.05029823,7.3399715e-05,0.0005553804,0
6995,0.0,-0.0008270911,-4.1892097e-05,0.0005664311,0.00015108708,0.0,0.013924903,-0.066299826,-0.0036630584,0.0,0.0,-0.0018601599,0.0,9.184287e-06,-0.00096370745,-0.0057812543,0.0026324778,0.00080489396,0.00082917046,-7.3221984,-1.1592096,-0.0014394271,-0.091417655,0.0042406553,0.030491244,0.046703614,0.0,-0.014590891,-0.00013829004,0.0001883309,0
5556,0.0,0.00086755934,-4.1892097e-05,0.0001114531,0.00015108708,0.0,0.014541095,0.13001704,-0.0036757672,0.0,0.0,0.003068859,0.0,-8.958757e-06,-0.00096370745,-0.005772377,0.0042031663,-0.003899381,0.00425049,-7.3221984,0.25274897,-0.0021029676,-0.15555896,0.024229746,0.04383107,0.080396034,0.0,-0.042092532,0.00027148917,0.00092327164,0
3514,0.0,-0.00061838474,-0.00053401245,0.00017050037,0.00065805775,0.0,0.011361732,-0.038143493,-0.0016516638,0.0,0.0,-0.0017611181,0.0,-2.8564878e-05,-0.00068783644,-0.0037374683,-0.004446022,-0.018683802,-0.010153465,-7.3221984,-1.0531564,-0.007833622,-0.050572354,0.0034116835,0.01543124,-0.25718305,0.0,-0.015103793,-9.7579e-05,0.0001561398,0
1935,0.0,0.00083245325,-0.00053401245,-0.0002815292,-0.0010322913,0.0,0.010544012,-0.0641512,-0.0017001778,0.0,0.0,0.0006874662,0.0,2.9283974e-05,-0.0011662955,-0.00404759,-0.002553733,-0.034752976,0.0021947275,-7.3221984,-1.0062832,-0.008283399,-0.05076394,-0.019110493,0.015949588,-0.24686898,0.0,-0.015696993,7.429773e-05,0.0001571492,0
3183,0.0,0.0004669163,-4.1892097e-05,0.00029461138,-0.00023700944,0.0,0.012494295,-0.0840161,-0.0036566257,0.0,0.0,0.00080086174,0.0,-8.958757e-06,-0.00096370745,-0.0059800628,0.0026324778,-0.0007773964,-0.00988147,-7.3221984,-1.1425525,-0.0014936903,-0.09850676,0.003534907,0.032377467,0.04602643,0.0,-0.014632959,0.00010529556,0.00018494637,0
170,0.0,-0.00021657914,-0.0001529242,0.0003089989,0.00015108708,0.0,0.013746986,-0.101007305,0.012259905,0.0,0.0,-0.002847748,0.0,0.00020286001,0.00085167366,0.006390133,0.0019839045,-9.349949e-05,-0.009687245,7.327141,1.1998026,-0.0011910623,-0.08275316,0.00368353,0.018068757,0.039515045,0.0,0.026461205,0.00010529556,0.99978477,1
4730,0.0,-0.0014219625,-3.9255545e-05,-5.00484e-07,-0.00023700944,0.0,0.02145213,0.17205612,-0.0013603091,0.0,0.0,0.0055616572,0.0,5.1797448e-05,-0.0013552799,-0.005169629,0.005451671,0.017901022,0.00794916,-7.3221984,0.31549507,-0.0017645562,0.078541964,0.02823826,0.059539676,0.09694134,0.0,0.044556603,0.00027148917,0.0015184047,0
570,0.0,-0.0012121213,-3.9255545e-05,0.000560229,-0.00023700944,0.0,0.022081768,0.1680385,-0.0013603091,0.0,0.0,0.0055616572,0.0,5.1797448e-05,-0.0019003835,0.0048659015,-0.015417576,0.018422456,0.007953756,7.327141,0.3127775,-0.0021889913,0.078784145,0.027725577,0.04942005,0.09648783,0.0,0.043061033,0.00027148917,0.999706,1
6054,0.0,-0.0022923423,-0.00016073283,-0.0008217478,0.00015108708,0.0,0.01216402,0.048906736,-0.0012886331,0.0,0.0,0.0007913144,0.0,9.184287e-06,-0.0023168023,-0.03478442,-0.0037312869,-0.030677943,0.0025284332,-7.3221984,-1.1306614,-0.0028329066,-0.053832646,-0.05506502,-0.1296443,0.03331495,0.0,-0.016510768,-0.00019121855,0.00016685996,0
11,0.0,0.041912638,-5.236405e-06,0.0010358559,9.9453115e-05,0.0,-0.14466351,0.19188589,-0.002398823,0.0,0.0,0.0055616572,0.0,5.1797448e-05,-0.0012104913,-0.0025692396,0.004813495,0.01793022,0.00846754,7.327141,0.26603153,-0.0024048209,0.07340629,0.023344038,0.06187935,0.087078735,0.0,0.04481078,0.0038704774,0.9996637,1
453,0.0,0.0017927713,-3.9255545e-05,-5.00484e-07,-0.00023700944,0.0,0.011602884,0.09403872,-0.0012879567,0.0,0.0,0.0014633569,0.0,5.1797448e-05,-0.0013552799,-0.0045361063,0.003769144,0.002170267,0.0065128575,7.327141,1.0709138,-0.001021394,0.050830618,0.0074275443,0.0468114,0.062363554,0.0,0.019863693,0.00027148917,0.9998317,1
5040,0.0,-0.0038628085,-0.0007061977,-0.0013725678,0.0002976792,0.0,-0.06399128,-0.06318564,-0.0022504567,0.0,0.0,0.0006874662,0.0,2.9283974e-05,-0.001085658,-0.003177539,0.0011986545,-0.023745587,-0.0077198404,-7.3221984,-0.9912947,-0.004647235,-0.03603869,-0.018632237,0.014917712,-0.21938632,0.0,-0.01608945,-0.00038649963,0.00015503795,0
2111,0.0,-0.0019230684,-2.8999733e-05,0.0005048162,-0.00023700944,0.0,0.019076748,-0.09980576,-0.0009541568,0.0,0.0,-0.0018601599,0.0,-6.7109086e-06,0.0023621889,0.0065415595,0.0016957566,0.008795353,-0.0081080645,-7.3221984,-1.175908,-0.0010694251,0.060356483,0.0037892142,0.026304318,0.052696224,0.0,-0.011787474,0.00010529556,0.00021370429,0
227,0.0,-0.0006038917,-0.0001529242,-0.00041672445,-0.00023700944,0.0,0.013579347,0.19921328,0.005727291,0.0,0.0,0.0055616572,0.0,0.00020286001,-0.00096370745,-0.0056100823,-0.010732585,-0.045092847,0.024789592,7.327141,0.28537142,-0.0019063241,-0.104009196,0.015082295,0.05088358,0.079158865,0.0,0.060838178,0.00027148917,0.9996253,1
6969,0.0,0.00045343573,-3.9255545e-05,-0.00016220505,0.00015108708,0.0,0.022300968,-0.055505108,-0.0012827122,0.0,0.0,0.0013982162,0.0,-5.0525516e-05,-0.00900827,0.020343807,0.0034327656,0.0062553193,-0.01382431,-7.3221984,-1.1857072,-0.0010701914,0.04180868,0.0036551482,-0.1129422,0.044280827,0.0,0.026265481,7.3399715e-05,0.00019537081,0
2931,0.0,-0.0009130769,-0.00016073283,-0.0003047709,0.00015108708,0.0,0.011133289,0.10404646,-0.0011428334,0.0,0.0,0.0010239165,0.0,-8.958757e-06,-0.00096370745,-0.005838116,0.006896274,-0.006743814,0.004120682,-7.3221984,-1.2238044,-0.0014722568,-0.0785747,0.0085647665,0.04156157,0.0559262,0.0,-0.01396215,-0.00035656057,0.00021772413,0
2335,0.0,0.0017634911,-0.000117291595,-0.00038804274,-0.0012617566,0.0,0.024977976,-0.081666805,-0.0006324807,0.0,0.0,0.00080086174,0.0,-6.7109086e-06,0.004284531,0.042874288,0.0015569988,0.009127623,-0.0020807784,-7.3221984,-1.1479257,-0.00084095995,0.040465843,0.0036100368,-0.1052167,0.0425155,0.0,-0.014407114,7.3399715e-05,0.00020065221,0
5753,0.0,-0.013254651,-4.1892097e-05,0.00048674765,-0.00023700944,0.0,0.019120079,-0.078908466,-0.0013354113,0.0,0.0,0.00080086174,0.0,-8.958757e-06,-0.009658282,0.030888552,-0.003484211,-0.004211699,-0.015405843,-7.3221984,-1.1008064,-0.00107163,-0.05299734,0.0032818117,-0.086538665,0.03912089,0.0,-0.016635653,7.3399715e-05,0.00018005511,0
3488,0.0,-0.0038628085,-5.7880156e-05,0.001352457,0.0002976792,0.0,-0.062416594,-0.06504187,-0.0022504567,0.0,0.0,0.0006874662,0.0,2.9283974e-05,-0.001085658,-0.003177539,-0.002553733,-0.019488385,-0.008143606,-7.3221984,-0.991458,-0.0050771604,-0.035525773,-0.018507008,0.015285549,-0.22297198,0.0,-0.01608945,-0.00038649963,0.00015503795,0
5638,0.0,0.0017927713,-3.9255545e-05,0.00018265776,-0.00023700944,0.0,0.013654937,0.069158524,-0.0016468267,0.0,0.0,0.0014633569,0.0,5.1797448e-05,-0.0013552799,-0.0045361063,0.0031309682,0.0017995203,0.0041612685,-7.3221984,-1.2860905,-0.001021394,0.07122369,0.008916772,0.04513256,0.061024435,0.0,0.020642396,0.00010529556,0.00024263086,0
2732,0.0,-0.0006038917,-0.00015809629,-0.00041672445,-0.00023700944,0.0,0.013246227,0.1507711,-0.0043933806,0.0,0.0,0.0055616572,0.0,5.1797448e-05,-0.00096370745,-0.0056100823,0.0042031663,0.00023348944,0.0030170663,-7.3221984,0.30415127,-0.002330759,-0.13184255,0.026916303,0.043350417,0.08056428,0.0,0.058568656,0.00027148917,0.0011272067,0
717,0.0,-0.00039405053,-0.0001529242,-0.00029038332,0.00015108708,0.0,0.0131788915,0.14991838,0.012392202,0.0,0.0,0.0055616572,0.0,0.00020286001,0.0004571294,0.0062938933,0.0042031663,0.0010372115,0.0022441277,7.327141,0.24689466,-0.0021653273,-0.12530886,0.02663643,0.033727154,0.0746044,0.0,0.0606047,0.00027148917,0.9996018,1
4124,0.0,-0.0037689127,-0.0007061977,-0.0013725678,0.0002976792,0.0,-0.06664804,-0.07793564,-0.0022019427,0.0,0.0,0.00076866493,0.0,-2.8564878e-05,0.00038069714,-0.0032670763,0.0013515862,-0.004967165,-0.008690717,-7.3221984,-1.0074296,-0.005138118,-0.036507003,0.002805925,0.015070581,-0.22651686,0.0,-0.016232898,0.000294285,0.00015503795,0
3353,0.0,-0.009463223,0.0042610695,0.0014920634,0.0002976792,0.0,-0.11960607,-0.06968679,-0.001315815,0.0,0.0,-0.0017611181,0.0,-1.7066921e-05,0.00078705035,0.002938393,-0.0033986517,0.048098367,3.5460107e-05,-7.3221984,-1.0583309,-0.0030556868,0.026236238,0.0028225358,0.01415631,-0.20492603,0.0,-0.012419972,-0.00038649963,0.00016416307,0
6181,0.0,-0.00084018486,-0.00016073283,-0.00089687004,-0.00023700944,0.0,0.014077338,-0.057107724,-0.0013418437,0.0,0.0,0.000719663,0.0,9.184287e-06,-0.0033583867,-0.037597906,-0.002938446,-0.023232961,-0.009544496,-7.3221984,-1.0715567,-0.00096284284,-0.05334064,-0.021723047,-0.12284197,0.032113694,0.0,-0.019577961,7.3399715e-05,0.00016465249,0
2257,0.0,-0.034579962,3.6803685e-06,0.0047819084,9.9453115e-05,0.0,-0.17116617,-0.09248137,-0.0015391358,0.0,0.0,0.00087189005,0.0,9.184287e-06,-0.0060976637,0.0036684384,-0.004857741,0.0030867697,-0.009344468,-7.3221984,-1.1400334,0.006846278,0.027721034,0.00353317,0.026189469,0.03650098,0.0,-0.01327414,0.0006000288,0.00016811329,0
6692,0.0,-0.0024213265,-0.00016073283,-0.0003047709,0.00015108708,0.0,0.008739315,0.04359023,-0.0036098477,0.0,0.0,0.0007913144,0.0,9.184287e-06,-0.00096370745,-0.005838116,-0.0042615733,-0.03707324,-0.000925709,-7.3221984,-1.1505721,-0.0028329066,-0.10083477,-0.057701126,0.032803956,0.04623361,0.0,-0.013421044,0.00027148917,0.00018786978,0
2597,0.0,-0.00062086206,-0.00016073283,-0.00089687004,-0.00023700944,0.0,0.014204734,-0.0699648,-0.0013354113,0.0,0.0,0.00080086174,0.0,-8.958757e-06,-0.0023168023,-0.037597906,0.0021125483,-0.0011819405,-0.010721858,-7.3221984,-1.1107284,-0.0012277595,-0.06382771,0.0034592412,-0.12562165,0.03330283,0.0,-0.019203065,7.3399715e-05,0.00016278126,0
1872,0.0,0.045587517,-7.872957e-06,0.0047521,9.9453115e-05,0.0,-0.096626826,-0.02716271,-0.0013750908,0.0,0.0,-0.002729918,0.0,9.184287e-06,0.00041887138,-0.00223865,0.0035715234,0.0044410788,-0.005955874,-7.3221984,-1.1970093,-0.0008865688,0.0569641,0.004884705,0.035010576,0.052595865,0.0,-0.012159726,0.0006000288,0.00020994394,0
5170,0.0,-0.00043622233,-0.0011797468,-0.0002575744,0.00065805775,0.0,0.010906826,-0.07257193,0.005006114,0.0,0.0,0.00076866493,0.0,-0.00010330361,0.0004687383,0.004820694,-0.0030058692,-0.01687677,-0.009809611,-7.3221984,-1.0255102,-0.005703857,-0.047918994,0.003011094,0.012009646,-0.26933706,0.0,-0.018372573,7.429773e-05,0.0001561398,0
582,0.0,-0.0013724557,1.2197052e-06,0.0003450843,0.00015108708,0.0,0.019216163,-0.10445805,-0.0009575545,0.0,0.0,-0.001975425,0.0,6.8798495e-06,-0.0065381075,0.006255575,0.0016957566,0.006481719,-0.008240556,7.327141,1.1879938,0.005045643,0.056914102,0.0037892142,0.028205035,0.048775613,0.0,-0.012465024,0.00010529556,0.999806,1
3994,0.0,-0.00060835364,-0.00118233,-0.0002815292,-0.0010322913,0.0,0.016044362,-0.121072784,-0.0019043724,0.0,0.0,0.0014148275,0.0,2.9283974e-05,-0.0011662955,-0.0071901716,-0.0030978988,-0.06702559,-0.009846002,-7.3221984,-0.03243304,-0.021464307,-0.08532226,-0.04036735,0.01896812,-0.45522666,0.0,-0.048089884,7.429773e-05,0.00027677734,0
4193,0.0,0.0016862463,-0.00014784047,-0.00038804274,-0.00023700944,0.0,0.022962144,-0.043610793,-0.0006324807,0.0,0.0,0.00080086174,0.0,-6.7109086e-06,-0.00900827,0.035543688,0.0034327656,0.008182934,-0.009457838,-7.3221984,-1.176421,-0.001088157,0.04540982,0.0036100368,-0.11855181,0.04230753,0.0,-0.01363247,7.3399715e-05,0.00019537081,0
6394,0.0,0.0017634911,-0.00014784047,-0.00038804274,-0.00023700944,0.0,0.023927683,-0.05920494,-0.0006358784,0.0,0.0,-0.0018601599,0.0,6.8798495e-06,0.002527796,0.03948714,-0.011786131,0.007985456,-0.013428472,-7.3221984,-1.1540645,-0.0010694251,0.0415211,0.0034396176,-0.11108641,0.042226173,0.0,-0.013467769,-9.63996e-05,0.00019626852,0
6364,0.0,-0.00059072376,-0.00016073283,-0.00042722706,-0.00023700944,0.0,0.015293839,-0.036396105,-0.0036405432,0.0,0.0,-0.002729918,0.0,9.184287e-06,-0.001508811,0.005853286,0.0026324778,0.0006131274,0.0071219867,-7.3221984,-1.191521,-0.0010717404,-0.0897378,0.0053384705,0.018843945,0.047404204,0.0,-0.014385063,-0.00013829004,0.00018954836,0
925,0.0,0.00017696437,-0.00014658325,0.00018265776,0.00015108708,0.0,0.025038399,-0.12348203,-0.0014625206,0.0,0.0,-0.010093039,0.0,2.9388248e-05,0.00045802974,-0.0049633603,-0.016476713,0.018339578,-0.006496861,7.327141,0.28385946,-0.001871589,0.09973223,0.008079428,0.048030864,0.08537826,0.0,0.043629937,0.00010529556,0.9995764,1
3697,0.0,-0.009711147,-0.0001267137,-0.0012240501,-0.00015601149,0.0,-0.08532198,0.040450595,-0.003806425,0.0,0.0,0.0007913144,0.0,9.184287e-06,-0.0008189188,-0.0034635551,-0.0042615733,-0.026521908,-0.0052994085,-7.3221984,-1.1377813,-0.00048777356,-0.04463839,-0.05306846,0.029801825,0.040664624,0.0,-0.013421044,-0.0050832955,0.00018138316,0
2694,0.0,-0.00079777424,-0.00118233,-0.0002575744,0.00065805775,0.0,0.013298404,-0.074116506,-0.0010056561,0.0,0.0,0.00076866493,0.0,2.9283974e-05,-0.0023847604,0.0038641195,0.0012288322,-0.010122621,-0.010621414,-7.3221984,-1.0595208,-0.007882808,0.034546264,0.00311739,0.01524742,-0.31281552,0.0,-0.01422778,7.429773e-05,0.000157907,0
3347,0.0,-0.009321592,-5.236405e-06,0.004745823,9.9453115e-05,0.0,-0.097850814,-0.100786984,-0.004828869,0.0,0.0,0.0013982162,0.0,-5.0525516e-05,0.0007325548,0.0033557469,-0.0040144976,0.002402193,-0.01142529,-7.3221984,-1.1406454,0.001358698,-0.039712854,0.003367748,0.024666134,0.0367766,0.0,0.024032654,0.0006000288,0.00017750227,0
1850,0.0,0.0021233633,0.00020267903,0.0019345741,-0.00023700944,0.0,0.02504156,-0.078939736,-0.0009036094,0.0,0.0,-0.002847748,0.0,-2.8666589e-05,0.004284531,0.022733552,0.0015569988,0.016394947,-0.0028530299,7.327141,1.1891056,-0.0009288299,0.037997372,0.0036024211,-0.09828442,0.03460752,0.0,0.026762715,7.3399715e-05,0.99979645,1
3703,0.0,-0.0037010836,-0.0007061977,-0.0013559901,0.0002976792,0.0,-0.06841843,-0.0761273,-0.0022019427,0.0,0.0,-0.0017611181,0.0,-2.8564878e-05,-0.001224584,0.003611716,0.0013515862,-0.0055527575,-0.008759417,-7.3221984,-1.0095586,-0.00494933,-0.03473603,0.002753198,0.013638104,-0.22764643,0.0,-0.015660858,0.000294285,0.00015503795,0
502,0.0,-0.0046521225,2.4769324e-06,0.0003089989,0.00015108708,0.0,0.019353004,-0.09820651,-0.001258326,0.0,0.0,0.0013982162,0.0,2.9388248e-05,0.0023621889,0.0045931013,0.0016957566,0.007119525,-0.009192038,7.327141,1.1602136,0.0030770695,0.05788801,0.0038870526,0.02916602,0.046457037,0.0,0.019932138,0.00010529556,0.99980897,1
4559,0.0,-0.004454327,-5.7880156e-05,0.001352457,0.0002976792,0.0,-0.062416594,-0.0552543,-0.0022504567,0.0,0.0,0.0006874662,0.0,2.9283974e-05,-0.0006071989,-0.003177539,-0.0035574257,-0.027164305,0.0009713641,-7.3221984,-0.9961048,-0.0050771604,-0.03812249,-0.018507008,0.015285549,-0.22034656,0.0,-0.015136568,-0.00038649963,0.00015604022,0
750,0.0,0.0007653309,-0.00014658325,-0.00046331246,-0.00023700944,0.0,0.0319146,-0.1870319,-0.0014625206,0.0,0.0,-0.010093039,0.0,2.9388248e-05,0.0023621889,0.0061128032,0.0021437253,0.017237121,-0.018209632,7.327141,0.23172307,-0.0017154595,0.08727936,0.00819712,0.037488796,0.08503556,0.0,0.04891877,0.00010529556,0.99952805,1
6667,0.0,-0.0005403341,-0.00016036953,-0.00047769997,-0.00023700944,0.0,0.019241028,-0.18305424,0.011934666,0.0,0.0,0.001763003,0.0,-1.8868479e-05,-0.00096370745,-0.009402447,-0.006705407,-0.06381165,-0.018804992,-7.3221984,0.1265387,-0.0028794566,-0.14966963,0.007944594,0.047030937,0.07603816,0.0,-0.049534015,0.00010529556,0.0005381151,0
3472,0.0,-0.0017185798,-3.9255545e-05,0.010146091,-0.00023700944,0.0,0.011784513,0.043521162,-0.0019998136,0.0,0.0,0.0012307549,0.0,5.1797448e-05,-0.0023168023,-0.023632376,-0.0037312869,-0.036985036,-0.0016398677,-7.3221984,-1.1563462,-0.002814941,-0.053140383,-0.055856682,-0.109157525,0.033914477,0.0,0.043043874,0.00014559591,0.00017738332,0
5258,0.0,-0.0010102086,-0.00016073283,-0.00047769997,-0.00023700944,0.0,0.01676501,0.038630232,-0.0036821999,0.0,0.0,0.0017337969,0.0,9.184287e-06,-0.00096370745,-0.0062759076,-0.00649245,-0.0916523,-0.009421181,-7.3221984,0.1444113,-0.0019032949,-0.1612718,-0.1495617,0.04165042,0.07166035,0.0,-0.042297676,0.00010529556,0.00055739615,0
2507,0.0,-0.0024622325,-0.00016073283,-0.0003047709,0.00015108708,0.0,0.010870489,0.087608434,-0.001149266,0.0,0.0,0.0007913144,0.0,9.184287e-06,-0.00096370745,-0.005838116,-0.008724368,-0.015093428,-0.0014396189,-7.3221984,-1.1636069,0.0012231147,-0.07410972,-0.056237012,0.03987673,0.05153775,0.0,-0.013410226,-0.00035656057,0.0002069076,0
1485,0.0,-0.0013359768,-0.00014658325,-0.0005896536,-0.00023700944,0.0,0.030248806,0.051414404,-0.0013812649,0.0,0.0,-0.01374721,0.0,2.9388248e-05,0.00045802974,-0.0049412074,0.00525405,0.018490931,0.0024341266,7.327141,0.2524243,-0.0022266847,0.09687863,0.01966073,0.05280732,0.087689236,0.0,0.048517764,0.00010529556,0.99965096,1
6354,0.0,-0.0036744014,-0.0005199542,-0.0013559901,0.0002976792,0.0,-0.112452656,-0.17432499,-0.005512798,0.0,0.0,-0.0037178374,0.0,-2.8564878e-05,-0.001224584,0.0086360695,-0.004217046,-0.0072480873,-0.013943603,-7.3221984,-0.041874025,-0.01735147,-0.057209283,0.0051724887,0.018352255,-0.4346913,0.0,-0.044393104,0.000294285,0.00026854378,0
5471,0.0,0.002117741,-0.00016073283,-0.00038804274,-0.00023700944,0.0,0.021281496,-0.08100739,-0.0013354113,0.0,0.0,0.00080086174,0.0,-8.958757e-06,-0.009658282,0.036825202,0.0014639748,0.002188198,-0.015407164,-7.3221984,-1.1076771,-0.0012277595,-0.054828033,0.0033245324,-0.07710955,0.04084881,0.0,-0.016692957,7.3399715e-05,0.00018628295,0
2477,0.0,-0.00079777424,-0.0009374899,-0.0002575744,0.009975003,0.0,0.033687297,-0.06858868,-0.0007655359,0.0,0.0,0.00076866493,0.0,-1.7066921e-05,0.0008375187,0.004149261,0.0012288322,0.08506055,0.034804255,-7.3221984,-1.086564,-0.003120825,0.03490247,0.00311739,0.014355783,-0.22531396,0.0,-0.012817976,7.429773e-05,0.00020191485,0
1527,0.0,-0.00103465,-0.00015809629,-0.00046331246,-0.00023700944,0.0,0.019498551,-0.07317867,-0.0016043885,0.0,0.0,0.0013982162,0.0,-5.0525516e-05,-0.0019003834,0.004736291,0.0035715234,0.0042706644,-0.0060185404,7.327141,1.1431233,-0.0013005907,0.06207115,0.0039664772,0.028285552,0.055565663,0.0,0.021164594,0.00010529556,0.9998122,1
5506,0.0,0.0017634911,0.0026094364,-0.00038804274,0.0008043356,0.0,0.025922699,-0.08182913,-0.00062475516,0.0,0.0,0.00080086174,0.0,-6.7109086e-06,0.004284531,0.042874288,0.0015569988,0.01568614,-9.513041e-05,-7.3221984,-1.1490413,-0.00073778385,0.040465843,0.0036100368,-0.10515799,0.029476961,0.0,-0.014372035,-9.63996e-05,0.00020065221,0
144,0.0,-0.0017311479,-4.1892097e-05,0.0001114531,-0.00023700944,0.0,0.017773803,0.09413556,-0.0005767761,0.0,0.0,0.0010239165,0.0,9.184287e-06,-0.0013552799,-0.005705462,-0.010868515,0.0019526009,0.006634961,7.327141,1.0957459,-0.0014282631,0.053137764,0.008406811,0.048767537,0.0636325,0.0,-0.012196876,-0.00035656057,0.9998292,1
374,0.0,-0.0015339924,-0.00015809629,-0.0005896536,-0.00023700944,0.0,0.018406447,-0.018361783,-0.001677522,0.0,0.0,0.0014633569,0.0,5.1797448e-05,0.00045802974,-0.0048112147,0.0035715234,0.004825807,-0.005929782,7.327141,1.1033411,-0.0010285128,0.060233567,0.0059351567,0.0342487,0.054895386,0.0,0.022651142,0.00010529556,0.9998148,1
2946,0.0,-0.00084018486,-0.00016073283,-0.00089687004,0.00015108708,0.0,0.014216802,-0.055970456,-0.0013418437,0.0,0.0,0.000719663,0.0,9.184287e-06,-0.0023168023,-0.037597906,-0.0047043553,-0.038916074,9.8520424e-05,-7.3221984,-1.0765959,-0.0011189723,-0.06293123,-0.021723047,-0.122783266,0.030907502,0.0,-0.019017536,-9.63996e-05,0.00016128892,0
5345,0.0,-0.0038829695,-0.00070361467,-0.0006141285,-0.00046696758,0.0,-0.060594767,0.04927578,0.006003222,0.0,0.0,-0.0026308764,0.0,-0.00010330361,-0.00060719904,-0.00264369,-0.004237487,-0.006931116,0.004298037,-7.3221984,-1.098605,-0.005074889,-0.03523549,0.0058333054,0.01626195,-0.26162985,0.0,-0.016315917,-0.0013437993,0.0001582475,0
3008,0.0,-0.0008270911,-0.00016073283,-0.00047769997,0.00015108708,0.0,0.014861793,-0.08397485,-0.0036630584,0.0,0.0,0.00080086174,0.0,9.184287e-06,-0.00096370745,-0.006483593,0.0026324778,-0.00069663394,-0.010266528,-7.3221984,-1.1426164,-0.0012277595,-0.09737972,0.0036911457,0.03166435,0.045788325,0.0,-0.014738923,-0.00013829004,0.00018494637,0
452,0.0,0.00025343115,-3.9255545e-05,-5.00484e-07,0.00015108708,0.0,0.013065448,0.19895571,-0.0019327989,0.0,0.0,0.0055616572,0.0,5.1797448e-05,0.0003097051,-0.0054578697,0.008578801,-0.012154643,0.021515109,7.327141,0.27609974,-0.0020398598,-0.10860469,0.015103533,0.04974286,0.0853438,0.0,0.058004387,0.00027148917,0.999637,1
1422,0.0,-0.001365057,-0.00015809629,0.0007433873,0.00015108708,0.0,0.020358428,0.032477535,-0.001677522,0.0,0.0,0.0014633569,0.0,5.1797448e-05,-0.0019003834,0.004645424,0.0035715234,0.003808663,0.0041964073,7.327141,1.0967108,0.0007783283,0.068847306,0.0059351567,0.03437884,0.059059177,0.0,0.020608893,0.00010529556,0.99982846,1
4948,0.0,-0.004227665,-0.0001267137,-0.0015807144,9.9453115e-05,0.0,-0.17062108,-0.14207372,-0.0052029784,0.0,0.0,0.0015146076,0.0,9.184287e-06,-0.0024797018,-0.014882342,-0.0034826116,-0.07057822,-0.011121435,-7.3221984,-0.00021801889,0.0019304545,-0.081916735,-0.038341522,-0.18819337,0.03768772,0.0,-0.05710642,-0.00037866138,0.00030879286,0
4788,0.0,-0.009463223,-0.00039724546,0.0013690348,0.0004978881,0.0,-0.0943828,-0.07139708,-0.001315815,0.0,0.0,-0.0017611181,0.0,-1.7066921e-05,0.00078705035,0.0029691502,0.0012288322,0.029640876,-0.02169739,-7.3221984,-1.058978,-0.002683204,0.026360687,0.002873584,0.01427528,-0.22536685,0.0,-0.012389215,0.000294285,0.00015831013,0
3917,0.0,-0.0037689127,-0.0007061977,-0.0013725678,-0.00046696758,0.0,-0.06562379,-0.074697845,-0.0022019427,0.0,0.0,-0.0017611181,0.0,-2.8564878e-05,0.00038069714,-0.0032670763,-0.0030058692,-0.0056735785,-0.008129694,-7.3221984,-1.0053391,-0.0045194044,-0.03609286,0.0027292601,0.01498098,-0.22636756,0.0,-0.015804138,0.000294285,0.00015503795,0
6195,0.0,0.002117741,-0.00016073283,-0.00038804274,-0.00023700944,0.0,0.022188328,-0.06413517,-0.0013354113,0.0,0.0,0.00080086174,0.0,-8.958757e-06,0.0023794712,0.040768653,0.0021125483,0.00482048,-0.013876885,-7.3221984,-1.1230761,-0.0012277595,-0.06425021,0.0033245324,-0.06992482,0.04249863,0.0,-0.01569444,7.3399715e-05,0.0001907275,0
3211,0.0,0.0011728444,-0.00030554592,0.00017050037,-0.0010322913,0.0,0.012463702,-0.063657165,-0.0017001778,0.0,0.0,0.0014033257,0.0,2.9283974e-05,-0.0011662955,-0.00404759,-0.002553733,-0.031026972,-0.0057256436,-7.3221984,-1.0457782,0.026271127,-0.048657425,-0.019638289,0.01597869,-0.23237778,0.0,-0.015588304,7.429773e-05,0.0001589225,0
5641,0.0,0.00033183157,-0.00053401245,0.00017050037,0.00065805775,0.0,0.016210247,-0.17290682,-0.0018558584,0.0,0.0,-0.0037178374,0.0,-2.8564878e-05,-0.0011662955,-0.006966444,-0.004217046,-0.039009772,-0.013882792,-7.3221984,0.008651877,-0.025177557,-0.08867407,0.0056715263,0.019615239,-0.48627225,0.0,-0.044183157,-9.7579e-05,0.00028332826,0
1311,0.0,0.001955096,-4.1892097e-05,0.00029461138,-0.00023700944,0.0,0.013654937,0.07301406,-0.0009356461,0.0,0.0,0.0010239165,0.0,9.184287e-06,-0.0013552799,-0.005201931,0.0031309682,0.0019234214,0.004260407,7.327141,1.0988095,-0.0010393595,0.07347661,0.0087880995,0.048203237,0.06366545,0.0,-0.012097346,0.00010529556,0.9998317,1
43,0.0,0.041659575,-7.872957e-06,0.0047521,-0.00015601149,0.0,-0.11614491,0.058212355,-0.0011322234,0.0,0.0,0.0010239165,0.0,9.184287e-06,-0.0012104913,-0.0031050718,-0.0102176275,0.002141957,0.0040702503,7.327141,1.1210394,-0.0008626504,0.057054207,0.009081091,0.042002473,0.054499164,0.0,-0.012097346,0.0006000288,0.99981016,1
4816,0.0,-0.00051445793,-0.0009960865,-0.0002815292,0.00065805775,0.0,0.01669999,-0.18698701,-0.0018558584,0.0,0.0,-0.0037178374,0.0,-2.8564878e-05,-0.0011662955,-0.0071901716,0.0017995549,-0.035677254,-0.016836232,-7.3221984,-0.025204886,-0.018347135,-0.083983436,0.005858258,0.019389668,-0.4893708,0.0,-0.046770558,7.429773e-05,0.00027302108,0
2586,0.0,-0.03463714,-0.00012407714,-0.004738998,-0.00015601149,0.0,-0.17402297,-0.06472321,-0.0022503166,0.0,0.0,-0.002847748,0.0,5.1797448e-05,0.00041887138,-0.0024656146,0.0035715234,0.0050897854,-0.005755935,-7.3221984,-1.1848873,-0.00087475055,0.03416752,0.0036432461,0.02038621,0.039568607,0.0,0.021475663,0.0006000288,0.00016996395,0
2692,0.0,-0.00051445793,-0.00118233,-0.0002815292,0.00065805775,0.0,0.01693969,-0.14486468,-0.0018558584,0.0,0.0,0.0016632229,0.0,-2.8564878e-05,-0.00068783644,-0.0071901716,0.0034905178,-0.03268598,-0.01688243,-7.3221984,0.022387959,-0.024021834,-0.090126656,0.006027148,0.019389668,-0.4918723,0.0,-0.045853134,7.429773e-05,0.00029783946,0
3029,0.0,-0.0064401845,0.0026192109,-0.0016200942,9.9453115e-05,0.0,-0.26242656,-0.1946373,-0.0047255643,0.0,0.0,-0.010093039,0.0,2.9388248e-05,-0.007981252,-0.0036502108,0.0020049675,0.014359227,-0.020311723,-7.3221984,0.08578996,-0.0016948798,0.046351124,0.00593805,-0.1826245,0.047614224,0.0,0.0633655,0.00028831692,0.00042670913,0
918,0.0,7.530598e-06,-0.00014658325,-0.0005896536,-0.00023700944,0.0,0.014152373,-0.09930417,-0.001258326,0.0,0.0,-0.002847748,0.0,2.9388248e-05,0.0022147645,-0.004527194,0.0016957566,0.0068669487,-0.008914052,7.327141,1.167008,-0.0010514597,0.05908428,0.0038343256,0.035357073,0.05118147,0.0,0.02176995,0.00010529556,0.99980897,1
3508,0.0,0.0017458147,-3.9255545e-05,-0.0018991849,0.00015108708,0.0,0.028424228,-0.10733428,-0.002257219,0.0,0.0,0.005140802,0.0,5.1797448e-05,-0.0033583867,-0.032614186,0.0014888974,-0.083407626,-0.0038967417,-7.3221984,0.108005896,-0.0025514322,-0.0924559,-0.043379255,-0.15135752,0.05426259,0.0,0.096034296,7.3399715e-05,0.00052039226,0
6620,0.0,-0.0015679173,-0.00016073283,-0.00047769997,-0.00023700944,0.0,0.018868914,-0.07417229,-0.0009888569,0.0,0.0,0.00080086174,0.0,9.184287e-06,-0.0013552798,-0.0060384963,0.0035715234,0.0036917557,-0.009809431,-7.3221984,-1.1880041,-0.0013185563,0.06428939,0.0039213663,0.04246702,0.057263386,0.0,-0.012939203,0.00010529556,0.00021745007,0
2567,0.0,-0.0016199781,-0.00015809629,-0.00041672445,-0.00023700944,0.0,0.016888587,0.07894554,-0.0016468267,0.0,0.0,0.0014633569,0.0,5.1797448e-05,0.00045802974,-0.0048112147,0.0031309682,0.0050598364,0.0038894205,-7.3221984,-1.2908326,-0.0009858627,0.063863546,0.010537393,0.041008208,0.061706375,0.0,0.020948576,0.00027148917,0.00024263086,0
5141,0.0,-0.008116911,-0.0001267137,-0.004627045,-0.00015601149,0.0,-0.09947273,-0.0846598,-0.004206905,0.0,0.0,-0.0018601599,0.0,-8.958757e-06,-0.0008189188,-0.004109032,-0.006216867,-0.001537163,-0.009902565,-7.3221984,-1.1113638,-0.001262718,-0.046169437,0.0033178676,0.028526556,0.03918186,0.0,-0.014002435,0.0006000288,0.0001736605,0
5059,0.0,-0.001055641,-0.00016073283,-0.0003047709,0.00015108708,0.0,0.012708809,0.20816936,-0.0012216184,0.0,0.0,0.0017337969,0.0,9.184287e-06,-0.00096370745,-0.0062759076,-0.009982177,-0.065892644,0.04319699,-7.3221984,0.205437,-0.011320369,-0.11545623,-0.08989625,0.051213942,0.08183079,0.0,-0.039076872,0.00027148917,0.0008511093,0
4351,0.0,0.0010481348,-0.00053401245,0.00017050037,0.00065805775,0.0,0.010348276,-0.015971966,-0.0016776624,0.0,0.0,0.0007591176,0.0,2.9283974e-05,-0.00068783644,-0.0035137408,-0.0035574257,-0.039315335,-0.0010428117,-7.3221984,-1.0397192,-0.008146112,-0.050122064,-0.030761352,0.015539112,-0.24551189,0.0,-0.014808236,-9.7579e-05,0.0001571492,0
5243,0.0,0.003923344,-0.0003413852,-0.0006070356,-0.00023700944,0.0,0.04244367,-0.16907549,-0.0011408445,0.0,0.0,0.0053891977,0.0,2.9388248e-05,0.004284531,0.028414177,0.0020049675,0.027202968,-0.0138219,-7.3221984,0.17162183,-0.0015998053,0.062418707,0.006761179,-0.15834703,0.063157596,0.0,0.06461616,7.3399715e-05,0.00075046666,0
2820,0.0,0.0019545103,-0.00016073283,-0.00031292049,-0.00023700944,0.0,0.02022591,0.07614312,-0.00070002285,0.0,0.0,0.0010239165,0.0,-8.958757e-06,0.0023794712,0.037713993,-0.006306867,-0.0033319744,0.0051617883,-7.3221984,-1.2095139,-0.0014722568,-0.052063633,0.0068068104,-0.10543157,0.046233892,0.0,-0.014709749,0.00014559591,0.00019786983,0
147,0.0,-0.0007908858,-4.1892097e-05,0.00029461138,-0.00023700944,0.0,0.022873884,0.042810585,-0.0037795648,0.0,0.0,0.003068859,0.0,-8.958757e-06,-0.00096370745,-0.0062759076,0.0043150047,0.00280842,0.0046523362,7.327141,0.20068404,-0.0020120821,-0.15866552,0.019270265,0.043055233,0.07854192,0.0,-0.04911572,-0.00013829004,0.9994573,1
121,0.0,-0.00030396672,-0.00016036953,0.0003450843,-0.00023700944,0.0,0.018854372,-0.2143664,0.011948302,0.0,0.0,0.001763003,0.0,1.9343477e-05,-0.0025503954,0.011752911,0.0024318732,-0.012514851,-0.014837157,7.327141,0.09825476,-0.0031384598,-0.13874425,0.007987315,0.031964008,0.07834795,0.0,-0.05219309,0.00010529556,0.9992101,1
1924,0.0,0.009720851,-7.872957e-06,0.0011776178,-0.00015601149,0.0,-0.06902073,0.11394451,-0.0013394107,0.0,0.0,0.0010239165,0.0,-8.958757e-06,-0.0010683672,0.003344432,0.006896274,-0.005832917,0.004273498,-7.3221984,-1.2063893,-0.0009066442,-0.05468889,0.006129198,0.042072628,0.054523457,0.0,-0.013605594,0.0038704774,0.00021658948,0
3409,0.0,-0.0015679173,-0.00016073283,0.0005664311,-0.00023700944,0.0,0.017852625,-0.07437328,-0.0009824242,0.0,0.0,0.00080086174,0.0,-8.958757e-06,-0.0013552798,-0.0059816344,0.0035715234,0.0017031156,-0.005918223,-7.3221984,-1.1902322,-0.001088157,0.06504642,0.0038419412,0.04236261,0.05751629,0.0,-0.013542198,0.00010529556,0.00021745007,0
4770,0.0,-0.0008270911,-0.00016036953,-0.00047769997,0.00015108708,0.0,0.014104667,-0.038028758,0.010339411,0.0,0.0,0.0010239165,0.0,1.9343477e-05,-0.00096370745,-0.005838116,0.0023479543,-0.016354982,0.007132039,-7.3221984,-1.1733664,-0.0010904722,-0.08275016,0.005655689,0.032844238,0.047623064,0.0,-0.01521687,0.00010529556,0.00019448316,0
1497,0.0,-0.0016199781,-0.00015809629,-0.00041672445,-0.00023700944,0.0,0.017021626,0.093531124,-0.0012879567,0.0,0.0,0.0014633569,0.0,5.1797448e-05,-0.0013552799,-0.0050396365,0.003769144,0.0022498746,0.0062410096,7.327141,1.0705763,-0.0009858627,0.05014115,0.009048165,0.04594108,0.06216318,0.0,0.020037657,0.00027148917,0.9998317,1
6505,0.0,-0.0038628085,-0.0007061977,-0.00054181844,-0.00046696758,0.0,-0.06372139,-0.065261796,-0.0022504567,0.0,0.0,0.0006874662,0.0,2.9283974e-05,-0.001085658,-0.0030349216,0.0011986545,-0.01988562,-0.007125504,-7.3221984,-0.99182993,-0.004647235,-0.035371035,-0.018632237,0.014753162,-0.22221096,0.0,-0.01608945,-0.00038649963,0.00015503795,0
5330,0.0,-0.034580093,-0.00011382133,-0.0045972364,-0.00015601149,0.0,-0.24990728,-0.017187636,-0.0034881923,0.0,0.0,0.003068859,0.0,6.8798495e-06,0.0004863352,0.00362596,-0.016476713,0.018930193,-0.007057613,-7.3221984,0.22085384,-0.0019240044,0.06708487,0.016070437,0.04390636,0.0716987,0.0,-0.037037335,0.0006000288,0.0007044217,0
5402,0.0,-0.0010918463,-0.00016073283,-0.0003047709,-0.00023700944,0.0,0.010823012,0.10877172,-0.001149266,0.0,0.0,0.0007913144,0.0,9.184287e-06,-0.00096370745,-0.005838116,0.006424109,-0.037932955,0.022042872,-7.3221984,-1.1873064,0.0014670643,-0.07840416,-0.030304665,0.039049894,0.053991813,0.0,-0.013421044,-0.00035656057,0.0002148529,0
6862,0.0,0.0042872997,-5.5297132e-05,0.001352457,-0.00046696758,0.0,-0.054882236,-0.011388539,0.007634283,0.0,0.0,-0.0026308764,0.0,-0.00010330361,0.00019946042,-0.0026081929,-0.004446022,-0.006740675,0.004447279,-7.3221984,-1.0746762,-0.0051339883,-0.041052554,0.004289521,0.0162399,-0.2503663,0.0,-0.017509753,-0.00038649963,0.00015604022,0
4420,0.0,0.009542179,-7.509647e-06,0.0047521,-0.00015601149,0.0,-0.07394783,-0.08004929,0.014368987,0.0,0.0,-0.0018601599,0.0,1.9343477e-05,-0.0008189188,-0.003883203,0.0023479543,-0.013481436,0.0065575386,-7.3221984,-1.1082472,-0.0010678499,-0.07572997,0.0032116764,0.034451444,0.04407036,0.0,-0.014102358,-0.00078804843,0.00018665507,0
2248,0.0,0.0016862463,-2.8999733e-05,5.678783e-05,0.00015108708,0.0,0.022263419,-0.016041815,-0.00060996535,0.0,0.0,0.0010239165,0.0,-6.7109086e-06,-0.00900827,0.03301895,-0.011786131,0.007895481,-0.009688355,-7.3221984,-1.2001166,-0.0012768778,0.039839763,0.005536313,-0.117830105,0.040769257,0.0,-0.014092015,7.3399715e-05,0.0001916947,0
1745,0.0,-0.0013359768,-0.00014658325,-0.0005896536,-0.00023700944,0.0,0.030248806,0.04792178,-0.0013812649,0.0,0.0,-0.01374721,0.0,2.9388248e-05,0.00045802974,-0.0049412074,-0.016476713,0.017466499,0.0024341266,7.327141,0.29390693,-0.0019676813,0.094198845,0.019543039,0.05274899,0.08881311,0.0,0.04769931,0.00010529556,0.99965537,1
149,0.0,-0.0008019072,-0.0001529242,-0.0005896536,0.00015108708,0.0,0.0140188355,0.034973904,0.011884629,0.0,0.0,-0.0035694623,0.0,0.00020286001,-0.00096370745,-0.005172291,0.002236116,-0.015607545,0.0027454922,7.327141,1.1374089,-0.0014355596,-0.09820488,0.009726943,0.031115098,0.04242362,0.0,0.024958793,0.00010529556,0.9997973,1
4701,0.0,-0.00043622233,-0.00053401245,0.0001944552,0.00065805775,0.0,0.011798535,-0.07332774,-0.0016516638,0.0,0.0,-0.0017611181,0.0,-2.8564878e-05,0.0004687383,0.0047723316,0.0013515862,-0.011293382,-0.011121102,-7.3221984,-1.0325075,-0.007833622,-0.049778327,0.0029442774,0.011661036,-0.26173824,0.0,-0.015271129,7.429773e-05,0.0001561398,0
6890,0.0,0.008528269,-0.0001267137,-0.0045972364,9.9453115e-05,0.0,-0.08972497,-0.1102123,-0.004206905,0.0,0.0,-0.0018601599,0.0,-8.958757e-06,0.0007325548,0.0044496013,0.0019839045,2.9346149e-05,-0.011727801,-7.3221984,-1.0990828,-0.0009726281,-0.078860626,0.0033126308,0.027771568,0.041339274,0.0,-0.014457339,0.0006000288,0.0001736605,0
972,0.0,-0.0015339924,-3.9255545e-05,0.0013065893,-0.00023700944,0.0,0.017366976,-0.03261975,-0.001677522,0.0,0.0,0.0014633569,0.0,5.1797448e-05,-0.0013552798,-0.004689833,0.0035715234,0.0019003518,-0.0059148427,7.327141,1.1061232,-0.0010285128,0.06001913,0.0059351567,0.03614634,0.05469471,0.0,0.02222274,0.00010529556,0.9998122,1
1454,0.0,-0.0009130769,-4.1528787e-05,0.00029461138,0.00015108708,0.0,0.0130257225,0.036569923,0.0101332655,0.0,0.0,0.0010239165,0.0,1.9343477e-05,0.0003097051,-0.0061894334,0.002236116,-0.016328387,0.0027543274,7.327141,1.164824,-0.001047822,-0.100581154,0.009469439,0.033901382,0.050523367,0.0,-0.014786627,0.00010529556,0.9997973,1
16,0.0,0.042526767,-7.872957e-06,0.0047521,-0.00015601149,0.0,-0.15928844,0.15668815,-0.0016876423,0.0,0.0,-0.008761319,0.0,9.184287e-06,-0.0012104913,-0.0032350644,0.004813495,0.021657601,0.008560594,7.327141,0.25473934,-0.0017145659,0.096088655,0.021411167,0.06183698,0.09055557,0.0,-0.02955147,0.0006000288,0.9996207,1
5091,0.0,-0.00043622233,-0.00118233,-0.0002575744,0.00065805775,0.0,0.011859274,-0.07219639,-0.0016516638,0.0,0.0,0.00076866493,0.0,-2.8564878e-05,0.0004687383,0.0049525425,-0.0030058692,-0.010757371,-0.0106877815,-7.3221984,-1.0329427,-0.005703857,-0.049364187,0.0029730662,0.011176504,-0.26242474,0.0,-0.015651528,7.429773e-05,0.0001561398,0
5005,0.0,-0.0031290955,-0.0001267137,-0.0014011011,-0.00015601149,0.0,-0.19820875,0.1411973,-0.0020406293,0.0,0.0,-0.008761319,0.0,9.184287e-06,-0.0029519554,0.009779279,0.0036832367,-0.0124373995,0.0032205726,-7.3221984,0.17167273,-0.0017227983,-0.08570244,0.018648172,-0.18437563,0.054459333,0.0,-0.044416133,-0.00037866138,0.00056711887,0
3074,0.0,0.002300142,-0.00015809629,-0.0005319134,-0.00023700944,0.0,0.030522447,0.15697882,-0.0014899883,0.0,0.0,0.0055616572,0.0,5.1797448e-05,0.0023794712,0.032597914,0.004718519,0.01474587,-0.00081107626,-7.3221984,0.24196827,-0.002330759,-0.08228264,0.024910778,-0.15883838,0.06872344,0.0,0.066240974,0.00014559591,0.0009808891,0
3721,0.0,-0.004283442,-0.0001267137,-0.0015807144,9.9453115e-05,0.0,-0.08537698,-0.07266725,-0.0018921229,0.0,0.0,0.000719663,0.0,9.184287e-06,-0.0024797018,-0.011963488,-0.002938446,-0.03224305,0.0016021463,-7.3221984,-1.0344957,-0.0016675864,-0.04431264,-0.021007262,-0.113852546,0.02658424,0.0,-0.019577961,0.00028831692,0.00015805553,0
4432,0.0,0.00898653,-7.872957e-06,0.0047521,9.9453115e-05,0.0,-0.11861366,0.12705377,-0.0043618437,0.0,0.0,0.003068859,0.0,9.184287e-06,-0.0008189188,-0.0036755176,0.0042031663,-0.0042298315,0.004472839,-7.3221984,0.17687201,-0.0026096965,-0.12969133,0.022576766,0.049015786,0.07532654,0.0,-0.04544635,0.0006000288,0.000773623,0
389,0.0,0.0021233633,-0.0003413852,-0.0006070356,0.00015108708,0.0,0.02514453,-0.079432316,-0.0009366498,0.0,0.0,-0.002847748,0.0,2.9388248e-05,0.004284531,0.027674405,0.0015569988,0.014802138,-0.0033020384,7.327141,1.1890002,-0.00079812354,0.037997372,0.0036024211,-0.09934651,0.03709795,0.0,0.025472114,7.3399715e-05,0.99979645,1
2644,0.0,-0.034329545,-0.00011382133,-0.0045972364,-0.00015601149,0.0,-0.2595389,-0.16251501,-0.004818689,0.0,0.0,0.001763003,0.0,6.8798495e-06,0.0004863352,0.004564353,0.00525405,0.023962663,-0.02233564,-7.3221984,0.16742826,-0.0020583116,0.07169811,0.0076306434,0.04415999,0.073107876,0.0,-0.033716876,0.0006000288,0.0005783491,0
4651,0.0,-0.00041134984,-4.1892097e-05,-0.0004520395,0.00015108708,0.0,0.028981142,-0.15474445,-0.0015460384,0.0,0.0,0.001763003,0.0,9.184287e-06,0.0006756522,-0.04457702,0.003795075,-0.009596374,-0.018267933,-7.3221984,0.08752027,-0.0028794566,-0.1181508,0.0062238984,-0.17609134,0.059154443,0.0,-0.054956183,-9.63996e-05,0.00044155208,0
980,0.0,-0.0009130769,-0.00016073283,0.0001114531,-0.00023700944,0.0,0.009706814,0.06470328,-0.0036098477,0.0,0.0,0.0010239165,0.0,9.184287e-06,-0.00096370745,-0.005838116,0.0025206394,0.004082444,0.004338469,7.327141,1.1400876,-0.0014722568,-0.09524996,0.009749313,0.03550045,0.05245315,0.0,-0.013968582,-0.00035656057,0.9998005,1
6728,0.0,0.030118922,-7.872957e-06,0.0010707123,9.9453115e-05,0.0,-0.079148635,-0.06221966,-0.0018856903,0.0,0.0,0.00080086174,0.0,-8.958757e-06,0.00043801017,-0.0006442317,-0.00568658,0.0022534593,-0.010281764,-7.3221984,-1.0785192,-0.0010865817,-0.05507616,0.0028550695,-0.108591,0.032553785,0.0,-0.014743743,0.00028831692,0.00017014929,0
6460,0.0,-0.0013315498,-0.00014784047,0.0006159056,0.00015108708,0.0,0.020220073,-0.10019009,-0.0009575545,0.0,0.0,0.00080086174,0.0,6.8798495e-06,0.0023621889,0.0060094493,0.0016957566,0.006511677,-0.008340791,-7.3221984,-1.1747919,-0.001088157,0.05997128,0.0038419412,0.02570528,0.0525952,0.0,-0.013205896,0.00010529556,0.00021370429,0
4718,0.0,0.0021233633,-2.7742506e-05,-0.00016220505,0.00015108708,0.0,0.023655897,-0.079831555,-0.0009366498,0.0,0.0,-0.002847748,0.0,2.9388248e-05,0.004284531,0.024287257,0.0015569988,0.008139173,-0.012945041,-7.3221984,-1.173391,-0.0010514597,0.03838257,0.0036024211,-0.10575746,0.04145762,0.0,0.02623775,7.3399715e-05,0.00019658636,0
2118,0.0,-0.0018148395,-0.00050632225,0.00045035186,-0.0010322913,0.0,0.011259515,-0.07252408,-0.009910095,0.0,0.0,-0.0023403335,0.0,-0.00034205965,0.0004687383,0.0042465907,0.0013515862,-0.009104168,-0.0071890834,-7.3221984,-1.0733513,-0.0051540295,-0.047775507,0.0029893883,0.010473133,-0.2507711,0.0,0.03933066,7.429773e-05,0.00015964241,0
758,0.0,-0.0016199781,-0.00015809629,0.0018223801,-0.00023700944,0.0,0.017269213,0.093531124,-0.0012879567,0.0,0.0,0.0014633569,0.0,5.1797448e-05,-0.0013552799,-0.0044310004,0.003769144,0.0022498746,0.0062410096,7.327141,1.0705763,-0.0009858627,0.05014115,0.009048165,0.042681906,0.062327027,0.0,0.020037657,0.00027148917,0.9998317,1
6587,0.0,-0.009463223,-0.00082858163,-0.0013559901,-0.0032634886,0.0,-0.1226627,-0.06870689,-0.001315815,0.0,0.0,-0.0017611181,0.0,-1.7066921e-05,0.00078705035,0.0029691502,0.0012288322,0.048153233,0.0035710502,-7.3221984,-1.058978,-0.002683204,0.026360687,0.002873584,0.013977748,-0.2005155,0.0,-0.012389215,0.000294285,0.00016408387,0
6576,0.0,-0.0012444912,-0.00015809629,-0.0005896536,-0.00023700944,0.0,0.018868914,-0.10329561,-0.0017000374,0.0,0.0,0.0013982162,0.0,5.1797448e-05,-0.005993004,-0.0052591464,0.0016957566,0.0011184802,-0.009202579,-7.3221984,-1.2042142,-0.0010701914,0.05582584,0.0038870526,0.038591474,0.05285274,0.0,0.023651736,0.00010529556,0.00021042732,0
4986,0.0,-0.0016949426,-0.00016073283,-0.0003047709,0.00015108708,0.0,0.022713626,0.18512344,-0.00064912846,0.0,0.0,0.003068859,0.0,9.184287e-06,-0.0013552799,-0.0058354544,0.005451671,0.017361797,0.008004207,-7.3221984,0.29291904,-0.001827664,0.090997726,0.027452197,0.06359693,0.10081048,0.0,-0.0326942,-0.00035656057,0.0014160696,0
3148,0.0,0.0019748576,-4.1892097e-05,0.0001114531,0.00015108708,0.0,0.009470979,0.10439301,-0.001149266,0.0,0.0,0.0007913144,0.0,9.184287e-06,-0.00096370745,-0.0053345854,-0.008724368,-0.03715285,0.017214354,-7.3221984,-1.1863827,0.0014315329,-0.083645165,-0.028063275,0.038083952,0.05250604,0.0,-0.013321512,-0.00035656057,0.00020957054,0
5612,0.0,0.0067764246,-5.7880156e-05,0.001352457,-0.00046696758,0.0,-0.053520538,0.036144342,-0.0018435442,0.0,0.0,0.0007591176,0.0,2.9283974e-05,-0.00060719904,-0.0025186557,-0.0031545453,-0.02926053,0.0005429324,-7.3221984,-1.047265,-0.0051386408,-0.045571487,-0.0344334,0.016073091,-0.2436484,0.0,-0.01375297,-0.00038649963,0.0001582475,0
375,0.0,-0.0014947804,-0.00016073283,-0.00042722706,0.00015108708,0.0,0.020536166,0.06945943,-0.0009356461,0.0,0.0,0.0010239165,0.0,9.184287e-06,-0.0019003835,0.0055409446,0.0031309682,0.003895658,0.0029754648,7.327141,1.1000773,-0.0010038281,0.072939225,0.010408721,0.03545269,0.063923225,0.0,-0.012300355,0.00010529556,0.9998317,1
5386,0.0,-0.00051445793,-0.0011797468,-0.0002815292,0.00065805775,0.0,0.012517067,-0.15248644,0.0065487195,0.0,0.0,0.0016632229,0.0,0.00010590417,0.000221269,-0.0073480066,-0.0049345624,-0.06633676,-0.018339958,-7.3221984,-0.04817118,-0.023843816,-0.087716445,0.0059587057,0.02029185,-0.47966903,0.0,-0.05103925,7.429773e-05,0.00026778365,0
1985,0.0,-0.0008234756,-0.00050632225,0.00017435808,0.00065805775,0.0,0.011039648,-0.070202015,-0.009910095,0.0,0.0,-0.0023403335,0.0,-0.00034205965,0.0004687383,0.004164097,-0.0030058692,-0.009188132,-0.010254411,-7.3221984,-1.0730261,-0.005656491,-0.048128065,0.002864559,0.011264733,-0.24770468,0.0,0.039208457,7.429773e-05,0.00015964241,0
5343,0.0,-0.0037422306,-0.0007061977,-0.0013725678,-0.00046696758,0.0,-0.1005097,-0.18334031,-0.005561312,0.0,0.0,-0.0037178374,0.0,2.9283974e-05,-0.001085658,-0.0060963933,0.0017995549,-0.02211066,-0.01383275,-7.3221984,-0.05094105,-0.019325284,-0.06191472,0.005090019,0.020140419,-0.4332569,0.0,-0.04681907,0.000294285,0.000258932,0
4598,0.0,-0.0038363861,-3.0190044e-05,0.0018505602,-0.00046696758,0.0,-0.094247684,-0.09563908,-0.015654331,0.0,0.0,0.0033788804,0.0,0.00035067066,-0.0006071989,-0.005589636,-0.0048152343,-0.05434707,-0.0043599033,-7.3221984,-0.020302799,-0.01990285,-0.060778946,-0.037574686,0.01830012,-0.36580738,0.0,0.10993842,0.000294285,0.0003417523,0
5660,0.0,-9.6647374e-05,-0.0001267137,0.0012503255,-0.00015601149,0.0,-0.21725039,-0.19995227,-0.0051965457,0.0,0.0,-0.004044593,0.0,-8.958757e-06,0.001241975,0.0161533,0.0019119435,0.014857268,-0.020259108,-7.3221984,0.019497301,-0.0027663587,-0.08578424,0.005507177,-0.19619027,0.04977783,0.0,-0.046046805,-0.00037866138,0.00033558646,0
5150,0.0,-0.004086678,-0.0007061977,-0.0013725678,0.0002976792,0.0,-0.09684661,-0.091840416,-0.005561312,0.0,0.0,0.0014148275,0.0,2.9283974e-05,-0.0006071989,-0.0060963933,0.0019588456,-0.07160897,-0.0025374624,-7.3221984,-0.053716995,-0.02135391,-0.07027502,-0.036805533,0.01980847,-0.39491522,0.0,-0.04061877,0.000294285,0.00027283063,0
4708,0.0,-0.0024213265,-4.1892097e-05,0.0001114531,0.00015108708,0.0,0.008508394,0.050953425,-0.0036098477,0.0,0.0,0.0007913144,0.0,9.184287e-06,-0.00096370745,-0.005838116,-0.0042615733,-0.019974539,-0.0055690086,-7.3221984,-1.1505721,-0.0006644827,-0.09242635,-0.056237012,0.035279382,0.048380252,0.0,-0.013421044,0.00027148917,0.00019490809,0
5381,0.0,-0.0006350356,-0.00118233,-0.0002815292,-0.0010322913,0.0,0.011065153,-0.058155466,-0.0017001778,0.0,0.0,0.0006874662,0.0,2.9283974e-05,-0.0011662955,-0.0042713173,-0.002553733,-0.03351427,0.0018554666,-7.3221984,-1.0063536,-0.007961453,-0.04950876,-0.019638289,0.0154952165,-0.25207776,0.0,-0.01608945,7.429773e-05,0.0001571492,0
6000,0.0,-0.0037689127,-0.0005199542,-0.0013725678,-0.00046696758,0.0,-0.06561068,-0.076972544,-0.0022019427,0.0,0.0,-0.0017611181,0.0,-2.8564878e-05,-0.001085658,-0.0032539677,0.0013515862,-0.007018789,-0.0076943794,-7.3221984,-1.0059865,-0.0043388885,-0.035429243,0.002753198,0.015083689,-0.22660999,0.0,-0.015804138,0.000294285,0.00015503795,0
